match_key,kickoff_utc,event,best_of,team1,team2,source,market,prob_team1,captured_utc,lead_hours,liquidity,result,team1_score,team2_score,graded_utc
LEC/2026 Season/Summer Season_Week 6_3,2026-08-29 15:00:00+00:00,LEC/2026 Season/Summer Season,3,Karmine Corp,SK Gaming,lolcast,series,0.9301,2026-08-29 13:10:57.275018+00:00,1.82,,1.0,,,2026-08-29 23:57:35.302382+00:00
LEC/2026 Season/Summer Season_Week 6_3,2026-08-29 15:00:00+00:00,LEC/2026 Season/Summer Season,3,Karmine Corp,SK Gaming,elo,series,0.9342,2026-08-29 13:10:57.275018+00:00,1.82,,1.0,,,2026-08-29 23:57:35.302382+00:00
LEC/2026 Season/Summer Season_Week 6_3,2026-08-29 15:00:00+00:00,LEC/2026 Season/Summer Season,3,Karmine Corp,SK Gaming,polymarket,series,0.785,2026-08-29 13:10:57.275018+00:00,1.82,28268.6604,1.0,,,2026-08-29 23:57:35.302382+00:00
CBLOL/2026 Season/Split 2_Week 6_1,2026-08-29 16:00:00+00:00,CBLOL/2026 Season/Split 2,3,LOUD,RED Canids,lolcast,series,0.738,2026-08-29 13:10:57.275018+00:00,2.82,,1.0,,,2026-08-29 23:57:35.302382+00:00
CBLOL/2026 Season/Split 2_Week 6_1,2026-08-29 16:00:00+00:00,CBLOL/2026 Season/Split 2,3,LOUD,RED Canids,elo,series,0.7191,2026-08-29 13:10:57.275018+00:00,2.82,,1.0,,,2026-08-29 23:57:35.302382+00:00
CBLOL/2026 Season/Split 2_Week 6_1,2026-08-29 16:00:00+00:00,CBLOL/2026 Season/Split 2,3,LOUD,RED Canids,polymarket,series,0.665,2026-08-29 13:10:57.275018+00:00,2.82,19190.2801,1.0,,,2026-08-29 23:57:35.302382+00:00
LEC/2026 Season/Summer Season_Week 6_4,2026-08-29 17:15:00+00:00,LEC/2026 Season/Summer Season,3,Natus Vincere,GIANTX,lolcast,series,0.4283,2026-08-29 13:10:57.275018+00:00,4.07,,1.0,,,2026-08-29 23:57:35.302382+00:00
LEC/2026 Season/Summer Season_Week 6_4,2026-08-29 17:15:00+00:00,LEC/2026 Season/Summer Season,3,Natus Vincere,GIANTX,elo,series,0.4871,2026-08-29 13:10:57.275018+00:00,4.07,,1.0,,,2026-08-29 23:57:35.302382+00:00
LEC/2026 Season/Summer Season_Week 6_4,2026-08-29 17:15:00+00:00,LEC/2026 Season/Summer Season,3,Natus Vincere,GIANTX,polymarket,series,0.535,2026-08-29 13:10:57.275018+00:00,4.07,48199.4807,1.0,,,2026-08-29 23:57:35.302382+00:00
CBLOL/2026 Season/Split 2_Week 6_2,2026-08-29 18:00:00+00:00,CBLOL/2026 Season/Split 2,3,Fluxo W7M,LØS,lolcast,series,0.1637,2026-08-29 13:10:57.275018+00:00,4.82,,0.0,,,2026-08-29 23:57:35.302382+00:00
CBLOL/2026 Season/Split 2_Week 6_2,2026-08-29 18:00:00+00:00,CBLOL/2026 Season/Split 2,3,Fluxo W7M,LØS,elo,series,0.2,2026-08-29 13:10:57.275018+00:00,4.82,,0.0,,,2026-08-29 23:57:35.302382+00:00
LCS/2026 Season/Summer Season_Week 6_1,2026-08-29 20:00:00+00:00,LCS/2026 Season/Summer Season,3,Shopify Rebellion,Team Liquid,lolcast,series,0.1637,2026-08-29 13:10:57.275018+00:00,6.82,,0.0,,,2026-08-29 23:57:35.302382+00:00
LCS/2026 Season/Summer Season_Week 6_1,2026-08-29 20:00:00+00:00,LCS/2026 Season/Summer Season,3,Shopify Rebellion,Team Liquid,elo,series,0.1988,2026-08-29 13:10:57.275018+00:00,6.82,,0.0,,,2026-08-29 23:57:35.302382+00:00
LCS/2026 Season/Summer Season_Week 6_1,2026-08-29 20:00:00+00:00,LCS/2026 Season/Summer Season,3,Shopify Rebellion,Team Liquid,polymarket,series,0.195,2026-08-29 13:10:57.275018+00:00,6.82,20432.5067,0.0,,,2026-08-29 23:57:35.302382+00:00
LCS/2026 Season/Summer Season_Week 6_2,2026-08-29 23:00:00+00:00,LCS/2026 Season/Summer Season,3,Cloud9,LYON (2024 American Team),lolcast,series,0.3662,2026-08-29 13:10:57.275018+00:00,9.82,,0.0,0.0,2.0,2026-08-30 02:44:38.958292+00:00
LCS/2026 Season/Summer Season_Week 6_2,2026-08-29 23:00:00+00:00,LCS/2026 Season/Summer Season,3,Cloud9,LYON (2024 American Team),elo,series,0.3799,2026-08-29 13:10:57.275018+00:00,9.82,,0.0,0.0,2.0,2026-08-30 02:44:38.958292+00:00
LCS/2026 Season/Summer Season_Week 6_2,2026-08-29 23:00:00+00:00,LCS/2026 Season/Summer Season,3,Cloud9,LYON (2024 American Team),polymarket,series,0.405,2026-08-29 13:10:57.275018+00:00,9.82,14216.3565,0.0,0.0,2.0,2026-08-30 02:44:38.958292+00:00
LCP/2026 Season/Split 3_Finals_1,2026-08-30 08:00:00+00:00,LCP/2026 Season/Split 3,5,Team Secret Whales,CTBC Flying Oyster,lolcast,series,0.809,2026-08-29 13:10:57.275018+00:00,18.82,,1.0,3.0,0.0,2026-08-31 02:41:34.615704+00:00
LCP/2026 Season/Split 3_Finals_1,2026-08-30 08:00:00+00:00,LCP/2026 Season/Split 3,5,Team Secret Whales,CTBC Flying Oyster,elo,series,0.8138,2026-08-29 13:10:57.275018+00:00,18.82,,1.0,3.0,0.0,2026-08-31 02:41:34.615704+00:00
LCK/2026 Season/Season Playoffs_Round 1_2,2026-08-30 08:00:00+00:00,LCK/2026 Season/Season Playoffs,5,Dplus Kia,KT Rolster,lolcast,series,0.7871,2026-08-29 13:10:57.275018+00:00,18.82,,0.0,0.0,3.0,2026-08-31 02:41:34.615704+00:00
LCK/2026 Season/Season Playoffs_Round 1_2,2026-08-30 08:00:00+00:00,LCK/2026 Season/Season Playoffs,5,Dplus Kia,KT Rolster,elo,series,0.789,2026-08-29 13:10:57.275018+00:00,18.82,,0.0,0.0,3.0,2026-08-31 02:41:34.615704+00:00
LCK/2026 Season/Season Playoffs_Round 1_2,2026-08-30 08:00:00+00:00,LCK/2026 Season/Season Playoffs,5,Dplus Kia,KT Rolster,polymarket,series,0.665,2026-08-29 13:10:57.275018+00:00,18.82,26728.9026,0.0,0.0,3.0,2026-08-31 02:41:34.615704+00:00
LPL/2026 Season/Grand Finals_Round 1_2,2026-08-30 09:00:00+00:00,LPL/2026 Season/Grand Finals,5,JD Gaming,Team WE,lolcast,series,0.7871,2026-08-29 13:10:57.275018+00:00,19.82,,0.0,1.0,3.0,2026-08-31 02:41:34.615704+00:00
LPL/2026 Season/Grand Finals_Round 1_2,2026-08-30 09:00:00+00:00,LPL/2026 Season/Grand Finals,5,JD Gaming,Team WE,elo,series,0.7058,2026-08-29 13:10:57.275018+00:00,19.82,,0.0,1.0,3.0,2026-08-31 02:41:34.615704+00:00
LPL/2026 Season/Grand Finals_Round 1_2,2026-08-30 09:00:00+00:00,LPL/2026 Season/Grand Finals,5,JD Gaming,Team WE,polymarket,series,0.63,2026-08-29 13:10:57.275018+00:00,19.82,23019.85,0.0,1.0,3.0,2026-08-31 02:41:34.615704+00:00
LEC/2026 Season/Summer Season_Week 6_5,2026-08-30 12:00:00+00:00,LEC/2026 Season/Summer Season,3,Shifters,Team Vitality,lolcast,series,0.2256,2026-08-29 13:10:57.275018+00:00,22.82,,0.0,0.0,2.0,2026-08-31 02:41:34.615704+00:00
LEC/2026 Season/Summer Season_Week 6_5,2026-08-30 12:00:00+00:00,LEC/2026 Season/Summer Season,3,Shifters,Team Vitality,elo,series,0.2545,2026-08-29 13:10:57.275018+00:00,22.82,,0.0,0.0,2.0,2026-08-31 02:41:34.615704+00:00
LEC/2026 Season/Summer Season_Week 6_5,2026-08-30 12:00:00+00:00,LEC/2026 Season/Summer Season,3,Shifters,Team Vitality,polymarket,series,0.245,2026-08-29 13:10:57.275018+00:00,22.82,2800.1914,0.0,0.0,2.0,2026-08-31 02:41:34.615704+00:00
LEC/2026 Season/Summer Season_Week 6_6,2026-08-30 14:15:00+00:00,LEC/2026 Season/Summer Season,3,Movistar KOI,Team Heretics,lolcast,series,0.8632,2026-08-29 13:10:57.275018+00:00,25.07,,1.0,2.0,0.0,2026-08-31 02:41:34.615704+00:00
LEC/2026 Season/Summer Season_Week 6_6,2026-08-30 14:15:00+00:00,LEC/2026 Season/Summer Season,3,Movistar KOI,Team Heretics,elo,series,0.8282,2026-08-29 13:10:57.275018+00:00,25.07,,1.0,2.0,0.0,2026-08-31 02:41:34.615704+00:00
LEC/2026 Season/Summer Season_Week 6_6,2026-08-30 14:15:00+00:00,LEC/2026 Season/Summer Season,3,Movistar KOI,Team Heretics,polymarket,series,0.67,2026-08-29 13:10:57.275018+00:00,25.07,1401.8245,1.0,2.0,0.0,2026-08-31 02:41:34.615704+00:00
CBLOL/2026 Season/Split 2_Week 6_3,2026-08-30 16:00:00+00:00,CBLOL/2026 Season/Split 2,3,paiN Gaming,Vivo Keyd Stars,lolcast,series,0.3954,2026-08-29 13:10:57.275018+00:00,26.82,,0.0,1.0,2.0,2026-08-31 02:41:34.615704+00:00
CBLOL/2026 Season/Split 2_Week 6_3,2026-08-30 16:00:00+00:00,CBLOL/2026 Season/Split 2,3,paiN Gaming,Vivo Keyd Stars,elo,series,0.4142,2026-08-29 13:10:57.275018+00:00,26.82,,0.0,1.0,2.0,2026-08-31 02:41:34.615704+00:00
CBLOL/2026 Season/Split 2_Week 6_3,2026-08-30 16:00:00+00:00,CBLOL/2026 Season/Split 2,3,paiN Gaming,Vivo Keyd Stars,polymarket,series,0.385,2026-08-29 13:10:57.275018+00:00,26.82,1360.0888,0.0,1.0,2.0,2026-08-31 02:41:34.615704+00:00
LEC/2026 Season/Summer Season_Week 6_7,2026-08-30 16:30:00+00:00,LEC/2026 Season/Summer Season,3,Fnatic,GIANTX,lolcast,series,0.4283,2026-08-29 13:10:57.275018+00:00,27.32,,0.0,1.0,2.0,2026-08-31 02:41:34.615704+00:00
LEC/2026 Season/Summer Season_Week 6_7,2026-08-30 16:30:00+00:00,LEC/2026 Season/Summer Season,3,Fnatic,GIANTX,elo,series,0.4571,2026-08-29 13:10:57.275018+00:00,27.32,,0.0,1.0,2.0,2026-08-31 02:41:34.615704+00:00
LEC/2026 Season/Summer Season_Week 6_7,2026-08-30 16:30:00+00:00,LEC/2026 Season/Summer Season,3,Fnatic,GIANTX,polymarket,series,0.5,2026-08-29 13:10:57.275018+00:00,27.32,1581.3368,0.0,1.0,2.0,2026-08-31 02:41:34.615704+00:00
CBLOL/2026 Season/Split 2_Week 6_4,2026-08-30 18:00:00+00:00,CBLOL/2026 Season/Split 2,3,FURIA,Leviatan,lolcast,series,0.9301,2026-08-29 13:10:57.275018+00:00,28.82,,1.0,2.0,0.0,2026-08-31 02:41:34.615704+00:00
CBLOL/2026 Season/Split 2_Week 6_4,2026-08-30 18:00:00+00:00,CBLOL/2026 Season/Split 2,3,FURIA,Leviatan,elo,series,0.9232,2026-08-29 13:10:57.275018+00:00,28.82,,1.0,2.0,0.0,2026-08-31 02:41:34.615704+00:00
CBLOL/2026 Season/Split 2_Week 6_4,2026-08-30 18:00:00+00:00,CBLOL/2026 Season/Split 2,3,FURIA,Leviatan,polymarket,series,0.855,2026-08-29 13:10:57.275018+00:00,28.82,1239.6144,1.0,2.0,0.0,2026-08-31 02:41:34.615704+00:00
LCS/2026 Season/Summer Season_Week 6_3,2026-08-30 20:00:00+00:00,LCS/2026 Season/Summer Season,3,LYON (2024 American Team),Team Liquid,lolcast,series,0.6316,2026-08-29 13:10:57.275018+00:00,30.82,,1.0,2.0,0.0,2026-08-31 02:41:34.615704+00:00
LCS/2026 Season/Summer Season_Week 6_3,2026-08-30 20:00:00+00:00,LCS/2026 Season/Summer Season,3,LYON (2024 American Team),Team Liquid,elo,series,0.6129,2026-08-29 13:10:57.275018+00:00,30.82,,1.0,2.0,0.0,2026-08-31 02:41:34.615704+00:00
LCS/2026 Season/Summer Season_Week 6_3,2026-08-30 20:00:00+00:00,LCS/2026 Season/Summer Season,3,LYON (2024 American Team),Team Liquid,polymarket,series,0.515,2026-08-29 13:10:57.275018+00:00,30.82,5211.1701,1.0,2.0,0.0,2026-08-31 02:41:34.615704+00:00
LCS/2026 Season/Summer Season_Week 6_4,2026-08-30 23:00:00+00:00,LCS/2026 Season/Summer Season,3,Cloud9,Shopify Rebellion,lolcast,series,0.8301,2026-08-29 13:10:57.275018+00:00,33.82,,1.0,2.0,1.0,2026-08-31 02:41:34.615704+00:00
LCS/2026 Season/Summer Season_Week 6_4,2026-08-30 23:00:00+00:00,LCS/2026 Season/Summer Season,3,Cloud9,Shopify Rebellion,elo,series,0.7961,2026-08-29 13:10:57.275018+00:00,33.82,,1.0,2.0,1.0,2026-08-31 02:41:34.615704+00:00
LCS/2026 Season/Summer Season_Week 6_4,2026-08-30 23:00:00+00:00,LCS/2026 Season/Summer Season,3,Cloud9,Shopify Rebellion,polymarket,series,0.72,2026-08-29 13:10:57.275018+00:00,33.82,816.4093,1.0,2.0,1.0,2026-08-31 02:41:34.615704+00:00
North American Challengers League/2026 Season/Summer Playoffs_Round 2_3,2026-09-02 21:00:00+00:00,North American Challengers League/2026 Season/Summer Playoffs,5,NRG,Conviction,lolcast,series,0.509,2026-08-29 13:10:57.275018+00:00,103.82,,1.0,3.0,2.0,2026-09-04 10:07:05.615757+00:00
North American Challengers League/2026 Season/Summer Playoffs_Round 2_3,2026-09-02 21:00:00+00:00,North American Challengers League/2026 Season/Summer Playoffs,5,NRG,Conviction,elo,series,0.4006,2026-08-29 13:10:57.275018+00:00,103.82,,1.0,3.0,2.0,2026-09-04 10:07:05.615757+00:00
LCP/2026 Season/Split 3_Finals_1,2026-08-30 08:00:00+00:00,LCP/2026 Season/Split 3,5,Team Secret Whales,CTBC Flying Oyster,lolcast,series,0.7628,2026-08-29 23:57:36.706495+00:00,8.04,,1.0,3.0,0.0,2026-08-31 02:41:34.615704+00:00
LCP/2026 Season/Split 3_Finals_1,2026-08-30 08:00:00+00:00,LCP/2026 Season/Split 3,5,Team Secret Whales,CTBC Flying Oyster,elo,series,0.7599,2026-08-29 23:57:36.706495+00:00,8.04,,1.0,3.0,0.0,2026-08-31 02:41:34.615704+00:00
LCP/2026 Season/Split 3_Finals_1,2026-08-30 08:00:00+00:00,LCP/2026 Season/Split 3,5,Team Secret Whales,CTBC Flying Oyster,polymarket,series,0.71,2026-08-29 23:57:36.706495+00:00,8.04,7947.2089,1.0,3.0,0.0,2026-08-31 02:41:34.615704+00:00
LCP/2026 Season/Split 3_Finals_1,2026-08-30 08:00:00+00:00,LCP/2026 Season/Split 3,5,Team Secret Whales,CTBC Flying Oyster,lolcast,sweep_team1,0.2558,2026-08-29 23:57:36.706495+00:00,8.04,,1.0,3.0,0.0,2026-08-31 02:41:34.615704+00:00
LCP/2026 Season/Split 3_Finals_1,2026-08-30 08:00:00+00:00,LCP/2026 Season/Split 3,5,Team Secret Whales,CTBC Flying Oyster,elo,sweep_team1,0.2617,2026-08-29 23:57:36.706495+00:00,8.04,,1.0,3.0,0.0,2026-08-31 02:41:34.615704+00:00
LCP/2026 Season/Split 3_Finals_1,2026-08-30 08:00:00+00:00,LCP/2026 Season/Split 3,5,Team Secret Whales,CTBC Flying Oyster,lolcast,sweep_team2,0.0385,2026-08-29 23:57:36.706495+00:00,8.04,,0.0,3.0,0.0,2026-08-31 02:41:34.615704+00:00
LCP/2026 Season/Split 3_Finals_1,2026-08-30 08:00:00+00:00,LCP/2026 Season/Split 3,5,Team Secret Whales,CTBC Flying Oyster,elo,sweep_team2,0.0415,2026-08-29 23:57:36.706495+00:00,8.04,,0.0,3.0,0.0,2026-08-31 02:41:34.615704+00:00
LCK/2026 Season/Season Playoffs_Round 1_2,2026-08-30 08:00:00+00:00,LCK/2026 Season/Season Playoffs,5,Dplus Kia,KT Rolster,lolcast,series,0.7309,2026-08-29 23:57:36.706495+00:00,8.04,,0.0,0.0,3.0,2026-08-31 02:41:34.615704+00:00
LCK/2026 Season/Season Playoffs_Round 1_2,2026-08-30 08:00:00+00:00,LCK/2026 Season/Season Playoffs,5,Dplus Kia,KT Rolster,elo,series,0.7311,2026-08-29 23:57:36.706495+00:00,8.04,,0.0,0.0,3.0,2026-08-31 02:41:34.615704+00:00
LCK/2026 Season/Season Playoffs_Round 1_2,2026-08-30 08:00:00+00:00,LCK/2026 Season/Season Playoffs,5,Dplus Kia,KT Rolster,polymarket,series,0.665,2026-08-29 23:57:36.706495+00:00,8.04,34054.704,0.0,0.0,3.0,2026-08-31 02:41:34.615704+00:00
LCK/2026 Season/Season Playoffs_Round 1_2,2026-08-30 08:00:00+00:00,LCK/2026 Season/Season Playoffs,5,Dplus Kia,KT Rolster,lolcast,sweep_team1,0.235,2026-08-29 23:57:36.706495+00:00,8.04,,0.0,0.0,3.0,2026-08-31 02:41:34.615704+00:00
LCK/2026 Season/Season Playoffs_Round 1_2,2026-08-30 08:00:00+00:00,LCK/2026 Season/Season Playoffs,5,Dplus Kia,KT Rolster,elo,sweep_team1,0.2401,2026-08-29 23:57:36.706495+00:00,8.04,,0.0,0.0,3.0,2026-08-31 02:41:34.615704+00:00
LCK/2026 Season/Season Playoffs_Round 1_2,2026-08-30 08:00:00+00:00,LCK/2026 Season/Season Playoffs,5,Dplus Kia,KT Rolster,lolcast,sweep_team2,0.0466,2026-08-29 23:57:36.706495+00:00,8.04,,1.0,0.0,3.0,2026-08-31 02:41:34.615704+00:00
LCK/2026 Season/Season Playoffs_Round 1_2,2026-08-30 08:00:00+00:00,LCK/2026 Season/Season Playoffs,5,Dplus Kia,KT Rolster,elo,sweep_team2,0.0482,2026-08-29 23:57:36.706495+00:00,8.04,,1.0,0.0,3.0,2026-08-31 02:41:34.615704+00:00
LPL/2026 Season/Grand Finals_Round 1_2,2026-08-30 09:00:00+00:00,LPL/2026 Season/Grand Finals,5,JD Gaming,Team WE,lolcast,series,0.703,2026-08-29 23:57:36.706495+00:00,9.04,,0.0,1.0,3.0,2026-08-31 02:41:34.615704+00:00
LPL/2026 Season/Grand Finals_Round 1_2,2026-08-30 09:00:00+00:00,LPL/2026 Season/Grand Finals,5,JD Gaming,Team WE,elo,series,0.6381,2026-08-29 23:57:36.706495+00:00,9.04,,0.0,1.0,3.0,2026-08-31 02:41:34.615704+00:00
LPL/2026 Season/Grand Finals_Round 1_2,2026-08-30 09:00:00+00:00,LPL/2026 Season/Grand Finals,5,JD Gaming,Team WE,polymarket,series,0.595,2026-08-29 23:57:36.706495+00:00,9.04,27685.0084,0.0,1.0,3.0,2026-08-31 02:41:34.615704+00:00
LPL/2026 Season/Grand Finals_Round 1_2,2026-08-30 09:00:00+00:00,LPL/2026 Season/Grand Finals,5,JD Gaming,Team WE,lolcast,sweep_team1,0.2181,2026-08-29 23:57:36.706495+00:00,9.04,,0.0,1.0,3.0,2026-08-31 02:41:34.615704+00:00
LPL/2026 Season/Grand Finals_Round 1_2,2026-08-30 09:00:00+00:00,LPL/2026 Season/Grand Finals,5,JD Gaming,Team WE,elo,sweep_team1,0.1824,2026-08-29 23:57:36.706495+00:00,9.04,,0.0,1.0,3.0,2026-08-31 02:41:34.615704+00:00
LPL/2026 Season/Grand Finals_Round 1_2,2026-08-30 09:00:00+00:00,LPL/2026 Season/Grand Finals,5,JD Gaming,Team WE,lolcast,sweep_team2,0.054,2026-08-29 23:57:36.706495+00:00,9.04,,0.0,1.0,3.0,2026-08-31 02:41:34.615704+00:00
LPL/2026 Season/Grand Finals_Round 1_2,2026-08-30 09:00:00+00:00,LPL/2026 Season/Grand Finals,5,JD Gaming,Team WE,elo,sweep_team2,0.0729,2026-08-29 23:57:36.706495+00:00,9.04,,0.0,1.0,3.0,2026-08-31 02:41:34.615704+00:00
LEC/2026 Season/Summer Season_Week 6_5,2026-08-30 12:00:00+00:00,LEC/2026 Season/Summer Season,3,Shifters,Team Vitality,lolcast,series,0.1782,2026-08-29 23:57:36.706495+00:00,12.04,,0.0,0.0,2.0,2026-08-31 02:41:34.615704+00:00
LEC/2026 Season/Summer Season_Week 6_5,2026-08-30 12:00:00+00:00,LEC/2026 Season/Summer Season,3,Shifters,Team Vitality,elo,series,0.2117,2026-08-29 23:57:36.706495+00:00,12.04,,0.0,0.0,2.0,2026-08-31 02:41:34.615704+00:00
LEC/2026 Season/Summer Season_Week 6_5,2026-08-30 12:00:00+00:00,LEC/2026 Season/Summer Season,3,Shifters,Team Vitality,polymarket,series,0.265,2026-08-29 23:57:36.706495+00:00,12.04,20022.6957,0.0,0.0,2.0,2026-08-31 02:41:34.615704+00:00
LEC/2026 Season/Summer Season_Week 6_5,2026-08-30 12:00:00+00:00,LEC/2026 Season/Summer Season,3,Shifters,Team Vitality,lolcast,sweep_team1,0.0672,2026-08-29 23:57:36.706495+00:00,12.04,,0.0,0.0,2.0,2026-08-31 02:41:34.615704+00:00
LEC/2026 Season/Summer Season_Week 6_5,2026-08-30 12:00:00+00:00,LEC/2026 Season/Summer Season,3,Shifters,Team Vitality,elo,sweep_team1,0.0851,2026-08-29 23:57:36.706495+00:00,12.04,,0.0,0.0,2.0,2026-08-31 02:41:34.615704+00:00
LEC/2026 Season/Summer Season_Week 6_5,2026-08-30 12:00:00+00:00,LEC/2026 Season/Summer Season,3,Shifters,Team Vitality,lolcast,sweep_team2,0.5199,2026-08-29 23:57:36.706495+00:00,12.04,,1.0,0.0,2.0,2026-08-31 02:41:34.615704+00:00
LEC/2026 Season/Summer Season_Week 6_5,2026-08-30 12:00:00+00:00,LEC/2026 Season/Summer Season,3,Shifters,Team Vitality,elo,sweep_team2,0.4879,2026-08-29 23:57:36.706495+00:00,12.04,,1.0,0.0,2.0,2026-08-31 02:41:34.615704+00:00
LEC/2026 Season/Summer Season_Week 6_6,2026-08-30 14:15:00+00:00,LEC/2026 Season/Summer Season,3,Movistar KOI,Team Heretics,lolcast,series,0.8036,2026-08-29 23:57:36.706495+00:00,14.29,,1.0,2.0,0.0,2026-08-31 02:41:34.615704+00:00
LEC/2026 Season/Summer Season_Week 6_6,2026-08-30 14:15:00+00:00,LEC/2026 Season/Summer Season,3,Movistar KOI,Team Heretics,elo,series,0.7881,2026-08-29 23:57:36.706495+00:00,14.29,,1.0,2.0,0.0,2026-08-31 02:41:34.615704+00:00
LEC/2026 Season/Summer Season_Week 6_6,2026-08-30 14:15:00+00:00,LEC/2026 Season/Summer Season,3,Movistar KOI,Team Heretics,polymarket,series,0.705,2026-08-29 23:57:36.706495+00:00,14.29,18060.2891,1.0,2.0,0.0,2026-08-31 02:41:34.615704+00:00
LEC/2026 Season/Summer Season_Week 6_6,2026-08-30 14:15:00+00:00,LEC/2026 Season/Summer Season,3,Movistar KOI,Team Heretics,lolcast,sweep_team1,0.5016,2026-08-29 23:57:36.706495+00:00,14.29,,1.0,2.0,0.0,2026-08-31 02:41:34.615704+00:00
LEC/2026 Season/Summer Season_Week 6_6,2026-08-30 14:15:00+00:00,LEC/2026 Season/Summer Season,3,Movistar KOI,Team Heretics,elo,sweep_team1,0.4877,2026-08-29 23:57:36.706495+00:00,14.29,,1.0,2.0,0.0,2026-08-31 02:41:34.615704+00:00
LEC/2026 Season/Summer Season_Week 6_6,2026-08-30 14:15:00+00:00,LEC/2026 Season/Summer Season,3,Movistar KOI,Team Heretics,lolcast,sweep_team2,0.0765,2026-08-29 23:57:36.706495+00:00,14.29,,0.0,2.0,0.0,2026-08-31 02:41:34.615704+00:00
LEC/2026 Season/Summer Season_Week 6_6,2026-08-30 14:15:00+00:00,LEC/2026 Season/Summer Season,3,Movistar KOI,Team Heretics,elo,sweep_team2,0.0852,2026-08-29 23:57:36.706495+00:00,14.29,,0.0,2.0,0.0,2026-08-31 02:41:34.615704+00:00
CBLOL/2026 Season/Split 2_Week 6_3,2026-08-30 16:00:00+00:00,CBLOL/2026 Season/Split 2,3,paiN Gaming,Vivo Keyd Stars,lolcast,series,0.3262,2026-08-29 23:57:36.706495+00:00,16.04,,0.0,1.0,2.0,2026-08-31 02:41:34.615704+00:00
CBLOL/2026 Season/Split 2_Week 6_3,2026-08-30 16:00:00+00:00,CBLOL/2026 Season/Split 2,3,paiN Gaming,Vivo Keyd Stars,elo,series,0.3581,2026-08-29 23:57:36.706495+00:00,16.04,,0.0,1.0,2.0,2026-08-31 02:41:34.615704+00:00
CBLOL/2026 Season/Split 2_Week 6_3,2026-08-30 16:00:00+00:00,CBLOL/2026 Season/Split 2,3,paiN Gaming,Vivo Keyd Stars,polymarket,series,0.385,2026-08-29 23:57:36.706495+00:00,16.04,12962.609,0.0,1.0,2.0,2026-08-31 02:41:34.615704+00:00
CBLOL/2026 Season/Split 2_Week 6_3,2026-08-30 16:00:00+00:00,CBLOL/2026 Season/Split 2,3,paiN Gaming,Vivo Keyd Stars,lolcast,sweep_team1,0.1395,2026-08-29 23:57:36.706495+00:00,16.04,,0.0,1.0,2.0,2026-08-31 02:41:34.615704+00:00
CBLOL/2026 Season/Split 2_Week 6_3,2026-08-30 16:00:00+00:00,CBLOL/2026 Season/Split 2,3,paiN Gaming,Vivo Keyd Stars,elo,sweep_team1,0.1589,2026-08-29 23:57:36.706495+00:00,16.04,,0.0,1.0,2.0,2026-08-31 02:41:34.615704+00:00
CBLOL/2026 Season/Split 2_Week 6_3,2026-08-30 16:00:00+00:00,CBLOL/2026 Season/Split 2,3,paiN Gaming,Vivo Keyd Stars,lolcast,sweep_team2,0.3716,2026-08-29 23:57:36.706495+00:00,16.04,,0.0,1.0,2.0,2026-08-31 02:41:34.615704+00:00
CBLOL/2026 Season/Split 2_Week 6_3,2026-08-30 16:00:00+00:00,CBLOL/2026 Season/Split 2,3,paiN Gaming,Vivo Keyd Stars,elo,sweep_team2,0.3483,2026-08-29 23:57:36.706495+00:00,16.04,,0.0,1.0,2.0,2026-08-31 02:41:34.615704+00:00
LEC/2026 Season/Summer Season_Week 6_7,2026-08-30 16:30:00+00:00,LEC/2026 Season/Summer Season,3,Fnatic,GIANTX,lolcast,series,0.432,2026-08-29 23:57:36.706495+00:00,16.54,,0.0,1.0,2.0,2026-08-31 02:41:34.615704+00:00
LEC/2026 Season/Summer Season_Week 6_7,2026-08-30 16:30:00+00:00,LEC/2026 Season/Summer Season,3,Fnatic,GIANTX,elo,series,0.435,2026-08-29 23:57:36.706495+00:00,16.54,,0.0,1.0,2.0,2026-08-31 02:41:34.615704+00:00
LEC/2026 Season/Summer Season_Week 6_7,2026-08-30 16:30:00+00:00,LEC/2026 Season/Summer Season,3,Fnatic,GIANTX,polymarket,series,0.535,2026-08-29 23:57:36.706495+00:00,16.54,29240.6092,0.0,1.0,2.0,2026-08-31 02:41:34.615704+00:00
LEC/2026 Season/Summer Season_Week 6_7,2026-08-30 16:30:00+00:00,LEC/2026 Season/Summer Season,3,Fnatic,GIANTX,lolcast,sweep_team1,0.1976,2026-08-29 23:57:36.706495+00:00,16.54,,0.0,1.0,2.0,2026-08-31 02:41:34.615704+00:00
LEC/2026 Season/Summer Season_Week 6_7,2026-08-30 16:30:00+00:00,LEC/2026 Season/Summer Season,3,Fnatic,GIANTX,elo,sweep_team1,0.2032,2026-08-29 23:57:36.706495+00:00,16.54,,0.0,1.0,2.0,2026-08-31 02:41:34.615704+00:00
LEC/2026 Season/Summer Season_Week 6_7,2026-08-30 16:30:00+00:00,LEC/2026 Season/Summer Season,3,Fnatic,GIANTX,lolcast,sweep_team2,0.2867,2026-08-29 23:57:36.706495+00:00,16.54,,0.0,1.0,2.0,2026-08-31 02:41:34.615704+00:00
LEC/2026 Season/Summer Season_Week 6_7,2026-08-30 16:30:00+00:00,LEC/2026 Season/Summer Season,3,Fnatic,GIANTX,elo,sweep_team2,0.2891,2026-08-29 23:57:36.706495+00:00,16.54,,0.0,1.0,2.0,2026-08-31 02:41:34.615704+00:00
CBLOL/2026 Season/Split 2_Week 6_4,2026-08-30 18:00:00+00:00,CBLOL/2026 Season/Split 2,3,FURIA,Leviatan,lolcast,series,0.8873,2026-08-29 23:57:36.706495+00:00,18.04,,1.0,2.0,0.0,2026-08-31 02:41:34.615704+00:00
CBLOL/2026 Season/Split 2_Week 6_4,2026-08-30 18:00:00+00:00,CBLOL/2026 Season/Split 2,3,FURIA,Leviatan,elo,series,0.9009,2026-08-29 23:57:36.706495+00:00,18.04,,1.0,2.0,0.0,2026-08-31 02:41:34.615704+00:00
CBLOL/2026 Season/Split 2_Week 6_4,2026-08-30 18:00:00+00:00,CBLOL/2026 Season/Split 2,3,FURIA,Leviatan,polymarket,series,0.835,2026-08-29 23:57:36.706495+00:00,18.04,8649.0004,1.0,2.0,0.0,2026-08-31 02:41:34.615704+00:00
CBLOL/2026 Season/Split 2_Week 6_4,2026-08-30 18:00:00+00:00,CBLOL/2026 Season/Split 2,3,FURIA,Leviatan,lolcast,sweep_team1,0.614,2026-08-29 23:57:36.706495+00:00,18.04,,1.0,2.0,0.0,2026-08-31 02:41:34.615704+00:00
CBLOL/2026 Season/Split 2_Week 6_4,2026-08-30 18:00:00+00:00,CBLOL/2026 Season/Split 2,3,FURIA,Leviatan,elo,sweep_team1,0.6424,2026-08-29 23:57:36.706495+00:00,18.04,,1.0,2.0,0.0,2026-08-31 02:41:34.615704+00:00
CBLOL/2026 Season/Split 2_Week 6_4,2026-08-30 18:00:00+00:00,CBLOL/2026 Season/Split 2,3,FURIA,Leviatan,lolcast,sweep_team2,0.0406,2026-08-29 23:57:36.706495+00:00,18.04,,0.0,2.0,0.0,2026-08-31 02:41:34.615704+00:00
CBLOL/2026 Season/Split 2_Week 6_4,2026-08-30 18:00:00+00:00,CBLOL/2026 Season/Split 2,3,FURIA,Leviatan,elo,sweep_team2,0.0365,2026-08-29 23:57:36.706495+00:00,18.04,,0.0,2.0,0.0,2026-08-31 02:41:34.615704+00:00
LCS/2026 Season/Summer Season_Week 6_3,2026-08-30 20:00:00+00:00,LCS/2026 Season/Summer Season,3,LYON (2024 American Team),Team Liquid,lolcast,series,0.576,2026-08-29 23:57:36.706495+00:00,20.04,,1.0,2.0,0.0,2026-08-31 02:41:34.615704+00:00
LCS/2026 Season/Summer Season_Week 6_3,2026-08-30 20:00:00+00:00,LCS/2026 Season/Summer Season,3,LYON (2024 American Team),Team Liquid,elo,series,0.5544,2026-08-29 23:57:36.706495+00:00,20.04,,1.0,2.0,0.0,2026-08-31 02:41:34.615704+00:00
LCS/2026 Season/Summer Season_Week 6_3,2026-08-30 20:00:00+00:00,LCS/2026 Season/Summer Season,3,LYON (2024 American Team),Team Liquid,polymarket,series,0.51,2026-08-29 23:57:36.706495+00:00,20.04,4962.2526,1.0,2.0,0.0,2026-08-31 02:41:34.615704+00:00
LCS/2026 Season/Summer Season_Week 6_3,2026-08-30 20:00:00+00:00,LCS/2026 Season/Summer Season,3,LYON (2024 American Team),Team Liquid,lolcast,sweep_team1,0.2916,2026-08-29 23:57:36.706495+00:00,20.04,,1.0,2.0,0.0,2026-08-31 02:41:34.615704+00:00
LCS/2026 Season/Summer Season_Week 6_3,2026-08-30 20:00:00+00:00,LCS/2026 Season/Summer Season,3,LYON (2024 American Team),Team Liquid,elo,sweep_team1,0.2814,2026-08-29 23:57:36.706495+00:00,20.04,,1.0,2.0,0.0,2026-08-31 02:41:34.615704+00:00
LCS/2026 Season/Summer Season_Week 6_3,2026-08-30 20:00:00+00:00,LCS/2026 Season/Summer Season,3,LYON (2024 American Team),Team Liquid,lolcast,sweep_team2,0.1922,2026-08-29 23:57:36.706495+00:00,20.04,,0.0,2.0,0.0,2026-08-31 02:41:34.615704+00:00
LCS/2026 Season/Summer Season_Week 6_3,2026-08-30 20:00:00+00:00,LCS/2026 Season/Summer Season,3,LYON (2024 American Team),Team Liquid,elo,sweep_team2,0.2096,2026-08-29 23:57:36.706495+00:00,20.04,,0.0,2.0,0.0,2026-08-31 02:41:34.615704+00:00
LCS/2026 Season/Summer Season_Week 6_4,2026-08-30 23:00:00+00:00,LCS/2026 Season/Summer Season,3,Cloud9,Shopify Rebellion,lolcast,series,0.7663,2026-08-29 23:57:36.706495+00:00,23.04,,1.0,2.0,1.0,2026-08-31 02:41:34.615704+00:00
LCS/2026 Season/Summer Season_Week 6_4,2026-08-30 23:00:00+00:00,LCS/2026 Season/Summer Season,3,Cloud9,Shopify Rebellion,elo,series,0.7516,2026-08-29 23:57:36.706495+00:00,23.04,,1.0,2.0,1.0,2026-08-31 02:41:34.615704+00:00
LCS/2026 Season/Summer Season_Week 6_4,2026-08-30 23:00:00+00:00,LCS/2026 Season/Summer Season,3,Cloud9,Shopify Rebellion,polymarket,series,0.675,2026-08-29 23:57:36.706495+00:00,23.04,1010.4193,1.0,2.0,1.0,2026-08-31 02:41:34.615704+00:00
LCS/2026 Season/Summer Season_Week 6_4,2026-08-30 23:00:00+00:00,LCS/2026 Season/Summer Season,3,Cloud9,Shopify Rebellion,lolcast,sweep_team1,0.4585,2026-08-29 23:57:36.706495+00:00,23.04,,0.0,2.0,1.0,2026-08-31 02:41:34.615704+00:00
LCS/2026 Season/Summer Season_Week 6_4,2026-08-30 23:00:00+00:00,LCS/2026 Season/Summer Season,3,Cloud9,Shopify Rebellion,elo,sweep_team1,0.4485,2026-08-29 23:57:36.706495+00:00,23.04,,0.0,2.0,1.0,2026-08-31 02:41:34.615704+00:00
LCS/2026 Season/Summer Season_Week 6_4,2026-08-30 23:00:00+00:00,LCS/2026 Season/Summer Season,3,Cloud9,Shopify Rebellion,lolcast,sweep_team2,0.093,2026-08-29 23:57:36.706495+00:00,23.04,,0.0,2.0,1.0,2026-08-31 02:41:34.615704+00:00
LCS/2026 Season/Summer Season_Week 6_4,2026-08-30 23:00:00+00:00,LCS/2026 Season/Summer Season,3,Cloud9,Shopify Rebellion,elo,sweep_team2,0.1024,2026-08-29 23:57:36.706495+00:00,23.04,,0.0,2.0,1.0,2026-08-31 02:41:34.615704+00:00
North American Challengers League/2026 Season/Summer Playoffs_Round 2_3,2026-09-02 21:00:00+00:00,North American Challengers League/2026 Season/Summer Playoffs,5,NRG,Conviction,lolcast,series,0.4312,2026-08-29 23:57:36.706495+00:00,93.04,,1.0,3.0,2.0,2026-09-04 10:07:05.615757+00:00
North American Challengers League/2026 Season/Summer Playoffs_Round 2_3,2026-09-02 21:00:00+00:00,North American Challengers League/2026 Season/Summer Playoffs,5,NRG,Conviction,elo,series,0.3316,2026-08-29 23:57:36.706495+00:00,93.04,,1.0,3.0,2.0,2026-09-04 10:07:05.615757+00:00
North American Challengers League/2026 Season/Summer Playoffs_Round 2_3,2026-09-02 21:00:00+00:00,North American Challengers League/2026 Season/Summer Playoffs,5,NRG,Conviction,polymarket,series,0.46,2026-08-29 23:57:36.706495+00:00,93.04,658.3589,1.0,3.0,2.0,2026-09-04 10:07:05.615757+00:00
North American Challengers League/2026 Season/Summer Playoffs_Round 2_3,2026-09-02 21:00:00+00:00,North American Challengers League/2026 Season/Summer Playoffs,5,NRG,Conviction,lolcast,sweep_team1,0.09,2026-08-29 23:57:36.706495+00:00,93.04,,0.0,3.0,2.0,2026-09-04 10:07:05.615757+00:00
North American Challengers League/2026 Season/Summer Playoffs_Round 2_3,2026-09-02 21:00:00+00:00,North American Challengers League/2026 Season/Summer Playoffs,5,NRG,Conviction,elo,sweep_team1,0.0643,2026-08-29 23:57:36.706495+00:00,93.04,,0.0,3.0,2.0,2026-09-04 10:07:05.615757+00:00
North American Challengers League/2026 Season/Summer Playoffs_Round 2_3,2026-09-02 21:00:00+00:00,North American Challengers League/2026 Season/Summer Playoffs,5,NRG,Conviction,lolcast,sweep_team2,0.1421,2026-08-29 23:57:36.706495+00:00,93.04,,0.0,3.0,2.0,2026-09-04 10:07:05.615757+00:00
North American Challengers League/2026 Season/Summer Playoffs_Round 2_3,2026-09-02 21:00:00+00:00,North American Challengers League/2026 Season/Summer Playoffs,5,NRG,Conviction,elo,sweep_team2,0.1995,2026-08-29 23:57:36.706495+00:00,93.04,,0.0,3.0,2.0,2026-09-04 10:07:05.615757+00:00
LPL/2026 Season/Grand Finals_Round 2_1,2026-09-03 09:00:00+00:00,LPL/2026 Season/Grand Finals,5,Anyone's Legend,LGD Gaming,lolcast,series,0.6022,2026-08-29 23:57:36.706495+00:00,105.04,,1.0,3.0,1.0,2026-09-04 10:07:05.615757+00:00
LPL/2026 Season/Grand Finals_Round 2_1,2026-09-03 09:00:00+00:00,LPL/2026 Season/Grand Finals,5,Anyone's Legend,LGD Gaming,elo,series,0.618,2026-08-29 23:57:36.706495+00:00,105.04,,1.0,3.0,1.0,2026-09-04 10:07:05.615757+00:00
LPL/2026 Season/Grand Finals_Round 2_1,2026-09-03 09:00:00+00:00,LPL/2026 Season/Grand Finals,5,Anyone's Legend,LGD Gaming,lolcast,sweep_team1,0.1572,2026-08-29 23:57:36.706495+00:00,105.04,,0.0,3.0,1.0,2026-09-04 10:07:05.615757+00:00
LPL/2026 Season/Grand Finals_Round 2_1,2026-09-03 09:00:00+00:00,LPL/2026 Season/Grand Finals,5,Anyone's Legend,LGD Gaming,elo,sweep_team1,0.1718,2026-08-29 23:57:36.706495+00:00,105.04,,0.0,3.0,1.0,2026-09-04 10:07:05.615757+00:00
LPL/2026 Season/Grand Finals_Round 2_1,2026-09-03 09:00:00+00:00,LPL/2026 Season/Grand Finals,5,Anyone's Legend,LGD Gaming,lolcast,sweep_team2,0.0794,2026-08-29 23:57:36.706495+00:00,105.04,,0.0,3.0,1.0,2026-09-04 10:07:05.615757+00:00
LPL/2026 Season/Grand Finals_Round 2_1,2026-09-03 09:00:00+00:00,LPL/2026 Season/Grand Finals,5,Anyone's Legend,LGD Gaming,elo,sweep_team2,0.0788,2026-08-29 23:57:36.706495+00:00,105.04,,0.0,3.0,1.0,2026-09-04 10:07:05.615757+00:00
LPL/2026 Season/Grand Finals_Round 1_3,2026-09-05 06:00:00+00:00,LPL/2026 Season/Grand Finals,5,Invictus Gaming,Top Esports,lolcast,series,0.3996,2026-08-29 23:57:36.706495+00:00,150.04,,1.0,3.0,2.0,2026-09-05 23:20:31.061390+00:00
LPL/2026 Season/Grand Finals_Round 1_3,2026-09-05 06:00:00+00:00,LPL/2026 Season/Grand Finals,5,Invictus Gaming,Top Esports,elo,series,0.3744,2026-08-29 23:57:36.706495+00:00,150.04,,1.0,3.0,2.0,2026-09-05 23:20:31.061390+00:00
LPL/2026 Season/Grand Finals_Round 1_3,2026-09-05 06:00:00+00:00,LPL/2026 Season/Grand Finals,5,Invictus Gaming,Top Esports,polymarket,series,0.5,2026-08-29 23:57:36.706495+00:00,150.04,8077.7998,1.0,3.0,2.0,2026-09-05 23:20:31.061390+00:00
LPL/2026 Season/Grand Finals_Round 1_3,2026-09-05 06:00:00+00:00,LPL/2026 Season/Grand Finals,5,Invictus Gaming,Top Esports,lolcast,sweep_team1,0.0801,2026-08-29 23:57:36.706495+00:00,150.04,,0.0,3.0,2.0,2026-09-05 23:20:31.061390+00:00
LPL/2026 Season/Grand Finals_Round 1_3,2026-09-05 06:00:00+00:00,LPL/2026 Season/Grand Finals,5,Invictus Gaming,Top Esports,elo,sweep_team1,0.0765,2026-08-29 23:57:36.706495+00:00,150.04,,0.0,3.0,2.0,2026-09-05 23:20:31.061390+00:00
LPL/2026 Season/Grand Finals_Round 1_3,2026-09-05 06:00:00+00:00,LPL/2026 Season/Grand Finals,5,Invictus Gaming,Top Esports,lolcast,sweep_team2,0.1565,2026-08-29 23:57:36.706495+00:00,150.04,,0.0,3.0,2.0,2026-09-05 23:20:31.061390+00:00
LPL/2026 Season/Grand Finals_Round 1_3,2026-09-05 06:00:00+00:00,LPL/2026 Season/Grand Finals,5,Invictus Gaming,Top Esports,elo,sweep_team2,0.1758,2026-08-29 23:57:36.706495+00:00,150.04,,0.0,3.0,2.0,2026-09-05 23:20:31.061390+00:00
LCS/2026 Season/Summer Season_Week 7_1,2026-09-05 20:00:00+00:00,LCS/2026 Season/Summer Season,3,Sentinels,Cloud9,lolcast,series,0.3513,2026-08-29 23:57:36.706495+00:00,164.04,,0.0,0.0,2.0,2026-09-05 23:20:31.061390+00:00
LCS/2026 Season/Summer Season_Week 7_1,2026-09-05 20:00:00+00:00,LCS/2026 Season/Summer Season,3,Sentinels,Cloud9,elo,series,0.3891,2026-08-29 23:57:36.706495+00:00,164.04,,0.0,0.0,2.0,2026-09-05 23:20:31.061390+00:00
LCS/2026 Season/Summer Season_Week 7_1,2026-09-05 20:00:00+00:00,LCS/2026 Season/Summer Season,3,Sentinels,Cloud9,lolcast,sweep_team1,0.1524,2026-08-29 23:57:36.706495+00:00,164.04,,0.0,0.0,2.0,2026-09-05 23:20:31.061390+00:00
LCS/2026 Season/Summer Season_Week 7_1,2026-09-05 20:00:00+00:00,LCS/2026 Season/Summer Season,3,Sentinels,Cloud9,elo,sweep_team1,0.1763,2026-08-29 23:57:36.706495+00:00,164.04,,0.0,0.0,2.0,2026-09-05 23:20:31.061390+00:00
LCS/2026 Season/Summer Season_Week 7_1,2026-09-05 20:00:00+00:00,LCS/2026 Season/Summer Season,3,Sentinels,Cloud9,lolcast,sweep_team2,0.3495,2026-08-29 23:57:36.706495+00:00,164.04,,1.0,0.0,2.0,2026-09-05 23:20:31.061390+00:00
LCS/2026 Season/Summer Season_Week 7_1,2026-09-05 20:00:00+00:00,LCS/2026 Season/Summer Season,3,Sentinels,Cloud9,elo,sweep_team2,0.3234,2026-08-29 23:57:36.706495+00:00,164.04,,1.0,0.0,2.0,2026-09-05 23:20:31.061390+00:00
LCS/2026 Season/Summer Season_Week 7_2,2026-09-05 23:00:00+00:00,LCS/2026 Season/Summer Season,3,Dignitas,Team Liquid,lolcast,series,0.052,2026-08-29 23:57:36.706495+00:00,167.04,,0.0,0.0,2.0,2026-09-05 23:20:31.061390+00:00
LCS/2026 Season/Summer Season_Week 7_2,2026-09-05 23:00:00+00:00,LCS/2026 Season/Summer Season,3,Dignitas,Team Liquid,elo,series,0.0597,2026-08-29 23:57:36.706495+00:00,167.04,,0.0,0.0,2.0,2026-09-05 23:20:31.061390+00:00
LCS/2026 Season/Summer Season_Week 7_2,2026-09-05 23:00:00+00:00,LCS/2026 Season/Summer Season,3,Dignitas,Team Liquid,lolcast,sweep_team1,0.0195,2026-08-29 23:57:36.706495+00:00,167.04,,0.0,0.0,2.0,2026-09-05 23:20:31.061390+00:00
LCS/2026 Season/Summer Season_Week 7_2,2026-09-05 23:00:00+00:00,LCS/2026 Season/Summer Season,3,Dignitas,Team Liquid,elo,sweep_team1,0.0212,2026-08-29 23:57:36.706495+00:00,167.04,,0.0,0.0,2.0,2026-09-05 23:20:31.061390+00:00
LCS/2026 Season/Summer Season_Week 7_2,2026-09-05 23:00:00+00:00,LCS/2026 Season/Summer Season,3,Dignitas,Team Liquid,lolcast,sweep_team2,0.7449,2026-08-29 23:57:36.706495+00:00,167.04,,1.0,0.0,2.0,2026-09-05 23:20:31.061390+00:00
LCS/2026 Season/Summer Season_Week 7_2,2026-09-05 23:00:00+00:00,LCS/2026 Season/Summer Season,3,Dignitas,Team Liquid,elo,sweep_team2,0.7197,2026-08-29 23:57:36.706495+00:00,167.04,,1.0,0.0,2.0,2026-09-05 23:20:31.061390+00:00
LCP/2026 Season/Split 3_Finals_1,2026-08-30 08:00:00+00:00,LCP/2026 Season/Split 3,5,Team Secret Whales,CTBC Flying Oyster,lolcast,series,0.7507,2026-08-30 02:44:40.358830+00:00,5.26,,1.0,3.0,0.0,2026-08-31 02:41:34.615704+00:00
LCP/2026 Season/Split 3_Finals_1,2026-08-30 08:00:00+00:00,LCP/2026 Season/Split 3,5,Team Secret Whales,CTBC Flying Oyster,elo,series,0.7599,2026-08-30 02:44:40.358830+00:00,5.26,,1.0,3.0,0.0,2026-08-31 02:41:34.615704+00:00
LCP/2026 Season/Split 3_Finals_1,2026-08-30 08:00:00+00:00,LCP/2026 Season/Split 3,5,Team Secret Whales,CTBC Flying Oyster,polymarket,series,0.72,2026-08-30 02:44:40.358830+00:00,5.26,8161.1834,1.0,3.0,0.0,2026-08-31 02:41:34.615704+00:00
LCP/2026 Season/Split 3_Finals_1,2026-08-30 08:00:00+00:00,LCP/2026 Season/Split 3,5,Team Secret Whales,CTBC Flying Oyster,lolcast,sweep_team1,0.2485,2026-08-30 02:44:40.358830+00:00,5.26,,1.0,3.0,0.0,2026-08-31 02:41:34.615704+00:00
LCP/2026 Season/Split 3_Finals_1,2026-08-30 08:00:00+00:00,LCP/2026 Season/Split 3,5,Team Secret Whales,CTBC Flying Oyster,elo,sweep_team1,0.2618,2026-08-30 02:44:40.358830+00:00,5.26,,1.0,3.0,0.0,2026-08-31 02:41:34.615704+00:00
LCP/2026 Season/Split 3_Finals_1,2026-08-30 08:00:00+00:00,LCP/2026 Season/Split 3,5,Team Secret Whales,CTBC Flying Oyster,lolcast,sweep_team2,0.0417,2026-08-30 02:44:40.358830+00:00,5.26,,0.0,3.0,0.0,2026-08-31 02:41:34.615704+00:00
LCP/2026 Season/Split 3_Finals_1,2026-08-30 08:00:00+00:00,LCP/2026 Season/Split 3,5,Team Secret Whales,CTBC Flying Oyster,elo,sweep_team2,0.0415,2026-08-30 02:44:40.358830+00:00,5.26,,0.0,3.0,0.0,2026-08-31 02:41:34.615704+00:00
LCK/2026 Season/Season Playoffs_Round 1_2,2026-08-30 08:00:00+00:00,LCK/2026 Season/Season Playoffs,5,Dplus Kia,KT Rolster,lolcast,series,0.7174,2026-08-30 02:44:40.358830+00:00,5.26,,0.0,0.0,3.0,2026-08-31 02:41:34.615704+00:00
LCK/2026 Season/Season Playoffs_Round 1_2,2026-08-30 08:00:00+00:00,LCK/2026 Season/Season Playoffs,5,Dplus Kia,KT Rolster,elo,series,0.7311,2026-08-30 02:44:40.358830+00:00,5.26,,0.0,0.0,3.0,2026-08-31 02:41:34.615704+00:00
LCK/2026 Season/Season Playoffs_Round 1_2,2026-08-30 08:00:00+00:00,LCK/2026 Season/Season Playoffs,5,Dplus Kia,KT Rolster,polymarket,series,0.675,2026-08-30 02:44:40.358830+00:00,5.26,39823.8112,0.0,0.0,3.0,2026-08-31 02:41:34.615704+00:00
LCK/2026 Season/Season Playoffs_Round 1_2,2026-08-30 08:00:00+00:00,LCK/2026 Season/Season Playoffs,5,Dplus Kia,KT Rolster,lolcast,sweep_team1,0.2295,2026-08-30 02:44:40.358830+00:00,5.26,,0.0,0.0,3.0,2026-08-31 02:41:34.615704+00:00
LCK/2026 Season/Season Playoffs_Round 1_2,2026-08-30 08:00:00+00:00,LCK/2026 Season/Season Playoffs,5,Dplus Kia,KT Rolster,elo,sweep_team1,0.2401,2026-08-30 02:44:40.358830+00:00,5.26,,0.0,0.0,3.0,2026-08-31 02:41:34.615704+00:00
LCK/2026 Season/Season Playoffs_Round 1_2,2026-08-30 08:00:00+00:00,LCK/2026 Season/Season Playoffs,5,Dplus Kia,KT Rolster,lolcast,sweep_team2,0.0512,2026-08-30 02:44:40.358830+00:00,5.26,,1.0,0.0,3.0,2026-08-31 02:41:34.615704+00:00
LCK/2026 Season/Season Playoffs_Round 1_2,2026-08-30 08:00:00+00:00,LCK/2026 Season/Season Playoffs,5,Dplus Kia,KT Rolster,elo,sweep_team2,0.0482,2026-08-30 02:44:40.358830+00:00,5.26,,1.0,0.0,3.0,2026-08-31 02:41:34.615704+00:00
LPL/2026 Season/Grand Finals_Round 1_2,2026-08-30 09:00:00+00:00,LPL/2026 Season/Grand Finals,5,JD Gaming,Team WE,lolcast,series,0.703,2026-08-30 02:44:40.358830+00:00,6.26,,0.0,1.0,3.0,2026-08-31 02:41:34.615704+00:00
LPL/2026 Season/Grand Finals_Round 1_2,2026-08-30 09:00:00+00:00,LPL/2026 Season/Grand Finals,5,JD Gaming,Team WE,elo,series,0.6381,2026-08-30 02:44:40.358830+00:00,6.26,,0.0,1.0,3.0,2026-08-31 02:41:34.615704+00:00
LPL/2026 Season/Grand Finals_Round 1_2,2026-08-30 09:00:00+00:00,LPL/2026 Season/Grand Finals,5,JD Gaming,Team WE,polymarket,series,0.595,2026-08-30 02:44:40.358830+00:00,6.26,29519.587,0.0,1.0,3.0,2026-08-31 02:41:34.615704+00:00
LPL/2026 Season/Grand Finals_Round 1_2,2026-08-30 09:00:00+00:00,LPL/2026 Season/Grand Finals,5,JD Gaming,Team WE,lolcast,sweep_team1,0.2182,2026-08-30 02:44:40.358830+00:00,6.26,,0.0,1.0,3.0,2026-08-31 02:41:34.615704+00:00
LPL/2026 Season/Grand Finals_Round 1_2,2026-08-30 09:00:00+00:00,LPL/2026 Season/Grand Finals,5,JD Gaming,Team WE,elo,sweep_team1,0.1824,2026-08-30 02:44:40.358830+00:00,6.26,,0.0,1.0,3.0,2026-08-31 02:41:34.615704+00:00
LPL/2026 Season/Grand Finals_Round 1_2,2026-08-30 09:00:00+00:00,LPL/2026 Season/Grand Finals,5,JD Gaming,Team WE,lolcast,sweep_team2,0.0541,2026-08-30 02:44:40.358830+00:00,6.26,,0.0,1.0,3.0,2026-08-31 02:41:34.615704+00:00
LPL/2026 Season/Grand Finals_Round 1_2,2026-08-30 09:00:00+00:00,LPL/2026 Season/Grand Finals,5,JD Gaming,Team WE,elo,sweep_team2,0.0729,2026-08-30 02:44:40.358830+00:00,6.26,,0.0,1.0,3.0,2026-08-31 02:41:34.615704+00:00
LEC/2026 Season/Summer Season_Week 6_5,2026-08-30 12:00:00+00:00,LEC/2026 Season/Summer Season,3,Shifters,Team Vitality,lolcast,series,0.1745,2026-08-30 02:44:40.358830+00:00,9.26,,0.0,0.0,2.0,2026-08-31 02:41:34.615704+00:00
LEC/2026 Season/Summer Season_Week 6_5,2026-08-30 12:00:00+00:00,LEC/2026 Season/Summer Season,3,Shifters,Team Vitality,elo,series,0.2117,2026-08-30 02:44:40.358830+00:00,9.26,,0.0,0.0,2.0,2026-08-31 02:41:34.615704+00:00
LEC/2026 Season/Summer Season_Week 6_5,2026-08-30 12:00:00+00:00,LEC/2026 Season/Summer Season,3,Shifters,Team Vitality,polymarket,series,0.275,2026-08-30 02:44:40.358830+00:00,9.26,17739.1661,0.0,0.0,2.0,2026-08-31 02:41:34.615704+00:00
LEC/2026 Season/Summer Season_Week 6_5,2026-08-30 12:00:00+00:00,LEC/2026 Season/Summer Season,3,Shifters,Team Vitality,lolcast,sweep_team1,0.066,2026-08-30 02:44:40.358830+00:00,9.26,,0.0,0.0,2.0,2026-08-31 02:41:34.615704+00:00
LEC/2026 Season/Summer Season_Week 6_5,2026-08-30 12:00:00+00:00,LEC/2026 Season/Summer Season,3,Shifters,Team Vitality,elo,sweep_team1,0.0851,2026-08-30 02:44:40.358830+00:00,9.26,,0.0,0.0,2.0,2026-08-31 02:41:34.615704+00:00
LEC/2026 Season/Summer Season_Week 6_5,2026-08-30 12:00:00+00:00,LEC/2026 Season/Summer Season,3,Shifters,Team Vitality,lolcast,sweep_team2,0.5255,2026-08-30 02:44:40.358830+00:00,9.26,,1.0,0.0,2.0,2026-08-31 02:41:34.615704+00:00
LEC/2026 Season/Summer Season_Week 6_5,2026-08-30 12:00:00+00:00,LEC/2026 Season/Summer Season,3,Shifters,Team Vitality,elo,sweep_team2,0.4879,2026-08-30 02:44:40.358830+00:00,9.26,,1.0,0.0,2.0,2026-08-31 02:41:34.615704+00:00
LEC/2026 Season/Summer Season_Week 6_6,2026-08-30 14:15:00+00:00,LEC/2026 Season/Summer Season,3,Movistar KOI,Team Heretics,lolcast,series,0.8037,2026-08-30 02:44:40.358830+00:00,11.51,,1.0,2.0,0.0,2026-08-31 02:41:34.615704+00:00
LEC/2026 Season/Summer Season_Week 6_6,2026-08-30 14:15:00+00:00,LEC/2026 Season/Summer Season,3,Movistar KOI,Team Heretics,elo,series,0.7881,2026-08-30 02:44:40.358830+00:00,11.51,,1.0,2.0,0.0,2026-08-31 02:41:34.615704+00:00
LEC/2026 Season/Summer Season_Week 6_6,2026-08-30 14:15:00+00:00,LEC/2026 Season/Summer Season,3,Movistar KOI,Team Heretics,polymarket,series,0.705,2026-08-30 02:44:40.358830+00:00,11.51,18918.3547,1.0,2.0,0.0,2026-08-31 02:41:34.615704+00:00
LEC/2026 Season/Summer Season_Week 6_6,2026-08-30 14:15:00+00:00,LEC/2026 Season/Summer Season,3,Movistar KOI,Team Heretics,lolcast,sweep_team1,0.5018,2026-08-30 02:44:40.358830+00:00,11.51,,1.0,2.0,0.0,2026-08-31 02:41:34.615704+00:00
LEC/2026 Season/Summer Season_Week 6_6,2026-08-30 14:15:00+00:00,LEC/2026 Season/Summer Season,3,Movistar KOI,Team Heretics,elo,sweep_team1,0.4877,2026-08-30 02:44:40.358830+00:00,11.51,,1.0,2.0,0.0,2026-08-31 02:41:34.615704+00:00
LEC/2026 Season/Summer Season_Week 6_6,2026-08-30 14:15:00+00:00,LEC/2026 Season/Summer Season,3,Movistar KOI,Team Heretics,lolcast,sweep_team2,0.0765,2026-08-30 02:44:40.358830+00:00,11.51,,0.0,2.0,0.0,2026-08-31 02:41:34.615704+00:00
LEC/2026 Season/Summer Season_Week 6_6,2026-08-30 14:15:00+00:00,LEC/2026 Season/Summer Season,3,Movistar KOI,Team Heretics,elo,sweep_team2,0.0852,2026-08-30 02:44:40.358830+00:00,11.51,,0.0,2.0,0.0,2026-08-31 02:41:34.615704+00:00
CBLOL/2026 Season/Split 2_Week 6_3,2026-08-30 16:00:00+00:00,CBLOL/2026 Season/Split 2,3,paiN Gaming,Vivo Keyd Stars,lolcast,series,0.3288,2026-08-30 02:44:40.358830+00:00,13.26,,0.0,1.0,2.0,2026-08-31 02:41:34.615704+00:00
CBLOL/2026 Season/Split 2_Week 6_3,2026-08-30 16:00:00+00:00,CBLOL/2026 Season/Split 2,3,paiN Gaming,Vivo Keyd Stars,elo,series,0.3581,2026-08-30 02:44:40.358830+00:00,13.26,,0.0,1.0,2.0,2026-08-31 02:41:34.615704+00:00
CBLOL/2026 Season/Split 2_Week 6_3,2026-08-30 16:00:00+00:00,CBLOL/2026 Season/Split 2,3,paiN Gaming,Vivo Keyd Stars,polymarket,series,0.375,2026-08-30 02:44:40.358830+00:00,13.26,13666.7006,0.0,1.0,2.0,2026-08-31 02:41:34.615704+00:00
CBLOL/2026 Season/Split 2_Week 6_3,2026-08-30 16:00:00+00:00,CBLOL/2026 Season/Split 2,3,paiN Gaming,Vivo Keyd Stars,lolcast,sweep_team1,0.1421,2026-08-30 02:44:40.358830+00:00,13.26,,0.0,1.0,2.0,2026-08-31 02:41:34.615704+00:00
CBLOL/2026 Season/Split 2_Week 6_3,2026-08-30 16:00:00+00:00,CBLOL/2026 Season/Split 2,3,paiN Gaming,Vivo Keyd Stars,elo,sweep_team1,0.1589,2026-08-30 02:44:40.358830+00:00,13.26,,0.0,1.0,2.0,2026-08-31 02:41:34.615704+00:00
CBLOL/2026 Season/Split 2_Week 6_3,2026-08-30 16:00:00+00:00,CBLOL/2026 Season/Split 2,3,paiN Gaming,Vivo Keyd Stars,lolcast,sweep_team2,0.3714,2026-08-30 02:44:40.358830+00:00,13.26,,0.0,1.0,2.0,2026-08-31 02:41:34.615704+00:00
CBLOL/2026 Season/Split 2_Week 6_3,2026-08-30 16:00:00+00:00,CBLOL/2026 Season/Split 2,3,paiN Gaming,Vivo Keyd Stars,elo,sweep_team2,0.3483,2026-08-30 02:44:40.358830+00:00,13.26,,0.0,1.0,2.0,2026-08-31 02:41:34.615704+00:00
LEC/2026 Season/Summer Season_Week 6_7,2026-08-30 16:30:00+00:00,LEC/2026 Season/Summer Season,3,Fnatic,GIANTX,lolcast,series,0.4384,2026-08-30 02:44:40.358830+00:00,13.76,,0.0,1.0,2.0,2026-08-31 02:41:34.615704+00:00
LEC/2026 Season/Summer Season_Week 6_7,2026-08-30 16:30:00+00:00,LEC/2026 Season/Summer Season,3,Fnatic,GIANTX,elo,series,0.435,2026-08-30 02:44:40.358830+00:00,13.76,,0.0,1.0,2.0,2026-08-31 02:41:34.615704+00:00
LEC/2026 Season/Summer Season_Week 6_7,2026-08-30 16:30:00+00:00,LEC/2026 Season/Summer Season,3,Fnatic,GIANTX,polymarket,series,0.535,2026-08-30 02:44:40.358830+00:00,13.76,30192.0786,0.0,1.0,2.0,2026-08-31 02:41:34.615704+00:00
LEC/2026 Season/Summer Season_Week 6_7,2026-08-30 16:30:00+00:00,LEC/2026 Season/Summer Season,3,Fnatic,GIANTX,lolcast,sweep_team1,0.2034,2026-08-30 02:44:40.358830+00:00,13.76,,0.0,1.0,2.0,2026-08-31 02:41:34.615704+00:00
LEC/2026 Season/Summer Season_Week 6_7,2026-08-30 16:30:00+00:00,LEC/2026 Season/Summer Season,3,Fnatic,GIANTX,elo,sweep_team1,0.2032,2026-08-30 02:44:40.358830+00:00,13.76,,0.0,1.0,2.0,2026-08-31 02:41:34.615704+00:00
LEC/2026 Season/Summer Season_Week 6_7,2026-08-30 16:30:00+00:00,LEC/2026 Season/Summer Season,3,Fnatic,GIANTX,lolcast,sweep_team2,0.2844,2026-08-30 02:44:40.358830+00:00,13.76,,0.0,1.0,2.0,2026-08-31 02:41:34.615704+00:00
LEC/2026 Season/Summer Season_Week 6_7,2026-08-30 16:30:00+00:00,LEC/2026 Season/Summer Season,3,Fnatic,GIANTX,elo,sweep_team2,0.2891,2026-08-30 02:44:40.358830+00:00,13.76,,0.0,1.0,2.0,2026-08-31 02:41:34.615704+00:00
CBLOL/2026 Season/Split 2_Week 6_4,2026-08-30 18:00:00+00:00,CBLOL/2026 Season/Split 2,3,FURIA,Leviatan,lolcast,series,0.8945,2026-08-30 02:44:40.358830+00:00,15.26,,1.0,2.0,0.0,2026-08-31 02:41:34.615704+00:00
CBLOL/2026 Season/Split 2_Week 6_4,2026-08-30 18:00:00+00:00,CBLOL/2026 Season/Split 2,3,FURIA,Leviatan,elo,series,0.9009,2026-08-30 02:44:40.358830+00:00,15.26,,1.0,2.0,0.0,2026-08-31 02:41:34.615704+00:00
CBLOL/2026 Season/Split 2_Week 6_4,2026-08-30 18:00:00+00:00,CBLOL/2026 Season/Split 2,3,FURIA,Leviatan,polymarket,series,0.845,2026-08-30 02:44:40.358830+00:00,15.26,18951.564,1.0,2.0,0.0,2026-08-31 02:41:34.615704+00:00
CBLOL/2026 Season/Split 2_Week 6_4,2026-08-30 18:00:00+00:00,CBLOL/2026 Season/Split 2,3,FURIA,Leviatan,lolcast,sweep_team1,0.6274,2026-08-30 02:44:40.358830+00:00,15.26,,1.0,2.0,0.0,2026-08-31 02:41:34.615704+00:00
CBLOL/2026 Season/Split 2_Week 6_4,2026-08-30 18:00:00+00:00,CBLOL/2026 Season/Split 2,3,FURIA,Leviatan,elo,sweep_team1,0.6424,2026-08-30 02:44:40.358830+00:00,15.26,,1.0,2.0,0.0,2026-08-31 02:41:34.615704+00:00
CBLOL/2026 Season/Split 2_Week 6_4,2026-08-30 18:00:00+00:00,CBLOL/2026 Season/Split 2,3,FURIA,Leviatan,lolcast,sweep_team2,0.0381,2026-08-30 02:44:40.358830+00:00,15.26,,0.0,2.0,0.0,2026-08-31 02:41:34.615704+00:00
CBLOL/2026 Season/Split 2_Week 6_4,2026-08-30 18:00:00+00:00,CBLOL/2026 Season/Split 2,3,FURIA,Leviatan,elo,sweep_team2,0.0366,2026-08-30 02:44:40.358830+00:00,15.26,,0.0,2.0,0.0,2026-08-31 02:41:34.615704+00:00
LCS/2026 Season/Summer Season_Week 6_3,2026-08-30 20:00:00+00:00,LCS/2026 Season/Summer Season,3,LYON (2024 American Team),Team Liquid,lolcast,series,0.6343,2026-08-30 02:44:40.358830+00:00,17.26,,1.0,2.0,0.0,2026-08-31 02:41:34.615704+00:00
LCS/2026 Season/Summer Season_Week 6_3,2026-08-30 20:00:00+00:00,LCS/2026 Season/Summer Season,3,LYON (2024 American Team),Team Liquid,elo,series,0.5978,2026-08-30 02:44:40.358830+00:00,17.26,,1.0,2.0,0.0,2026-08-31 02:41:34.615704+00:00
LCS/2026 Season/Summer Season_Week 6_3,2026-08-30 20:00:00+00:00,LCS/2026 Season/Summer Season,3,LYON (2024 American Team),Team Liquid,polymarket,series,0.515,2026-08-30 02:44:40.358830+00:00,17.26,12865.8452,1.0,2.0,0.0,2026-08-31 02:41:34.615704+00:00
LCS/2026 Season/Summer Season_Week 6_3,2026-08-30 20:00:00+00:00,LCS/2026 Season/Summer Season,3,LYON (2024 American Team),Team Liquid,lolcast,sweep_team1,0.3383,2026-08-30 02:44:40.358830+00:00,17.26,,1.0,2.0,0.0,2026-08-31 02:41:34.615704+00:00
LCS/2026 Season/Summer Season_Week 6_3,2026-08-30 20:00:00+00:00,LCS/2026 Season/Summer Season,3,LYON (2024 American Team),Team Liquid,elo,sweep_team1,0.3134,2026-08-30 02:44:40.358830+00:00,17.26,,1.0,2.0,0.0,2026-08-31 02:41:34.615704+00:00
LCS/2026 Season/Summer Season_Week 6_3,2026-08-30 20:00:00+00:00,LCS/2026 Season/Summer Season,3,LYON (2024 American Team),Team Liquid,lolcast,sweep_team2,0.1605,2026-08-30 02:44:40.358830+00:00,17.26,,0.0,2.0,0.0,2026-08-31 02:41:34.615704+00:00
LCS/2026 Season/Summer Season_Week 6_3,2026-08-30 20:00:00+00:00,LCS/2026 Season/Summer Season,3,LYON (2024 American Team),Team Liquid,elo,sweep_team2,0.1838,2026-08-30 02:44:40.358830+00:00,17.26,,0.0,2.0,0.0,2026-08-31 02:41:34.615704+00:00
LCS/2026 Season/Summer Season_Week 6_4,2026-08-30 23:00:00+00:00,LCS/2026 Season/Summer Season,3,Cloud9,Shopify Rebellion,lolcast,series,0.7466,2026-08-30 02:44:40.358830+00:00,20.26,,1.0,2.0,1.0,2026-08-31 02:41:34.615704+00:00
LCS/2026 Season/Summer Season_Week 6_4,2026-08-30 23:00:00+00:00,LCS/2026 Season/Summer Season,3,Cloud9,Shopify Rebellion,elo,series,0.716,2026-08-30 02:44:40.358830+00:00,20.26,,1.0,2.0,1.0,2026-08-31 02:41:34.615704+00:00
LCS/2026 Season/Summer Season_Week 6_4,2026-08-30 23:00:00+00:00,LCS/2026 Season/Summer Season,3,Cloud9,Shopify Rebellion,polymarket,series,0.695,2026-08-30 02:44:40.358830+00:00,20.26,8955.2979,1.0,2.0,1.0,2026-08-31 02:41:34.615704+00:00
LCS/2026 Season/Summer Season_Week 6_4,2026-08-30 23:00:00+00:00,LCS/2026 Season/Summer Season,3,Cloud9,Shopify Rebellion,lolcast,sweep_team1,0.4402,2026-08-30 02:44:40.358830+00:00,20.26,,0.0,2.0,1.0,2026-08-31 02:41:34.615704+00:00
LCS/2026 Season/Summer Season_Week 6_4,2026-08-30 23:00:00+00:00,LCS/2026 Season/Summer Season,3,Cloud9,Shopify Rebellion,elo,sweep_team1,0.4135,2026-08-30 02:44:40.358830+00:00,20.26,,0.0,2.0,1.0,2026-08-31 02:41:34.615704+00:00
LCS/2026 Season/Summer Season_Week 6_4,2026-08-30 23:00:00+00:00,LCS/2026 Season/Summer Season,3,Cloud9,Shopify Rebellion,lolcast,sweep_team2,0.1033,2026-08-30 02:44:40.358830+00:00,20.26,,0.0,2.0,1.0,2026-08-31 02:41:34.615704+00:00
LCS/2026 Season/Summer Season_Week 6_4,2026-08-30 23:00:00+00:00,LCS/2026 Season/Summer Season,3,Cloud9,Shopify Rebellion,elo,sweep_team2,0.1199,2026-08-30 02:44:40.358830+00:00,20.26,,0.0,2.0,1.0,2026-08-31 02:41:34.615704+00:00
North American Challengers League/2026 Season/Summer Playoffs_Round 2_3,2026-09-02 21:00:00+00:00,North American Challengers League/2026 Season/Summer Playoffs,5,NRG,Conviction,lolcast,series,0.4604,2026-08-30 02:44:40.358830+00:00,90.26,,1.0,3.0,2.0,2026-09-04 10:07:05.615757+00:00
North American Challengers League/2026 Season/Summer Playoffs_Round 2_3,2026-09-02 21:00:00+00:00,North American Challengers League/2026 Season/Summer Playoffs,5,NRG,Conviction,elo,series,0.3316,2026-08-30 02:44:40.358830+00:00,90.26,,1.0,3.0,2.0,2026-09-04 10:07:05.615757+00:00
North American Challengers League/2026 Season/Summer Playoffs_Round 2_3,2026-09-02 21:00:00+00:00,North American Challengers League/2026 Season/Summer Playoffs,5,NRG,Conviction,polymarket,series,0.52,2026-08-30 02:44:40.358830+00:00,90.26,854.6977,1.0,3.0,2.0,2026-09-04 10:07:05.615757+00:00
North American Challengers League/2026 Season/Summer Playoffs_Round 2_3,2026-09-02 21:00:00+00:00,North American Challengers League/2026 Season/Summer Playoffs,5,NRG,Conviction,lolcast,sweep_team1,0.1031,2026-08-30 02:44:40.358830+00:00,90.26,,0.0,3.0,2.0,2026-09-04 10:07:05.615757+00:00
North American Challengers League/2026 Season/Summer Playoffs_Round 2_3,2026-09-02 21:00:00+00:00,North American Challengers League/2026 Season/Summer Playoffs,5,NRG,Conviction,elo,sweep_team1,0.0643,2026-08-30 02:44:40.358830+00:00,90.26,,0.0,3.0,2.0,2026-09-04 10:07:05.615757+00:00
North American Challengers League/2026 Season/Summer Playoffs_Round 2_3,2026-09-02 21:00:00+00:00,North American Challengers League/2026 Season/Summer Playoffs,5,NRG,Conviction,lolcast,sweep_team2,0.1336,2026-08-30 02:44:40.358830+00:00,90.26,,0.0,3.0,2.0,2026-09-04 10:07:05.615757+00:00
North American Challengers League/2026 Season/Summer Playoffs_Round 2_3,2026-09-02 21:00:00+00:00,North American Challengers League/2026 Season/Summer Playoffs,5,NRG,Conviction,elo,sweep_team2,0.1995,2026-08-30 02:44:40.358830+00:00,90.26,,0.0,3.0,2.0,2026-09-04 10:07:05.615757+00:00
LPL/2026 Season/Grand Finals_Round 2_1,2026-09-03 09:00:00+00:00,LPL/2026 Season/Grand Finals,5,Anyone's Legend,LGD Gaming,lolcast,series,0.5903,2026-08-30 02:44:40.358830+00:00,102.26,,1.0,3.0,1.0,2026-09-04 10:07:05.615757+00:00
LPL/2026 Season/Grand Finals_Round 2_1,2026-09-03 09:00:00+00:00,LPL/2026 Season/Grand Finals,5,Anyone's Legend,LGD Gaming,elo,series,0.618,2026-08-30 02:44:40.358830+00:00,102.26,,1.0,3.0,1.0,2026-09-04 10:07:05.615757+00:00
LPL/2026 Season/Grand Finals_Round 2_1,2026-09-03 09:00:00+00:00,LPL/2026 Season/Grand Finals,5,Anyone's Legend,LGD Gaming,polymarket,series,0.495,2026-08-30 02:44:40.358830+00:00,102.26,538.019,1.0,3.0,1.0,2026-09-04 10:07:05.615757+00:00
LPL/2026 Season/Grand Finals_Round 2_1,2026-09-03 09:00:00+00:00,LPL/2026 Season/Grand Finals,5,Anyone's Legend,LGD Gaming,lolcast,sweep_team1,0.1527,2026-08-30 02:44:40.358830+00:00,102.26,,0.0,3.0,1.0,2026-09-04 10:07:05.615757+00:00
LPL/2026 Season/Grand Finals_Round 2_1,2026-09-03 09:00:00+00:00,LPL/2026 Season/Grand Finals,5,Anyone's Legend,LGD Gaming,elo,sweep_team1,0.1719,2026-08-30 02:44:40.358830+00:00,102.26,,0.0,3.0,1.0,2026-09-04 10:07:05.615757+00:00
LPL/2026 Season/Grand Finals_Round 2_1,2026-09-03 09:00:00+00:00,LPL/2026 Season/Grand Finals,5,Anyone's Legend,LGD Gaming,lolcast,sweep_team2,0.0838,2026-08-30 02:44:40.358830+00:00,102.26,,0.0,3.0,1.0,2026-09-04 10:07:05.615757+00:00
LPL/2026 Season/Grand Finals_Round 2_1,2026-09-03 09:00:00+00:00,LPL/2026 Season/Grand Finals,5,Anyone's Legend,LGD Gaming,elo,sweep_team2,0.0788,2026-08-30 02:44:40.358830+00:00,102.26,,0.0,3.0,1.0,2026-09-04 10:07:05.615757+00:00
LPL/2026 Season/Grand Finals_Round 1_3,2026-09-05 06:00:00+00:00,LPL/2026 Season/Grand Finals,5,Invictus Gaming,Top Esports,lolcast,series,0.4041,2026-08-30 02:44:40.358830+00:00,147.26,,1.0,3.0,2.0,2026-09-05 23:20:31.061390+00:00
LPL/2026 Season/Grand Finals_Round 1_3,2026-09-05 06:00:00+00:00,LPL/2026 Season/Grand Finals,5,Invictus Gaming,Top Esports,elo,series,0.3744,2026-08-30 02:44:40.358830+00:00,147.26,,1.0,3.0,2.0,2026-09-05 23:20:31.061390+00:00
LPL/2026 Season/Grand Finals_Round 1_3,2026-09-05 06:00:00+00:00,LPL/2026 Season/Grand Finals,5,Invictus Gaming,Top Esports,polymarket,series,0.5,2026-08-30 02:44:40.358830+00:00,147.26,8069.7196,1.0,3.0,2.0,2026-09-05 23:20:31.061390+00:00
LPL/2026 Season/Grand Finals_Round 1_3,2026-09-05 06:00:00+00:00,LPL/2026 Season/Grand Finals,5,Invictus Gaming,Top Esports,lolcast,sweep_team1,0.0831,2026-08-30 02:44:40.358830+00:00,147.26,,0.0,3.0,2.0,2026-09-05 23:20:31.061390+00:00
LPL/2026 Season/Grand Finals_Round 1_3,2026-09-05 06:00:00+00:00,LPL/2026 Season/Grand Finals,5,Invictus Gaming,Top Esports,elo,sweep_team1,0.0765,2026-08-30 02:44:40.358830+00:00,147.26,,0.0,3.0,2.0,2026-09-05 23:20:31.061390+00:00
LPL/2026 Season/Grand Finals_Round 1_3,2026-09-05 06:00:00+00:00,LPL/2026 Season/Grand Finals,5,Invictus Gaming,Top Esports,lolcast,sweep_team2,0.1569,2026-08-30 02:44:40.358830+00:00,147.26,,0.0,3.0,2.0,2026-09-05 23:20:31.061390+00:00
LPL/2026 Season/Grand Finals_Round 1_3,2026-09-05 06:00:00+00:00,LPL/2026 Season/Grand Finals,5,Invictus Gaming,Top Esports,elo,sweep_team2,0.1758,2026-08-30 02:44:40.358830+00:00,147.26,,0.0,3.0,2.0,2026-09-05 23:20:31.061390+00:00
LCS/2026 Season/Summer Season_Week 7_1,2026-09-05 20:00:00+00:00,LCS/2026 Season/Summer Season,3,Sentinels,Cloud9,lolcast,series,0.3573,2026-08-30 02:44:40.358830+00:00,161.26,,0.0,0.0,2.0,2026-09-05 23:20:31.061390+00:00
LCS/2026 Season/Summer Season_Week 7_1,2026-09-05 20:00:00+00:00,LCS/2026 Season/Summer Season,3,Sentinels,Cloud9,elo,series,0.4224,2026-08-30 02:44:40.358830+00:00,161.26,,0.0,0.0,2.0,2026-09-05 23:20:31.061390+00:00
LCS/2026 Season/Summer Season_Week 7_1,2026-09-05 20:00:00+00:00,LCS/2026 Season/Summer Season,3,Sentinels,Cloud9,lolcast,sweep_team1,0.1552,2026-08-30 02:44:40.358830+00:00,161.26,,0.0,0.0,2.0,2026-09-05 23:20:31.061390+00:00
LCS/2026 Season/Summer Season_Week 7_1,2026-09-05 20:00:00+00:00,LCS/2026 Season/Summer Season,3,Sentinels,Cloud9,elo,sweep_team1,0.1956,2026-08-30 02:44:40.358830+00:00,161.26,,0.0,0.0,2.0,2026-09-05 23:20:31.061390+00:00
LCS/2026 Season/Summer Season_Week 7_1,2026-09-05 20:00:00+00:00,LCS/2026 Season/Summer Season,3,Sentinels,Cloud9,lolcast,sweep_team2,0.344,2026-08-30 02:44:40.358830+00:00,161.26,,1.0,0.0,2.0,2026-09-05 23:20:31.061390+00:00
LCS/2026 Season/Summer Season_Week 7_1,2026-09-05 20:00:00+00:00,LCS/2026 Season/Summer Season,3,Sentinels,Cloud9,elo,sweep_team2,0.2983,2026-08-30 02:44:40.358830+00:00,161.26,,1.0,0.0,2.0,2026-09-05 23:20:31.061390+00:00
LCS/2026 Season/Summer Season_Week 7_2,2026-09-05 23:00:00+00:00,LCS/2026 Season/Summer Season,3,Dignitas,Team Liquid,lolcast,series,0.0512,2026-08-30 02:44:40.358830+00:00,164.26,,0.0,0.0,2.0,2026-09-05 23:20:31.061390+00:00
LCS/2026 Season/Summer Season_Week 7_2,2026-09-05 23:00:00+00:00,LCS/2026 Season/Summer Season,3,Dignitas,Team Liquid,elo,series,0.0623,2026-08-30 02:44:40.358830+00:00,164.26,,0.0,0.0,2.0,2026-09-05 23:20:31.061390+00:00
LCS/2026 Season/Summer Season_Week 7_2,2026-09-05 23:00:00+00:00,LCS/2026 Season/Summer Season,3,Dignitas,Team Liquid,lolcast,sweep_team1,0.0192,2026-08-30 02:44:40.358830+00:00,164.26,,0.0,0.0,2.0,2026-09-05 23:20:31.061390+00:00
LCS/2026 Season/Summer Season_Week 7_2,2026-09-05 23:00:00+00:00,LCS/2026 Season/Summer Season,3,Dignitas,Team Liquid,elo,sweep_team1,0.0222,2026-08-30 02:44:40.358830+00:00,164.26,,0.0,0.0,2.0,2026-09-05 23:20:31.061390+00:00
LCS/2026 Season/Summer Season_Week 7_2,2026-09-05 23:00:00+00:00,LCS/2026 Season/Summer Season,3,Dignitas,Team Liquid,lolcast,sweep_team2,0.7473,2026-08-30 02:44:40.358830+00:00,164.26,,1.0,0.0,2.0,2026-09-05 23:20:31.061390+00:00
LCS/2026 Season/Summer Season_Week 7_2,2026-09-05 23:00:00+00:00,LCS/2026 Season/Summer Season,3,Dignitas,Team Liquid,elo,sweep_team2,0.7139,2026-08-30 02:44:40.358830+00:00,164.26,,1.0,0.0,2.0,2026-09-05 23:20:31.061390+00:00
LEC/2026 Season/Summer Season_Week 6_5,2026-08-30 12:00:00+00:00,LEC/2026 Season/Summer Season,3,Shifters,Team Vitality,lolcast,series,0.1745,2026-08-30 10:52:34.335668+00:00,1.12,,0.0,0.0,2.0,2026-08-31 02:41:34.615704+00:00
LEC/2026 Season/Summer Season_Week 6_5,2026-08-30 12:00:00+00:00,LEC/2026 Season/Summer Season,3,Shifters,Team Vitality,elo,series,0.2117,2026-08-30 10:52:34.335668+00:00,1.12,,0.0,0.0,2.0,2026-08-31 02:41:34.615704+00:00
LEC/2026 Season/Summer Season_Week 6_5,2026-08-30 12:00:00+00:00,LEC/2026 Season/Summer Season,3,Shifters,Team Vitality,polymarket,series,0.275,2026-08-30 10:52:34.335668+00:00,1.12,16740.647,0.0,0.0,2.0,2026-08-31 02:41:34.615704+00:00
LEC/2026 Season/Summer Season_Week 6_5,2026-08-30 12:00:00+00:00,LEC/2026 Season/Summer Season,3,Shifters,Team Vitality,lolcast,sweep_team1,0.066,2026-08-30 10:52:34.335668+00:00,1.12,,0.0,0.0,2.0,2026-08-31 02:41:34.615704+00:00
LEC/2026 Season/Summer Season_Week 6_5,2026-08-30 12:00:00+00:00,LEC/2026 Season/Summer Season,3,Shifters,Team Vitality,elo,sweep_team1,0.0851,2026-08-30 10:52:34.335668+00:00,1.12,,0.0,0.0,2.0,2026-08-31 02:41:34.615704+00:00
LEC/2026 Season/Summer Season_Week 6_5,2026-08-30 12:00:00+00:00,LEC/2026 Season/Summer Season,3,Shifters,Team Vitality,lolcast,sweep_team2,0.5255,2026-08-30 10:52:34.335668+00:00,1.12,,1.0,0.0,2.0,2026-08-31 02:41:34.615704+00:00
LEC/2026 Season/Summer Season_Week 6_5,2026-08-30 12:00:00+00:00,LEC/2026 Season/Summer Season,3,Shifters,Team Vitality,elo,sweep_team2,0.4879,2026-08-30 10:52:34.335668+00:00,1.12,,1.0,0.0,2.0,2026-08-31 02:41:34.615704+00:00
LEC/2026 Season/Summer Season_Week 6_6,2026-08-30 14:15:00+00:00,LEC/2026 Season/Summer Season,3,Movistar KOI,Team Heretics,lolcast,series,0.8037,2026-08-30 10:52:34.335668+00:00,3.37,,1.0,2.0,0.0,2026-08-31 02:41:34.615704+00:00
LEC/2026 Season/Summer Season_Week 6_6,2026-08-30 14:15:00+00:00,LEC/2026 Season/Summer Season,3,Movistar KOI,Team Heretics,elo,series,0.7881,2026-08-30 10:52:34.335668+00:00,3.37,,1.0,2.0,0.0,2026-08-31 02:41:34.615704+00:00
LEC/2026 Season/Summer Season_Week 6_6,2026-08-30 14:15:00+00:00,LEC/2026 Season/Summer Season,3,Movistar KOI,Team Heretics,polymarket,series,0.725,2026-08-30 10:52:34.335668+00:00,3.37,36875.8731,1.0,2.0,0.0,2026-08-31 02:41:34.615704+00:00
LEC/2026 Season/Summer Season_Week 6_6,2026-08-30 14:15:00+00:00,LEC/2026 Season/Summer Season,3,Movistar KOI,Team Heretics,lolcast,sweep_team1,0.5018,2026-08-30 10:52:34.335668+00:00,3.37,,1.0,2.0,0.0,2026-08-31 02:41:34.615704+00:00
LEC/2026 Season/Summer Season_Week 6_6,2026-08-30 14:15:00+00:00,LEC/2026 Season/Summer Season,3,Movistar KOI,Team Heretics,elo,sweep_team1,0.4877,2026-08-30 10:52:34.335668+00:00,3.37,,1.0,2.0,0.0,2026-08-31 02:41:34.615704+00:00
LEC/2026 Season/Summer Season_Week 6_6,2026-08-30 14:15:00+00:00,LEC/2026 Season/Summer Season,3,Movistar KOI,Team Heretics,lolcast,sweep_team2,0.0765,2026-08-30 10:52:34.335668+00:00,3.37,,0.0,2.0,0.0,2026-08-31 02:41:34.615704+00:00
LEC/2026 Season/Summer Season_Week 6_6,2026-08-30 14:15:00+00:00,LEC/2026 Season/Summer Season,3,Movistar KOI,Team Heretics,elo,sweep_team2,0.0852,2026-08-30 10:52:34.335668+00:00,3.37,,0.0,2.0,0.0,2026-08-31 02:41:34.615704+00:00
CBLOL/2026 Season/Split 2_Week 6_3,2026-08-30 16:00:00+00:00,CBLOL/2026 Season/Split 2,3,paiN Gaming,Vivo Keyd Stars,lolcast,series,0.3288,2026-08-30 10:52:34.335668+00:00,5.12,,0.0,1.0,2.0,2026-08-31 02:41:34.615704+00:00
CBLOL/2026 Season/Split 2_Week 6_3,2026-08-30 16:00:00+00:00,CBLOL/2026 Season/Split 2,3,paiN Gaming,Vivo Keyd Stars,elo,series,0.3581,2026-08-30 10:52:34.335668+00:00,5.12,,0.0,1.0,2.0,2026-08-31 02:41:34.615704+00:00
CBLOL/2026 Season/Split 2_Week 6_3,2026-08-30 16:00:00+00:00,CBLOL/2026 Season/Split 2,3,paiN Gaming,Vivo Keyd Stars,polymarket,series,0.415,2026-08-30 10:52:34.335668+00:00,5.12,70720.2293,0.0,1.0,2.0,2026-08-31 02:41:34.615704+00:00
CBLOL/2026 Season/Split 2_Week 6_3,2026-08-30 16:00:00+00:00,CBLOL/2026 Season/Split 2,3,paiN Gaming,Vivo Keyd Stars,lolcast,sweep_team1,0.1421,2026-08-30 10:52:34.335668+00:00,5.12,,0.0,1.0,2.0,2026-08-31 02:41:34.615704+00:00
CBLOL/2026 Season/Split 2_Week 6_3,2026-08-30 16:00:00+00:00,CBLOL/2026 Season/Split 2,3,paiN Gaming,Vivo Keyd Stars,elo,sweep_team1,0.1589,2026-08-30 10:52:34.335668+00:00,5.12,,0.0,1.0,2.0,2026-08-31 02:41:34.615704+00:00
CBLOL/2026 Season/Split 2_Week 6_3,2026-08-30 16:00:00+00:00,CBLOL/2026 Season/Split 2,3,paiN Gaming,Vivo Keyd Stars,lolcast,sweep_team2,0.3714,2026-08-30 10:52:34.335668+00:00,5.12,,0.0,1.0,2.0,2026-08-31 02:41:34.615704+00:00
CBLOL/2026 Season/Split 2_Week 6_3,2026-08-30 16:00:00+00:00,CBLOL/2026 Season/Split 2,3,paiN Gaming,Vivo Keyd Stars,elo,sweep_team2,0.3483,2026-08-30 10:52:34.335668+00:00,5.12,,0.0,1.0,2.0,2026-08-31 02:41:34.615704+00:00
LEC/2026 Season/Summer Season_Week 6_7,2026-08-30 16:30:00+00:00,LEC/2026 Season/Summer Season,3,Fnatic,GIANTX,lolcast,series,0.4384,2026-08-30 10:52:34.335668+00:00,5.62,,0.0,1.0,2.0,2026-08-31 02:41:34.615704+00:00
LEC/2026 Season/Summer Season_Week 6_7,2026-08-30 16:30:00+00:00,LEC/2026 Season/Summer Season,3,Fnatic,GIANTX,elo,series,0.435,2026-08-30 10:52:34.335668+00:00,5.62,,0.0,1.0,2.0,2026-08-31 02:41:34.615704+00:00
LEC/2026 Season/Summer Season_Week 6_7,2026-08-30 16:30:00+00:00,LEC/2026 Season/Summer Season,3,Fnatic,GIANTX,polymarket,series,0.535,2026-08-30 10:52:34.335668+00:00,5.62,25584.3157,0.0,1.0,2.0,2026-08-31 02:41:34.615704+00:00
LEC/2026 Season/Summer Season_Week 6_7,2026-08-30 16:30:00+00:00,LEC/2026 Season/Summer Season,3,Fnatic,GIANTX,lolcast,sweep_team1,0.2034,2026-08-30 10:52:34.335668+00:00,5.62,,0.0,1.0,2.0,2026-08-31 02:41:34.615704+00:00
LEC/2026 Season/Summer Season_Week 6_7,2026-08-30 16:30:00+00:00,LEC/2026 Season/Summer Season,3,Fnatic,GIANTX,elo,sweep_team1,0.2032,2026-08-30 10:52:34.335668+00:00,5.62,,0.0,1.0,2.0,2026-08-31 02:41:34.615704+00:00
LEC/2026 Season/Summer Season_Week 6_7,2026-08-30 16:30:00+00:00,LEC/2026 Season/Summer Season,3,Fnatic,GIANTX,lolcast,sweep_team2,0.2844,2026-08-30 10:52:34.335668+00:00,5.62,,0.0,1.0,2.0,2026-08-31 02:41:34.615704+00:00
LEC/2026 Season/Summer Season_Week 6_7,2026-08-30 16:30:00+00:00,LEC/2026 Season/Summer Season,3,Fnatic,GIANTX,elo,sweep_team2,0.2891,2026-08-30 10:52:34.335668+00:00,5.62,,0.0,1.0,2.0,2026-08-31 02:41:34.615704+00:00
CBLOL/2026 Season/Split 2_Week 6_4,2026-08-30 18:00:00+00:00,CBLOL/2026 Season/Split 2,3,FURIA,Leviatan,lolcast,series,0.8945,2026-08-30 10:52:34.335668+00:00,7.12,,1.0,2.0,0.0,2026-08-31 02:41:34.615704+00:00
CBLOL/2026 Season/Split 2_Week 6_4,2026-08-30 18:00:00+00:00,CBLOL/2026 Season/Split 2,3,FURIA,Leviatan,elo,series,0.9009,2026-08-30 10:52:34.335668+00:00,7.12,,1.0,2.0,0.0,2026-08-31 02:41:34.615704+00:00
CBLOL/2026 Season/Split 2_Week 6_4,2026-08-30 18:00:00+00:00,CBLOL/2026 Season/Split 2,3,FURIA,Leviatan,polymarket,series,0.88,2026-08-30 10:52:34.335668+00:00,7.12,25719.6684,1.0,2.0,0.0,2026-08-31 02:41:34.615704+00:00
CBLOL/2026 Season/Split 2_Week 6_4,2026-08-30 18:00:00+00:00,CBLOL/2026 Season/Split 2,3,FURIA,Leviatan,lolcast,sweep_team1,0.6274,2026-08-30 10:52:34.335668+00:00,7.12,,1.0,2.0,0.0,2026-08-31 02:41:34.615704+00:00
CBLOL/2026 Season/Split 2_Week 6_4,2026-08-30 18:00:00+00:00,CBLOL/2026 Season/Split 2,3,FURIA,Leviatan,elo,sweep_team1,0.6424,2026-08-30 10:52:34.335668+00:00,7.12,,1.0,2.0,0.0,2026-08-31 02:41:34.615704+00:00
CBLOL/2026 Season/Split 2_Week 6_4,2026-08-30 18:00:00+00:00,CBLOL/2026 Season/Split 2,3,FURIA,Leviatan,lolcast,sweep_team2,0.0381,2026-08-30 10:52:34.335668+00:00,7.12,,0.0,2.0,0.0,2026-08-31 02:41:34.615704+00:00
CBLOL/2026 Season/Split 2_Week 6_4,2026-08-30 18:00:00+00:00,CBLOL/2026 Season/Split 2,3,FURIA,Leviatan,elo,sweep_team2,0.0366,2026-08-30 10:52:34.335668+00:00,7.12,,0.0,2.0,0.0,2026-08-31 02:41:34.615704+00:00
LCS/2026 Season/Summer Season_Week 6_3,2026-08-30 20:00:00+00:00,LCS/2026 Season/Summer Season,3,LYON (2024 American Team),Team Liquid,lolcast,series,0.6343,2026-08-30 10:52:34.335668+00:00,9.12,,1.0,2.0,0.0,2026-08-31 02:41:34.615704+00:00
LCS/2026 Season/Summer Season_Week 6_3,2026-08-30 20:00:00+00:00,LCS/2026 Season/Summer Season,3,LYON (2024 American Team),Team Liquid,elo,series,0.5978,2026-08-30 10:52:34.335668+00:00,9.12,,1.0,2.0,0.0,2026-08-31 02:41:34.615704+00:00
LCS/2026 Season/Summer Season_Week 6_3,2026-08-30 20:00:00+00:00,LCS/2026 Season/Summer Season,3,LYON (2024 American Team),Team Liquid,polymarket,series,0.515,2026-08-30 10:52:34.335668+00:00,9.12,15151.3285,1.0,2.0,0.0,2026-08-31 02:41:34.615704+00:00
LCS/2026 Season/Summer Season_Week 6_3,2026-08-30 20:00:00+00:00,LCS/2026 Season/Summer Season,3,LYON (2024 American Team),Team Liquid,lolcast,sweep_team1,0.3383,2026-08-30 10:52:34.335668+00:00,9.12,,1.0,2.0,0.0,2026-08-31 02:41:34.615704+00:00
LCS/2026 Season/Summer Season_Week 6_3,2026-08-30 20:00:00+00:00,LCS/2026 Season/Summer Season,3,LYON (2024 American Team),Team Liquid,elo,sweep_team1,0.3134,2026-08-30 10:52:34.335668+00:00,9.12,,1.0,2.0,0.0,2026-08-31 02:41:34.615704+00:00
LCS/2026 Season/Summer Season_Week 6_3,2026-08-30 20:00:00+00:00,LCS/2026 Season/Summer Season,3,LYON (2024 American Team),Team Liquid,lolcast,sweep_team2,0.1605,2026-08-30 10:52:34.335668+00:00,9.12,,0.0,2.0,0.0,2026-08-31 02:41:34.615704+00:00
LCS/2026 Season/Summer Season_Week 6_3,2026-08-30 20:00:00+00:00,LCS/2026 Season/Summer Season,3,LYON (2024 American Team),Team Liquid,elo,sweep_team2,0.1838,2026-08-30 10:52:34.335668+00:00,9.12,,0.0,2.0,0.0,2026-08-31 02:41:34.615704+00:00
LCS/2026 Season/Summer Season_Week 6_4,2026-08-30 23:00:00+00:00,LCS/2026 Season/Summer Season,3,Cloud9,Shopify Rebellion,lolcast,series,0.7466,2026-08-30 10:52:34.335668+00:00,12.12,,1.0,2.0,1.0,2026-08-31 02:41:34.615704+00:00
LCS/2026 Season/Summer Season_Week 6_4,2026-08-30 23:00:00+00:00,LCS/2026 Season/Summer Season,3,Cloud9,Shopify Rebellion,elo,series,0.716,2026-08-30 10:52:34.335668+00:00,12.12,,1.0,2.0,1.0,2026-08-31 02:41:34.615704+00:00
LCS/2026 Season/Summer Season_Week 6_4,2026-08-30 23:00:00+00:00,LCS/2026 Season/Summer Season,3,Cloud9,Shopify Rebellion,polymarket,series,0.665,2026-08-30 10:52:34.335668+00:00,12.12,11382.2594,1.0,2.0,1.0,2026-08-31 02:41:34.615704+00:00
LCS/2026 Season/Summer Season_Week 6_4,2026-08-30 23:00:00+00:00,LCS/2026 Season/Summer Season,3,Cloud9,Shopify Rebellion,lolcast,sweep_team1,0.4402,2026-08-30 10:52:34.335668+00:00,12.12,,0.0,2.0,1.0,2026-08-31 02:41:34.615704+00:00
LCS/2026 Season/Summer Season_Week 6_4,2026-08-30 23:00:00+00:00,LCS/2026 Season/Summer Season,3,Cloud9,Shopify Rebellion,elo,sweep_team1,0.4135,2026-08-30 10:52:34.335668+00:00,12.12,,0.0,2.0,1.0,2026-08-31 02:41:34.615704+00:00
LCS/2026 Season/Summer Season_Week 6_4,2026-08-30 23:00:00+00:00,LCS/2026 Season/Summer Season,3,Cloud9,Shopify Rebellion,lolcast,sweep_team2,0.1033,2026-08-30 10:52:34.335668+00:00,12.12,,0.0,2.0,1.0,2026-08-31 02:41:34.615704+00:00
LCS/2026 Season/Summer Season_Week 6_4,2026-08-30 23:00:00+00:00,LCS/2026 Season/Summer Season,3,Cloud9,Shopify Rebellion,elo,sweep_team2,0.1199,2026-08-30 10:52:34.335668+00:00,12.12,,0.0,2.0,1.0,2026-08-31 02:41:34.615704+00:00
North American Challengers League/2026 Season/Summer Playoffs_Round 2_3,2026-09-02 21:00:00+00:00,North American Challengers League/2026 Season/Summer Playoffs,5,NRG,Conviction,lolcast,series,0.4604,2026-08-30 10:52:34.335668+00:00,82.12,,1.0,3.0,2.0,2026-09-04 10:07:05.615757+00:00
North American Challengers League/2026 Season/Summer Playoffs_Round 2_3,2026-09-02 21:00:00+00:00,North American Challengers League/2026 Season/Summer Playoffs,5,NRG,Conviction,elo,series,0.3316,2026-08-30 10:52:34.335668+00:00,82.12,,1.0,3.0,2.0,2026-09-04 10:07:05.615757+00:00
North American Challengers League/2026 Season/Summer Playoffs_Round 2_3,2026-09-02 21:00:00+00:00,North American Challengers League/2026 Season/Summer Playoffs,5,NRG,Conviction,polymarket,series,0.655,2026-08-30 10:52:34.335668+00:00,82.12,800.7378,1.0,3.0,2.0,2026-09-04 10:07:05.615757+00:00
North American Challengers League/2026 Season/Summer Playoffs_Round 2_3,2026-09-02 21:00:00+00:00,North American Challengers League/2026 Season/Summer Playoffs,5,NRG,Conviction,lolcast,sweep_team1,0.1031,2026-08-30 10:52:34.335668+00:00,82.12,,0.0,3.0,2.0,2026-09-04 10:07:05.615757+00:00
North American Challengers League/2026 Season/Summer Playoffs_Round 2_3,2026-09-02 21:00:00+00:00,North American Challengers League/2026 Season/Summer Playoffs,5,NRG,Conviction,elo,sweep_team1,0.0643,2026-08-30 10:52:34.335668+00:00,82.12,,0.0,3.0,2.0,2026-09-04 10:07:05.615757+00:00
North American Challengers League/2026 Season/Summer Playoffs_Round 2_3,2026-09-02 21:00:00+00:00,North American Challengers League/2026 Season/Summer Playoffs,5,NRG,Conviction,lolcast,sweep_team2,0.1336,2026-08-30 10:52:34.335668+00:00,82.12,,0.0,3.0,2.0,2026-09-04 10:07:05.615757+00:00
North American Challengers League/2026 Season/Summer Playoffs_Round 2_3,2026-09-02 21:00:00+00:00,North American Challengers League/2026 Season/Summer Playoffs,5,NRG,Conviction,elo,sweep_team2,0.1995,2026-08-30 10:52:34.335668+00:00,82.12,,0.0,3.0,2.0,2026-09-04 10:07:05.615757+00:00
LPL/2026 Season/Grand Finals_Round 2_1,2026-09-03 09:00:00+00:00,LPL/2026 Season/Grand Finals,5,Anyone's Legend,LGD Gaming,lolcast,series,0.5903,2026-08-30 10:52:34.335668+00:00,94.12,,1.0,3.0,1.0,2026-09-04 10:07:05.615757+00:00
LPL/2026 Season/Grand Finals_Round 2_1,2026-09-03 09:00:00+00:00,LPL/2026 Season/Grand Finals,5,Anyone's Legend,LGD Gaming,elo,series,0.618,2026-08-30 10:52:34.335668+00:00,94.12,,1.0,3.0,1.0,2026-09-04 10:07:05.615757+00:00
LPL/2026 Season/Grand Finals_Round 2_1,2026-09-03 09:00:00+00:00,LPL/2026 Season/Grand Finals,5,Anyone's Legend,LGD Gaming,polymarket,series,0.49,2026-08-30 10:52:34.335668+00:00,94.12,574.7397,1.0,3.0,1.0,2026-09-04 10:07:05.615757+00:00
LPL/2026 Season/Grand Finals_Round 2_1,2026-09-03 09:00:00+00:00,LPL/2026 Season/Grand Finals,5,Anyone's Legend,LGD Gaming,lolcast,sweep_team1,0.1527,2026-08-30 10:52:34.335668+00:00,94.12,,0.0,3.0,1.0,2026-09-04 10:07:05.615757+00:00
LPL/2026 Season/Grand Finals_Round 2_1,2026-09-03 09:00:00+00:00,LPL/2026 Season/Grand Finals,5,Anyone's Legend,LGD Gaming,elo,sweep_team1,0.1719,2026-08-30 10:52:34.335668+00:00,94.12,,0.0,3.0,1.0,2026-09-04 10:07:05.615757+00:00
LPL/2026 Season/Grand Finals_Round 2_1,2026-09-03 09:00:00+00:00,LPL/2026 Season/Grand Finals,5,Anyone's Legend,LGD Gaming,lolcast,sweep_team2,0.0838,2026-08-30 10:52:34.335668+00:00,94.12,,0.0,3.0,1.0,2026-09-04 10:07:05.615757+00:00
LPL/2026 Season/Grand Finals_Round 2_1,2026-09-03 09:00:00+00:00,LPL/2026 Season/Grand Finals,5,Anyone's Legend,LGD Gaming,elo,sweep_team2,0.0788,2026-08-30 10:52:34.335668+00:00,94.12,,0.0,3.0,1.0,2026-09-04 10:07:05.615757+00:00
LPL/2026 Season/Grand Finals_Round 1_3,2026-09-05 06:00:00+00:00,LPL/2026 Season/Grand Finals,5,Invictus Gaming,Top Esports,lolcast,series,0.4041,2026-08-30 10:52:34.335668+00:00,139.12,,1.0,3.0,2.0,2026-09-05 23:20:31.061390+00:00
LPL/2026 Season/Grand Finals_Round 1_3,2026-09-05 06:00:00+00:00,LPL/2026 Season/Grand Finals,5,Invictus Gaming,Top Esports,elo,series,0.3744,2026-08-30 10:52:34.335668+00:00,139.12,,1.0,3.0,2.0,2026-09-05 23:20:31.061390+00:00
LPL/2026 Season/Grand Finals_Round 1_3,2026-09-05 06:00:00+00:00,LPL/2026 Season/Grand Finals,5,Invictus Gaming,Top Esports,polymarket,series,0.57,2026-08-30 10:52:34.335668+00:00,139.12,8600.6383,1.0,3.0,2.0,2026-09-05 23:20:31.061390+00:00
LPL/2026 Season/Grand Finals_Round 1_3,2026-09-05 06:00:00+00:00,LPL/2026 Season/Grand Finals,5,Invictus Gaming,Top Esports,lolcast,sweep_team1,0.0831,2026-08-30 10:52:34.335668+00:00,139.12,,0.0,3.0,2.0,2026-09-05 23:20:31.061390+00:00
LPL/2026 Season/Grand Finals_Round 1_3,2026-09-05 06:00:00+00:00,LPL/2026 Season/Grand Finals,5,Invictus Gaming,Top Esports,elo,sweep_team1,0.0765,2026-08-30 10:52:34.335668+00:00,139.12,,0.0,3.0,2.0,2026-09-05 23:20:31.061390+00:00
LPL/2026 Season/Grand Finals_Round 1_3,2026-09-05 06:00:00+00:00,LPL/2026 Season/Grand Finals,5,Invictus Gaming,Top Esports,lolcast,sweep_team2,0.1569,2026-08-30 10:52:34.335668+00:00,139.12,,0.0,3.0,2.0,2026-09-05 23:20:31.061390+00:00
LPL/2026 Season/Grand Finals_Round 1_3,2026-09-05 06:00:00+00:00,LPL/2026 Season/Grand Finals,5,Invictus Gaming,Top Esports,elo,sweep_team2,0.1758,2026-08-30 10:52:34.335668+00:00,139.12,,0.0,3.0,2.0,2026-09-05 23:20:31.061390+00:00
LCS/2026 Season/Summer Season_Week 7_1,2026-09-05 20:00:00+00:00,LCS/2026 Season/Summer Season,3,Sentinels,Cloud9,lolcast,series,0.3573,2026-08-30 10:52:34.335668+00:00,153.12,,0.0,0.0,2.0,2026-09-05 23:20:31.061390+00:00
LCS/2026 Season/Summer Season_Week 7_1,2026-09-05 20:00:00+00:00,LCS/2026 Season/Summer Season,3,Sentinels,Cloud9,elo,series,0.4224,2026-08-30 10:52:34.335668+00:00,153.12,,0.0,0.0,2.0,2026-09-05 23:20:31.061390+00:00
LCS/2026 Season/Summer Season_Week 7_1,2026-09-05 20:00:00+00:00,LCS/2026 Season/Summer Season,3,Sentinels,Cloud9,lolcast,sweep_team1,0.1552,2026-08-30 10:52:34.335668+00:00,153.12,,0.0,0.0,2.0,2026-09-05 23:20:31.061390+00:00
LCS/2026 Season/Summer Season_Week 7_1,2026-09-05 20:00:00+00:00,LCS/2026 Season/Summer Season,3,Sentinels,Cloud9,elo,sweep_team1,0.1956,2026-08-30 10:52:34.335668+00:00,153.12,,0.0,0.0,2.0,2026-09-05 23:20:31.061390+00:00
LCS/2026 Season/Summer Season_Week 7_1,2026-09-05 20:00:00+00:00,LCS/2026 Season/Summer Season,3,Sentinels,Cloud9,lolcast,sweep_team2,0.344,2026-08-30 10:52:34.335668+00:00,153.12,,1.0,0.0,2.0,2026-09-05 23:20:31.061390+00:00
LCS/2026 Season/Summer Season_Week 7_1,2026-09-05 20:00:00+00:00,LCS/2026 Season/Summer Season,3,Sentinels,Cloud9,elo,sweep_team2,0.2983,2026-08-30 10:52:34.335668+00:00,153.12,,1.0,0.0,2.0,2026-09-05 23:20:31.061390+00:00
LCS/2026 Season/Summer Season_Week 7_2,2026-09-05 23:00:00+00:00,LCS/2026 Season/Summer Season,3,Dignitas,Team Liquid,lolcast,series,0.0512,2026-08-30 10:52:34.335668+00:00,156.12,,0.0,0.0,2.0,2026-09-05 23:20:31.061390+00:00
LCS/2026 Season/Summer Season_Week 7_2,2026-09-05 23:00:00+00:00,LCS/2026 Season/Summer Season,3,Dignitas,Team Liquid,elo,series,0.0623,2026-08-30 10:52:34.335668+00:00,156.12,,0.0,0.0,2.0,2026-09-05 23:20:31.061390+00:00
LCS/2026 Season/Summer Season_Week 7_2,2026-09-05 23:00:00+00:00,LCS/2026 Season/Summer Season,3,Dignitas,Team Liquid,lolcast,sweep_team1,0.0192,2026-08-30 10:52:34.335668+00:00,156.12,,0.0,0.0,2.0,2026-09-05 23:20:31.061390+00:00
LCS/2026 Season/Summer Season_Week 7_2,2026-09-05 23:00:00+00:00,LCS/2026 Season/Summer Season,3,Dignitas,Team Liquid,elo,sweep_team1,0.0222,2026-08-30 10:52:34.335668+00:00,156.12,,0.0,0.0,2.0,2026-09-05 23:20:31.061390+00:00
LCS/2026 Season/Summer Season_Week 7_2,2026-09-05 23:00:00+00:00,LCS/2026 Season/Summer Season,3,Dignitas,Team Liquid,lolcast,sweep_team2,0.7473,2026-08-30 10:52:34.335668+00:00,156.12,,1.0,0.0,2.0,2026-09-05 23:20:31.061390+00:00
LCS/2026 Season/Summer Season_Week 7_2,2026-09-05 23:00:00+00:00,LCS/2026 Season/Summer Season,3,Dignitas,Team Liquid,elo,sweep_team2,0.7139,2026-08-30 10:52:34.335668+00:00,156.12,,1.0,0.0,2.0,2026-09-05 23:20:31.061390+00:00
LCK/2026 Season/Season Playoffs_Round 2_1,2026-09-01 08:00:00+00:00,LCK/2026 Season/Season Playoffs,5,Gen.G,KT Rolster,lolcast,series,0.7544,2026-08-31 02:41:35.764634+00:00,29.31,,1.0,3.0,0.0,2026-09-01 10:42:43.370527+00:00
LCK/2026 Season/Season Playoffs_Round 2_1,2026-09-01 08:00:00+00:00,LCK/2026 Season/Season Playoffs,5,Gen.G,KT Rolster,elo,series,0.7653,2026-08-31 02:41:35.764634+00:00,29.31,,1.0,3.0,0.0,2026-09-01 10:42:43.370527+00:00
LCK/2026 Season/Season Playoffs_Round 2_1,2026-09-01 08:00:00+00:00,LCK/2026 Season/Season Playoffs,5,Gen.G,KT Rolster,polymarket,series,0.685,2026-08-31 02:41:35.764634+00:00,29.31,18523.4976,1.0,3.0,0.0,2026-09-01 10:42:43.370527+00:00
LCK/2026 Season/Season Playoffs_Round 2_1,2026-09-01 08:00:00+00:00,LCK/2026 Season/Season Playoffs,5,Gen.G,KT Rolster,lolcast,sweep_team1,0.2551,2026-08-31 02:41:35.764634+00:00,29.31,,1.0,3.0,0.0,2026-09-01 10:42:43.370527+00:00
LCK/2026 Season/Season Playoffs_Round 2_1,2026-09-01 08:00:00+00:00,LCK/2026 Season/Season Playoffs,5,Gen.G,KT Rolster,elo,sweep_team1,0.2662,2026-08-31 02:41:35.764634+00:00,29.31,,1.0,3.0,0.0,2026-09-01 10:42:43.370527+00:00
LCK/2026 Season/Season Playoffs_Round 2_1,2026-09-01 08:00:00+00:00,LCK/2026 Season/Season Playoffs,5,Gen.G,KT Rolster,lolcast,sweep_team2,0.042,2026-08-31 02:41:35.764634+00:00,29.31,,0.0,3.0,0.0,2026-09-01 10:42:43.370527+00:00
LCK/2026 Season/Season Playoffs_Round 2_1,2026-09-01 08:00:00+00:00,LCK/2026 Season/Season Playoffs,5,Gen.G,KT Rolster,elo,sweep_team2,0.0402,2026-08-31 02:41:35.764634+00:00,29.31,,0.0,3.0,0.0,2026-09-01 10:42:43.370527+00:00
LCK/2026 Season/Season Playoffs_Round 2_2,2026-09-02 08:00:00+00:00,LCK/2026 Season/Season Playoffs,5,Hanwha Life Esports,T1,lolcast,series,0.6755,2026-08-31 02:41:35.764634+00:00,53.31,,1.0,3.0,2.0,2026-09-02 12:20:01.359687+00:00
LCK/2026 Season/Season Playoffs_Round 2_2,2026-09-02 08:00:00+00:00,LCK/2026 Season/Season Playoffs,5,Hanwha Life Esports,T1,elo,series,0.6043,2026-08-31 02:41:35.764634+00:00,53.31,,1.0,3.0,2.0,2026-09-02 12:20:01.359687+00:00
LCK/2026 Season/Season Playoffs_Round 2_2,2026-09-02 08:00:00+00:00,LCK/2026 Season/Season Playoffs,5,Hanwha Life Esports,T1,polymarket,series,0.62,2026-08-31 02:41:35.764634+00:00,53.31,1668.8015,1.0,3.0,2.0,2026-09-02 12:20:01.359687+00:00
LCK/2026 Season/Season Playoffs_Round 2_2,2026-09-02 08:00:00+00:00,LCK/2026 Season/Season Playoffs,5,Hanwha Life Esports,T1,lolcast,sweep_team1,0.2041,2026-08-31 02:41:35.764634+00:00,53.31,,0.0,3.0,2.0,2026-09-02 12:20:01.359687+00:00
LCK/2026 Season/Season Playoffs_Round 2_2,2026-09-02 08:00:00+00:00,LCK/2026 Season/Season Playoffs,5,Hanwha Life Esports,T1,elo,sweep_team1,0.165,2026-08-31 02:41:35.764634+00:00,53.31,,0.0,3.0,2.0,2026-09-02 12:20:01.359687+00:00
LCK/2026 Season/Season Playoffs_Round 2_2,2026-09-02 08:00:00+00:00,LCK/2026 Season/Season Playoffs,5,Hanwha Life Esports,T1,lolcast,sweep_team2,0.0625,2026-08-31 02:41:35.764634+00:00,53.31,,0.0,3.0,2.0,2026-09-02 12:20:01.359687+00:00
LCK/2026 Season/Season Playoffs_Round 2_2,2026-09-02 08:00:00+00:00,LCK/2026 Season/Season Playoffs,5,Hanwha Life Esports,T1,elo,sweep_team2,0.0831,2026-08-31 02:41:35.764634+00:00,53.31,,0.0,3.0,2.0,2026-09-02 12:20:01.359687+00:00
North American Challengers League/2026 Season/Summer Playoffs_Round 2_3,2026-09-02 21:00:00+00:00,North American Challengers League/2026 Season/Summer Playoffs,5,NRG,Conviction,lolcast,series,0.4802,2026-08-31 02:41:35.764634+00:00,66.31,,1.0,3.0,2.0,2026-09-04 10:07:05.615757+00:00
North American Challengers League/2026 Season/Summer Playoffs_Round 2_3,2026-09-02 21:00:00+00:00,North American Challengers League/2026 Season/Summer Playoffs,5,NRG,Conviction,elo,series,0.3316,2026-08-31 02:41:35.764634+00:00,66.31,,1.0,3.0,2.0,2026-09-04 10:07:05.615757+00:00
North American Challengers League/2026 Season/Summer Playoffs_Round 2_3,2026-09-02 21:00:00+00:00,North American Challengers League/2026 Season/Summer Playoffs,5,NRG,Conviction,polymarket,series,0.53,2026-08-31 02:41:35.764634+00:00,66.31,1237.3111,1.0,3.0,2.0,2026-09-04 10:07:05.615757+00:00
North American Challengers League/2026 Season/Summer Playoffs_Round 2_3,2026-09-02 21:00:00+00:00,North American Challengers League/2026 Season/Summer Playoffs,5,NRG,Conviction,lolcast,sweep_team1,0.1117,2026-08-31 02:41:35.764634+00:00,66.31,,0.0,3.0,2.0,2026-09-04 10:07:05.615757+00:00
North American Challengers League/2026 Season/Summer Playoffs_Round 2_3,2026-09-02 21:00:00+00:00,North American Challengers League/2026 Season/Summer Playoffs,5,NRG,Conviction,elo,sweep_team1,0.0643,2026-08-31 02:41:35.764634+00:00,66.31,,0.0,3.0,2.0,2026-09-04 10:07:05.615757+00:00
North American Challengers League/2026 Season/Summer Playoffs_Round 2_3,2026-09-02 21:00:00+00:00,North American Challengers League/2026 Season/Summer Playoffs,5,NRG,Conviction,lolcast,sweep_team2,0.127,2026-08-31 02:41:35.764634+00:00,66.31,,0.0,3.0,2.0,2026-09-04 10:07:05.615757+00:00
North American Challengers League/2026 Season/Summer Playoffs_Round 2_3,2026-09-02 21:00:00+00:00,North American Challengers League/2026 Season/Summer Playoffs,5,NRG,Conviction,elo,sweep_team2,0.1996,2026-08-31 02:41:35.764634+00:00,66.31,,0.0,3.0,2.0,2026-09-04 10:07:05.615757+00:00
LCK/2026 Season/Season Playoffs_Round 1_3,2026-09-03 08:00:00+00:00,LCK/2026 Season/Season Playoffs,5,BNK FEARX,Dplus Kia,lolcast,series,0.2813,2026-08-31 02:41:35.764634+00:00,77.31,,0.0,2.0,3.0,2026-09-04 10:07:05.615757+00:00
LCK/2026 Season/Season Playoffs_Round 1_3,2026-09-03 08:00:00+00:00,LCK/2026 Season/Season Playoffs,5,BNK FEARX,Dplus Kia,elo,series,0.2632,2026-08-31 02:41:35.764634+00:00,77.31,,0.0,2.0,3.0,2026-09-04 10:07:05.615757+00:00
LCK/2026 Season/Season Playoffs_Round 1_3,2026-09-03 08:00:00+00:00,LCK/2026 Season/Season Playoffs,5,BNK FEARX,Dplus Kia,polymarket,series,0.5,2026-08-31 02:41:35.764634+00:00,77.31,572.709,0.0,2.0,3.0,2026-09-04 10:07:05.615757+00:00
LCK/2026 Season/Season Playoffs_Round 1_3,2026-09-03 08:00:00+00:00,LCK/2026 Season/Season Playoffs,5,BNK FEARX,Dplus Kia,lolcast,sweep_team1,0.0508,2026-08-31 02:41:35.764634+00:00,77.31,,0.0,2.0,3.0,2026-09-04 10:07:05.615757+00:00
LCK/2026 Season/Season Playoffs_Round 1_3,2026-09-03 08:00:00+00:00,LCK/2026 Season/Season Playoffs,5,BNK FEARX,Dplus Kia,elo,sweep_team1,0.0468,2026-08-31 02:41:35.764634+00:00,77.31,,0.0,2.0,3.0,2026-09-04 10:07:05.615757+00:00
LCK/2026 Season/Season Playoffs_Round 1_3,2026-09-03 08:00:00+00:00,LCK/2026 Season/Season Playoffs,5,BNK FEARX,Dplus Kia,lolcast,sweep_team2,0.2303,2026-08-31 02:41:35.764634+00:00,77.31,,0.0,2.0,3.0,2026-09-04 10:07:05.615757+00:00
LCK/2026 Season/Season Playoffs_Round 1_3,2026-09-03 08:00:00+00:00,LCK/2026 Season/Season Playoffs,5,BNK FEARX,Dplus Kia,elo,sweep_team2,0.2443,2026-08-31 02:41:35.764634+00:00,77.31,,0.0,2.0,3.0,2026-09-04 10:07:05.615757+00:00
LPL/2026 Season/Grand Finals_Round 2_1,2026-09-03 09:00:00+00:00,LPL/2026 Season/Grand Finals,5,Bilibili Gaming,Team WE,lolcast,series,0.8826,2026-08-31 02:41:35.764634+00:00,78.31,,1.0,3.0,1.0,2026-09-04 10:07:05.615757+00:00
LPL/2026 Season/Grand Finals_Round 2_1,2026-09-03 09:00:00+00:00,LPL/2026 Season/Grand Finals,5,Bilibili Gaming,Team WE,elo,series,0.8795,2026-08-31 02:41:35.764634+00:00,78.31,,1.0,3.0,1.0,2026-09-04 10:07:05.615757+00:00
LPL/2026 Season/Grand Finals_Round 2_1,2026-09-03 09:00:00+00:00,LPL/2026 Season/Grand Finals,5,Bilibili Gaming,Team WE,polymarket,series,0.735,2026-08-31 02:41:35.764634+00:00,78.31,1337.8921,1.0,3.0,1.0,2026-09-04 10:07:05.615757+00:00
LPL/2026 Season/Grand Finals_Round 2_1,2026-09-03 09:00:00+00:00,LPL/2026 Season/Grand Finals,5,Bilibili Gaming,Team WE,lolcast,sweep_team1,0.3872,2026-08-31 02:41:35.764634+00:00,78.31,,0.0,3.0,1.0,2026-09-04 10:07:05.615757+00:00
LPL/2026 Season/Grand Finals_Round 2_1,2026-09-03 09:00:00+00:00,LPL/2026 Season/Grand Finals,5,Bilibili Gaming,Team WE,elo,sweep_team1,0.3866,2026-08-31 02:41:35.764634+00:00,78.31,,0.0,3.0,1.0,2026-09-04 10:07:05.615757+00:00
LPL/2026 Season/Grand Finals_Round 2_1,2026-09-03 09:00:00+00:00,LPL/2026 Season/Grand Finals,5,Bilibili Gaming,Team WE,lolcast,sweep_team2,0.0165,2026-08-31 02:41:35.764634+00:00,78.31,,0.0,3.0,1.0,2026-09-04 10:07:05.615757+00:00
LPL/2026 Season/Grand Finals_Round 2_1,2026-09-03 09:00:00+00:00,LPL/2026 Season/Grand Finals,5,Bilibili Gaming,Team WE,elo,sweep_team2,0.0175,2026-08-31 02:41:35.764634+00:00,78.31,,0.0,3.0,1.0,2026-09-04 10:07:05.615757+00:00
LPL/2026 Season/Grand Finals_Round 2_2,2026-09-04 09:00:00+00:00,LPL/2026 Season/Grand Finals,5,Anyone's Legend,LGD Gaming,lolcast,series,0.5975,2026-08-31 02:41:35.764634+00:00,102.31,,1.0,3.0,1.0,2026-09-05 09:36:52.083245+00:00
LPL/2026 Season/Grand Finals_Round 2_2,2026-09-04 09:00:00+00:00,LPL/2026 Season/Grand Finals,5,Anyone's Legend,LGD Gaming,elo,series,0.618,2026-08-31 02:41:35.764634+00:00,102.31,,1.0,3.0,1.0,2026-09-05 09:36:52.083245+00:00
LPL/2026 Season/Grand Finals_Round 2_2,2026-09-04 09:00:00+00:00,LPL/2026 Season/Grand Finals,5,Anyone's Legend,LGD Gaming,polymarket,series,0.65,2026-08-31 02:41:35.764634+00:00,102.31,1575.1364,1.0,3.0,1.0,2026-09-05 09:36:52.083245+00:00
LPL/2026 Season/Grand Finals_Round 2_2,2026-09-04 09:00:00+00:00,LPL/2026 Season/Grand Finals,5,Anyone's Legend,LGD Gaming,lolcast,sweep_team1,0.1571,2026-08-31 02:41:35.764634+00:00,102.31,,0.0,3.0,1.0,2026-09-05 09:36:52.083245+00:00
LPL/2026 Season/Grand Finals_Round 2_2,2026-09-04 09:00:00+00:00,LPL/2026 Season/Grand Finals,5,Anyone's Legend,LGD Gaming,elo,sweep_team1,0.1719,2026-08-31 02:41:35.764634+00:00,102.31,,0.0,3.0,1.0,2026-09-05 09:36:52.083245+00:00
LPL/2026 Season/Grand Finals_Round 2_2,2026-09-04 09:00:00+00:00,LPL/2026 Season/Grand Finals,5,Anyone's Legend,LGD Gaming,lolcast,sweep_team2,0.0822,2026-08-31 02:41:35.764634+00:00,102.31,,0.0,3.0,1.0,2026-09-05 09:36:52.083245+00:00
LPL/2026 Season/Grand Finals_Round 2_2,2026-09-04 09:00:00+00:00,LPL/2026 Season/Grand Finals,5,Anyone's Legend,LGD Gaming,elo,sweep_team2,0.0788,2026-08-31 02:41:35.764634+00:00,102.31,,0.0,3.0,1.0,2026-09-05 09:36:52.083245+00:00
LPL/2026 Season/Grand Finals_Round 1_3,2026-09-05 06:00:00+00:00,LPL/2026 Season/Grand Finals,5,Invictus Gaming,Top Esports,lolcast,series,0.3816,2026-08-31 02:41:35.764634+00:00,123.31,,1.0,3.0,2.0,2026-09-05 23:20:31.061390+00:00
LPL/2026 Season/Grand Finals_Round 1_3,2026-09-05 06:00:00+00:00,LPL/2026 Season/Grand Finals,5,Invictus Gaming,Top Esports,elo,series,0.3744,2026-08-31 02:41:35.764634+00:00,123.31,,1.0,3.0,2.0,2026-09-05 23:20:31.061390+00:00
LPL/2026 Season/Grand Finals_Round 1_3,2026-09-05 06:00:00+00:00,LPL/2026 Season/Grand Finals,5,Invictus Gaming,Top Esports,polymarket,series,0.48,2026-08-31 02:41:35.764634+00:00,123.31,1303.086,1.0,3.0,2.0,2026-09-05 23:20:31.061390+00:00
LPL/2026 Season/Grand Finals_Round 1_3,2026-09-05 06:00:00+00:00,LPL/2026 Season/Grand Finals,5,Invictus Gaming,Top Esports,lolcast,sweep_team1,0.0787,2026-08-31 02:41:35.764634+00:00,123.31,,0.0,3.0,2.0,2026-09-05 23:20:31.061390+00:00
LPL/2026 Season/Grand Finals_Round 1_3,2026-09-05 06:00:00+00:00,LPL/2026 Season/Grand Finals,5,Invictus Gaming,Top Esports,elo,sweep_team1,0.0766,2026-08-31 02:41:35.764634+00:00,123.31,,0.0,3.0,2.0,2026-09-05 23:20:31.061390+00:00
LPL/2026 Season/Grand Finals_Round 1_3,2026-09-05 06:00:00+00:00,LPL/2026 Season/Grand Finals,5,Invictus Gaming,Top Esports,lolcast,sweep_team2,0.1721,2026-08-31 02:41:35.764634+00:00,123.31,,0.0,3.0,2.0,2026-09-05 23:20:31.061390+00:00
LPL/2026 Season/Grand Finals_Round 1_3,2026-09-05 06:00:00+00:00,LPL/2026 Season/Grand Finals,5,Invictus Gaming,Top Esports,elo,sweep_team2,0.1758,2026-08-31 02:41:35.764634+00:00,123.31,,0.0,3.0,2.0,2026-09-05 23:20:31.061390+00:00
LPL/2026 Season/Grand Finals_Round 1_4,2026-09-05 09:00:00+00:00,LPL/2026 Season/Grand Finals,5,Ninjas in Pyjamas.CN,JD Gaming,lolcast,series,0.6909,2026-08-31 02:41:35.764634+00:00,126.31,,1.0,3.0,0.0,2026-09-05 23:20:31.061390+00:00
LPL/2026 Season/Grand Finals_Round 1_4,2026-09-05 09:00:00+00:00,LPL/2026 Season/Grand Finals,5,Ninjas in Pyjamas.CN,JD Gaming,elo,series,0.621,2026-08-31 02:41:35.764634+00:00,126.31,,1.0,3.0,0.0,2026-09-05 23:20:31.061390+00:00
LPL/2026 Season/Grand Finals_Round 1_4,2026-09-05 09:00:00+00:00,LPL/2026 Season/Grand Finals,5,Ninjas in Pyjamas.CN,JD Gaming,lolcast,sweep_team1,0.2116,2026-08-31 02:41:35.764634+00:00,126.31,,1.0,3.0,0.0,2026-09-05 23:20:31.061390+00:00
LPL/2026 Season/Grand Finals_Round 1_4,2026-09-05 09:00:00+00:00,LPL/2026 Season/Grand Finals,5,Ninjas in Pyjamas.CN,JD Gaming,elo,sweep_team1,0.1734,2026-08-31 02:41:35.764634+00:00,126.31,,1.0,3.0,0.0,2026-09-05 23:20:31.061390+00:00
LPL/2026 Season/Grand Finals_Round 1_4,2026-09-05 09:00:00+00:00,LPL/2026 Season/Grand Finals,5,Ninjas in Pyjamas.CN,JD Gaming,lolcast,sweep_team2,0.0576,2026-08-31 02:41:35.764634+00:00,126.31,,0.0,3.0,0.0,2026-09-05 23:20:31.061390+00:00
LPL/2026 Season/Grand Finals_Round 1_4,2026-09-05 09:00:00+00:00,LPL/2026 Season/Grand Finals,5,Ninjas in Pyjamas.CN,JD Gaming,elo,sweep_team2,0.0779,2026-08-31 02:41:35.764634+00:00,126.31,,0.0,3.0,0.0,2026-09-05 23:20:31.061390+00:00
LEC/2026 Season/Summer Playoffs_Round 1_1,2026-09-05 10:00:00+00:00,LEC/2026 Season/Summer Playoffs,5,Team Vitality,G2 Esports,lolcast,series,0.3338,2026-08-31 02:41:35.764634+00:00,127.31,,0.0,0.0,3.0,2026-09-05 23:20:31.061390+00:00
LEC/2026 Season/Summer Playoffs_Round 1_1,2026-09-05 10:00:00+00:00,LEC/2026 Season/Summer Playoffs,5,Team Vitality,G2 Esports,elo,series,0.3703,2026-08-31 02:41:35.764634+00:00,127.31,,0.0,0.0,3.0,2026-09-05 23:20:31.061390+00:00
LEC/2026 Season/Summer Playoffs_Round 1_1,2026-09-05 10:00:00+00:00,LEC/2026 Season/Summer Playoffs,5,Team Vitality,G2 Esports,lolcast,sweep_team1,0.0649,2026-08-31 02:41:35.764634+00:00,127.31,,0.0,0.0,3.0,2026-09-05 23:20:31.061390+00:00
LEC/2026 Season/Summer Playoffs_Round 1_1,2026-09-05 10:00:00+00:00,LEC/2026 Season/Summer Playoffs,5,Team Vitality,G2 Esports,elo,sweep_team1,0.0753,2026-08-31 02:41:35.764634+00:00,127.31,,0.0,0.0,3.0,2026-09-05 23:20:31.061390+00:00
LEC/2026 Season/Summer Playoffs_Round 1_1,2026-09-05 10:00:00+00:00,LEC/2026 Season/Summer Playoffs,5,Team Vitality,G2 Esports,lolcast,sweep_team2,0.1982,2026-08-31 02:41:35.764634+00:00,127.31,,1.0,0.0,3.0,2026-09-05 23:20:31.061390+00:00
LEC/2026 Season/Summer Playoffs_Round 1_1,2026-09-05 10:00:00+00:00,LEC/2026 Season/Summer Playoffs,5,Team Vitality,G2 Esports,elo,sweep_team2,0.178,2026-08-31 02:41:35.764634+00:00,127.31,,1.0,0.0,3.0,2026-09-05 23:20:31.061390+00:00
LEC/2026 Season/Summer Playoffs_Round 1_2,2026-09-05 15:00:00+00:00,LEC/2026 Season/Summer Playoffs,5,Karmine Corp,GIANTX,lolcast,series,0.8837,2026-08-31 02:41:35.764634+00:00,132.31,,1.0,3.0,1.0,2026-09-05 23:20:31.061390+00:00
LEC/2026 Season/Summer Playoffs_Round 1_2,2026-09-05 15:00:00+00:00,LEC/2026 Season/Summer Playoffs,5,Karmine Corp,GIANTX,elo,series,0.8634,2026-08-31 02:41:35.764634+00:00,132.31,,1.0,3.0,1.0,2026-09-05 23:20:31.061390+00:00
LEC/2026 Season/Summer Playoffs_Round 1_2,2026-09-05 15:00:00+00:00,LEC/2026 Season/Summer Playoffs,5,Karmine Corp,GIANTX,lolcast,sweep_team1,0.389,2026-08-31 02:41:35.764634+00:00,132.31,,0.0,3.0,1.0,2026-09-05 23:20:31.061390+00:00
LEC/2026 Season/Summer Playoffs_Round 1_2,2026-09-05 15:00:00+00:00,LEC/2026 Season/Summer Playoffs,5,Karmine Corp,GIANTX,elo,sweep_team1,0.3649,2026-08-31 02:41:35.764634+00:00,132.31,,0.0,3.0,1.0,2026-09-05 23:20:31.061390+00:00
LEC/2026 Season/Summer Playoffs_Round 1_2,2026-09-05 15:00:00+00:00,LEC/2026 Season/Summer Playoffs,5,Karmine Corp,GIANTX,lolcast,sweep_team2,0.0163,2026-08-31 02:41:35.764634+00:00,132.31,,0.0,3.0,1.0,2026-09-05 23:20:31.061390+00:00
LEC/2026 Season/Summer Playoffs_Round 1_2,2026-09-05 15:00:00+00:00,LEC/2026 Season/Summer Playoffs,5,Karmine Corp,GIANTX,elo,sweep_team2,0.0203,2026-08-31 02:41:35.764634+00:00,132.31,,0.0,3.0,1.0,2026-09-05 23:20:31.061390+00:00
CBLOL/2026 Season/Split 2 Playoffs_Round 1_1,2026-09-05 16:00:00+00:00,CBLOL/2026 Season/Split 2 Playoffs,5,Vivo Keyd Stars,paiN Gaming,lolcast,series,0.7187,2026-08-31 02:41:35.764634+00:00,133.31,,0.0,1.0,3.0,2026-09-05 23:20:31.061390+00:00
CBLOL/2026 Season/Split 2 Playoffs_Round 1_1,2026-09-05 16:00:00+00:00,CBLOL/2026 Season/Split 2 Playoffs,5,Vivo Keyd Stars,paiN Gaming,elo,series,0.7021,2026-08-31 02:41:35.764634+00:00,133.31,,0.0,1.0,3.0,2026-09-05 23:20:31.061390+00:00
CBLOL/2026 Season/Split 2 Playoffs_Round 1_1,2026-09-05 16:00:00+00:00,CBLOL/2026 Season/Split 2 Playoffs,5,Vivo Keyd Stars,paiN Gaming,lolcast,sweep_team1,0.2303,2026-08-31 02:41:35.764634+00:00,133.31,,0.0,1.0,3.0,2026-09-05 23:20:31.061390+00:00
CBLOL/2026 Season/Split 2 Playoffs_Round 1_1,2026-09-05 16:00:00+00:00,CBLOL/2026 Season/Split 2 Playoffs,5,Vivo Keyd Stars,paiN Gaming,elo,sweep_team1,0.2205,2026-08-31 02:41:35.764634+00:00,133.31,,0.0,1.0,3.0,2026-09-05 23:20:31.061390+00:00
CBLOL/2026 Season/Split 2 Playoffs_Round 1_1,2026-09-05 16:00:00+00:00,CBLOL/2026 Season/Split 2 Playoffs,5,Vivo Keyd Stars,paiN Gaming,lolcast,sweep_team2,0.0508,2026-08-31 02:41:35.764634+00:00,133.31,,0.0,1.0,3.0,2026-09-05 23:20:31.061390+00:00
CBLOL/2026 Season/Split 2 Playoffs_Round 1_1,2026-09-05 16:00:00+00:00,CBLOL/2026 Season/Split 2 Playoffs,5,Vivo Keyd Stars,paiN Gaming,elo,sweep_team2,0.0554,2026-08-31 02:41:35.764634+00:00,133.31,,0.0,1.0,3.0,2026-09-05 23:20:31.061390+00:00
LCS/2026 Season/Summer Season_Week 7_1,2026-09-05 20:00:00+00:00,LCS/2026 Season/Summer Season,3,Sentinels,Cloud9,lolcast,series,0.3537,2026-08-31 02:41:35.764634+00:00,137.31,,0.0,0.0,2.0,2026-09-05 23:20:31.061390+00:00
LCS/2026 Season/Summer Season_Week 7_1,2026-09-05 20:00:00+00:00,LCS/2026 Season/Summer Season,3,Sentinels,Cloud9,elo,series,0.4146,2026-08-31 02:41:35.764634+00:00,137.31,,0.0,0.0,2.0,2026-09-05 23:20:31.061390+00:00
LCS/2026 Season/Summer Season_Week 7_1,2026-09-05 20:00:00+00:00,LCS/2026 Season/Summer Season,3,Sentinels,Cloud9,lolcast,sweep_team1,0.1549,2026-08-31 02:41:35.764634+00:00,137.31,,0.0,0.0,2.0,2026-09-05 23:20:31.061390+00:00
LCS/2026 Season/Summer Season_Week 7_1,2026-09-05 20:00:00+00:00,LCS/2026 Season/Summer Season,3,Sentinels,Cloud9,elo,sweep_team1,0.1911,2026-08-31 02:41:35.764634+00:00,137.31,,0.0,0.0,2.0,2026-09-05 23:20:31.061390+00:00
LCS/2026 Season/Summer Season_Week 7_1,2026-09-05 20:00:00+00:00,LCS/2026 Season/Summer Season,3,Sentinels,Cloud9,lolcast,sweep_team2,0.3495,2026-08-31 02:41:35.764634+00:00,137.31,,1.0,0.0,2.0,2026-09-05 23:20:31.061390+00:00
LCS/2026 Season/Summer Season_Week 7_1,2026-09-05 20:00:00+00:00,LCS/2026 Season/Summer Season,3,Sentinels,Cloud9,elo,sweep_team2,0.3041,2026-08-31 02:41:35.764634+00:00,137.31,,1.0,0.0,2.0,2026-09-05 23:20:31.061390+00:00
LCS/2026 Season/Summer Season_Week 7_2,2026-09-05 23:00:00+00:00,LCS/2026 Season/Summer Season,3,Dignitas,Team Liquid,lolcast,series,0.0599,2026-08-31 02:41:35.764634+00:00,140.31,,0.0,0.0,2.0,2026-09-05 23:20:31.061390+00:00
LCS/2026 Season/Summer Season_Week 7_2,2026-09-05 23:00:00+00:00,LCS/2026 Season/Summer Season,3,Dignitas,Team Liquid,elo,series,0.0748,2026-08-31 02:41:35.764634+00:00,140.31,,0.0,0.0,2.0,2026-09-05 23:20:31.061390+00:00
LCS/2026 Season/Summer Season_Week 7_2,2026-09-05 23:00:00+00:00,LCS/2026 Season/Summer Season,3,Dignitas,Team Liquid,lolcast,sweep_team1,0.022,2026-08-31 02:41:35.764634+00:00,140.31,,0.0,0.0,2.0,2026-09-05 23:20:31.061390+00:00
LCS/2026 Season/Summer Season_Week 7_2,2026-09-05 23:00:00+00:00,LCS/2026 Season/Summer Season,3,Dignitas,Team Liquid,elo,sweep_team1,0.027,2026-08-31 02:41:35.764634+00:00,140.31,,0.0,0.0,2.0,2026-09-05 23:20:31.061390+00:00
LCS/2026 Season/Summer Season_Week 7_2,2026-09-05 23:00:00+00:00,LCS/2026 Season/Summer Season,3,Dignitas,Team Liquid,lolcast,sweep_team2,0.7235,2026-08-31 02:41:35.764634+00:00,140.31,,1.0,0.0,2.0,2026-09-05 23:20:31.061390+00:00
LCS/2026 Season/Summer Season_Week 7_2,2026-09-05 23:00:00+00:00,LCS/2026 Season/Summer Season,3,Dignitas,Team Liquid,elo,sweep_team2,0.6876,2026-08-31 02:41:35.764634+00:00,140.31,,1.0,0.0,2.0,2026-09-05 23:20:31.061390+00:00
CBLOL/2026 Season/Split 2 Playoffs_Round 1_2,2026-09-06 16:00:00+00:00,CBLOL/2026 Season/Split 2 Playoffs,5,FURIA,RED Canids,lolcast,series,0.863,2026-08-31 02:41:35.764634+00:00,157.31,,1.0,3.0,0.0,2026-09-06 23:07:56.780111+00:00
CBLOL/2026 Season/Split 2 Playoffs_Round 1_2,2026-09-06 16:00:00+00:00,CBLOL/2026 Season/Split 2 Playoffs,5,FURIA,RED Canids,elo,series,0.8134,2026-08-31 02:41:35.764634+00:00,157.31,,1.0,3.0,0.0,2026-09-06 23:07:56.780111+00:00
CBLOL/2026 Season/Split 2 Playoffs_Round 1_2,2026-09-06 16:00:00+00:00,CBLOL/2026 Season/Split 2 Playoffs,5,FURIA,RED Canids,lolcast,sweep_team1,0.361,2026-08-31 02:41:35.764634+00:00,157.31,,1.0,3.0,0.0,2026-09-06 23:07:56.780111+00:00
CBLOL/2026 Season/Split 2 Playoffs_Round 1_2,2026-09-06 16:00:00+00:00,CBLOL/2026 Season/Split 2 Playoffs,5,FURIA,RED Canids,elo,sweep_team1,0.309,2026-08-31 02:41:35.764634+00:00,157.31,,1.0,3.0,0.0,2026-09-06 23:07:56.780111+00:00
CBLOL/2026 Season/Split 2 Playoffs_Round 1_2,2026-09-06 16:00:00+00:00,CBLOL/2026 Season/Split 2 Playoffs,5,FURIA,RED Canids,lolcast,sweep_team2,0.0199,2026-08-31 02:41:35.764634+00:00,157.31,,0.0,3.0,0.0,2026-09-06 23:07:56.780111+00:00
CBLOL/2026 Season/Split 2 Playoffs_Round 1_2,2026-09-06 16:00:00+00:00,CBLOL/2026 Season/Split 2 Playoffs,5,FURIA,RED Canids,elo,sweep_team2,0.03,2026-08-31 02:41:35.764634+00:00,157.31,,0.0,3.0,0.0,2026-09-06 23:07:56.780111+00:00
LCS/2026 Season/Summer Season_Week 7_3,2026-09-06 20:00:00+00:00,LCS/2026 Season/Summer Season,3,FlyQuest,Shopify Rebellion,lolcast,series,0.6315,2026-08-31 02:41:35.764634+00:00,161.31,,1.0,2.0,0.0,2026-09-06 23:07:56.780111+00:00
LCS/2026 Season/Summer Season_Week 7_3,2026-09-06 20:00:00+00:00,LCS/2026 Season/Summer Season,3,FlyQuest,Shopify Rebellion,elo,series,0.6105,2026-08-31 02:41:35.764634+00:00,161.31,,1.0,2.0,0.0,2026-09-06 23:07:56.780111+00:00
LCS/2026 Season/Summer Season_Week 7_3,2026-09-06 20:00:00+00:00,LCS/2026 Season/Summer Season,3,FlyQuest,Shopify Rebellion,lolcast,sweep_team1,0.3414,2026-08-31 02:41:35.764634+00:00,161.31,,1.0,2.0,0.0,2026-09-06 23:07:56.780111+00:00
LCS/2026 Season/Summer Season_Week 7_3,2026-09-06 20:00:00+00:00,LCS/2026 Season/Summer Season,3,FlyQuest,Shopify Rebellion,elo,sweep_team1,0.3232,2026-08-31 02:41:35.764634+00:00,161.31,,1.0,2.0,0.0,2026-09-06 23:07:56.780111+00:00
LCS/2026 Season/Summer Season_Week 7_3,2026-09-06 20:00:00+00:00,LCS/2026 Season/Summer Season,3,FlyQuest,Shopify Rebellion,lolcast,sweep_team2,0.1657,2026-08-31 02:41:35.764634+00:00,161.31,,0.0,2.0,0.0,2026-09-06 23:07:56.780111+00:00
LCS/2026 Season/Summer Season_Week 7_3,2026-09-06 20:00:00+00:00,LCS/2026 Season/Summer Season,3,FlyQuest,Shopify Rebellion,elo,sweep_team2,0.1765,2026-08-31 02:41:35.764634+00:00,161.31,,0.0,2.0,0.0,2026-09-06 23:07:56.780111+00:00
LCS/2026 Season/Summer Season_Week 7_4,2026-09-06 23:00:00+00:00,LCS/2026 Season/Summer Season,3,Disguised,LYON (2024 American Team),lolcast,series,0.0506,2026-08-31 02:41:35.764634+00:00,164.31,,0.0,0.0,2.0,2026-09-06 23:07:56.780111+00:00
LCS/2026 Season/Summer Season_Week 7_4,2026-09-06 23:00:00+00:00,LCS/2026 Season/Summer Season,3,Disguised,LYON (2024 American Team),elo,series,0.0638,2026-08-31 02:41:35.764634+00:00,164.31,,0.0,0.0,2.0,2026-09-06 23:07:56.780111+00:00
LCS/2026 Season/Summer Season_Week 7_4,2026-09-06 23:00:00+00:00,LCS/2026 Season/Summer Season,3,Disguised,LYON (2024 American Team),lolcast,sweep_team1,0.0189,2026-08-31 02:41:35.764634+00:00,164.31,,0.0,0.0,2.0,2026-09-06 23:07:56.780111+00:00
LCS/2026 Season/Summer Season_Week 7_4,2026-09-06 23:00:00+00:00,LCS/2026 Season/Summer Season,3,Disguised,LYON (2024 American Team),elo,sweep_team1,0.0228,2026-08-31 02:41:35.764634+00:00,164.31,,0.0,0.0,2.0,2026-09-06 23:07:56.780111+00:00
LCS/2026 Season/Summer Season_Week 7_4,2026-09-06 23:00:00+00:00,LCS/2026 Season/Summer Season,3,Disguised,LYON (2024 American Team),lolcast,sweep_team2,0.7483,2026-08-31 02:41:35.764634+00:00,164.31,,1.0,0.0,2.0,2026-09-06 23:07:56.780111+00:00
LCS/2026 Season/Summer Season_Week 7_4,2026-09-06 23:00:00+00:00,LCS/2026 Season/Summer Season,3,Disguised,LYON (2024 American Team),elo,sweep_team2,0.7106,2026-08-31 02:41:35.764634+00:00,164.31,,1.0,0.0,2.0,2026-09-06 23:07:56.780111+00:00
LCK/2026 Season/Season Playoffs_Round 2_1,2026-09-01 08:00:00+00:00,LCK/2026 Season/Season Playoffs,5,Gen.G,KT Rolster,lolcast,series,0.7544,2026-08-31 12:04:20.074696+00:00,19.93,,1.0,3.0,0.0,2026-09-01 10:42:43.370527+00:00
LCK/2026 Season/Season Playoffs_Round 2_1,2026-09-01 08:00:00+00:00,LCK/2026 Season/Season Playoffs,5,Gen.G,KT Rolster,elo,series,0.7653,2026-08-31 12:04:20.074696+00:00,19.93,,1.0,3.0,0.0,2026-09-01 10:42:43.370527+00:00
LCK/2026 Season/Season Playoffs_Round 2_1,2026-09-01 08:00:00+00:00,LCK/2026 Season/Season Playoffs,5,Gen.G,KT Rolster,polymarket,series,0.695,2026-08-31 12:04:20.074696+00:00,19.93,27102.7593,1.0,3.0,0.0,2026-09-01 10:42:43.370527+00:00
LCK/2026 Season/Season Playoffs_Round 2_1,2026-09-01 08:00:00+00:00,LCK/2026 Season/Season Playoffs,5,Gen.G,KT Rolster,lolcast,sweep_team1,0.2551,2026-08-31 12:04:20.074696+00:00,19.93,,1.0,3.0,0.0,2026-09-01 10:42:43.370527+00:00
LCK/2026 Season/Season Playoffs_Round 2_1,2026-09-01 08:00:00+00:00,LCK/2026 Season/Season Playoffs,5,Gen.G,KT Rolster,elo,sweep_team1,0.2662,2026-08-31 12:04:20.074696+00:00,19.93,,1.0,3.0,0.0,2026-09-01 10:42:43.370527+00:00
LCK/2026 Season/Season Playoffs_Round 2_1,2026-09-01 08:00:00+00:00,LCK/2026 Season/Season Playoffs,5,Gen.G,KT Rolster,lolcast,sweep_team2,0.042,2026-08-31 12:04:20.074696+00:00,19.93,,0.0,3.0,0.0,2026-09-01 10:42:43.370527+00:00
LCK/2026 Season/Season Playoffs_Round 2_1,2026-09-01 08:00:00+00:00,LCK/2026 Season/Season Playoffs,5,Gen.G,KT Rolster,elo,sweep_team2,0.0402,2026-08-31 12:04:20.074696+00:00,19.93,,0.0,3.0,0.0,2026-09-01 10:42:43.370527+00:00
LCK/2026 Season/Season Playoffs_Round 2_2,2026-09-02 08:00:00+00:00,LCK/2026 Season/Season Playoffs,5,Hanwha Life Esports,T1,lolcast,series,0.6755,2026-08-31 12:04:20.074696+00:00,43.93,,1.0,3.0,2.0,2026-09-02 12:20:01.359687+00:00
LCK/2026 Season/Season Playoffs_Round 2_2,2026-09-02 08:00:00+00:00,LCK/2026 Season/Season Playoffs,5,Hanwha Life Esports,T1,elo,series,0.6043,2026-08-31 12:04:20.074696+00:00,43.93,,1.0,3.0,2.0,2026-09-02 12:20:01.359687+00:00
LCK/2026 Season/Season Playoffs_Round 2_2,2026-09-02 08:00:00+00:00,LCK/2026 Season/Season Playoffs,5,Hanwha Life Esports,T1,polymarket,series,0.555,2026-08-31 12:04:20.074696+00:00,43.93,3739.1339,1.0,3.0,2.0,2026-09-02 12:20:01.359687+00:00
LCK/2026 Season/Season Playoffs_Round 2_2,2026-09-02 08:00:00+00:00,LCK/2026 Season/Season Playoffs,5,Hanwha Life Esports,T1,lolcast,sweep_team1,0.2041,2026-08-31 12:04:20.074696+00:00,43.93,,0.0,3.0,2.0,2026-09-02 12:20:01.359687+00:00
LCK/2026 Season/Season Playoffs_Round 2_2,2026-09-02 08:00:00+00:00,LCK/2026 Season/Season Playoffs,5,Hanwha Life Esports,T1,elo,sweep_team1,0.165,2026-08-31 12:04:20.074696+00:00,43.93,,0.0,3.0,2.0,2026-09-02 12:20:01.359687+00:00
LCK/2026 Season/Season Playoffs_Round 2_2,2026-09-02 08:00:00+00:00,LCK/2026 Season/Season Playoffs,5,Hanwha Life Esports,T1,lolcast,sweep_team2,0.0625,2026-08-31 12:04:20.074696+00:00,43.93,,0.0,3.0,2.0,2026-09-02 12:20:01.359687+00:00
LCK/2026 Season/Season Playoffs_Round 2_2,2026-09-02 08:00:00+00:00,LCK/2026 Season/Season Playoffs,5,Hanwha Life Esports,T1,elo,sweep_team2,0.0831,2026-08-31 12:04:20.074696+00:00,43.93,,0.0,3.0,2.0,2026-09-02 12:20:01.359687+00:00
North American Challengers League/2026 Season/Summer Playoffs_Round 2_3,2026-09-02 21:00:00+00:00,North American Challengers League/2026 Season/Summer Playoffs,5,NRG,Conviction,lolcast,series,0.4802,2026-08-31 12:04:20.074696+00:00,56.93,,1.0,3.0,2.0,2026-09-04 10:07:05.615757+00:00
North American Challengers League/2026 Season/Summer Playoffs_Round 2_3,2026-09-02 21:00:00+00:00,North American Challengers League/2026 Season/Summer Playoffs,5,NRG,Conviction,elo,series,0.3316,2026-08-31 12:04:20.074696+00:00,56.93,,1.0,3.0,2.0,2026-09-04 10:07:05.615757+00:00
North American Challengers League/2026 Season/Summer Playoffs_Round 2_3,2026-09-02 21:00:00+00:00,North American Challengers League/2026 Season/Summer Playoffs,5,NRG,Conviction,polymarket,series,0.655,2026-08-31 12:04:20.074696+00:00,56.93,1038.8402,1.0,3.0,2.0,2026-09-04 10:07:05.615757+00:00
North American Challengers League/2026 Season/Summer Playoffs_Round 2_3,2026-09-02 21:00:00+00:00,North American Challengers League/2026 Season/Summer Playoffs,5,NRG,Conviction,lolcast,sweep_team1,0.1117,2026-08-31 12:04:20.074696+00:00,56.93,,0.0,3.0,2.0,2026-09-04 10:07:05.615757+00:00
North American Challengers League/2026 Season/Summer Playoffs_Round 2_3,2026-09-02 21:00:00+00:00,North American Challengers League/2026 Season/Summer Playoffs,5,NRG,Conviction,elo,sweep_team1,0.0643,2026-08-31 12:04:20.074696+00:00,56.93,,0.0,3.0,2.0,2026-09-04 10:07:05.615757+00:00
North American Challengers League/2026 Season/Summer Playoffs_Round 2_3,2026-09-02 21:00:00+00:00,North American Challengers League/2026 Season/Summer Playoffs,5,NRG,Conviction,lolcast,sweep_team2,0.127,2026-08-31 12:04:20.074696+00:00,56.93,,0.0,3.0,2.0,2026-09-04 10:07:05.615757+00:00
North American Challengers League/2026 Season/Summer Playoffs_Round 2_3,2026-09-02 21:00:00+00:00,North American Challengers League/2026 Season/Summer Playoffs,5,NRG,Conviction,elo,sweep_team2,0.1996,2026-08-31 12:04:20.074696+00:00,56.93,,0.0,3.0,2.0,2026-09-04 10:07:05.615757+00:00
LCK/2026 Season/Season Playoffs_Round 1_3,2026-09-03 08:00:00+00:00,LCK/2026 Season/Season Playoffs,5,BNK FEARX,Dplus Kia,lolcast,series,0.2813,2026-08-31 12:04:20.074696+00:00,67.93,,0.0,2.0,3.0,2026-09-04 10:07:05.615757+00:00
LCK/2026 Season/Season Playoffs_Round 1_3,2026-09-03 08:00:00+00:00,LCK/2026 Season/Season Playoffs,5,BNK FEARX,Dplus Kia,elo,series,0.2632,2026-08-31 12:04:20.074696+00:00,67.93,,0.0,2.0,3.0,2026-09-04 10:07:05.615757+00:00
LCK/2026 Season/Season Playoffs_Round 1_3,2026-09-03 08:00:00+00:00,LCK/2026 Season/Season Playoffs,5,BNK FEARX,Dplus Kia,polymarket,series,0.365,2026-08-31 12:04:20.074696+00:00,67.93,876.7673,0.0,2.0,3.0,2026-09-04 10:07:05.615757+00:00
LCK/2026 Season/Season Playoffs_Round 1_3,2026-09-03 08:00:00+00:00,LCK/2026 Season/Season Playoffs,5,BNK FEARX,Dplus Kia,lolcast,sweep_team1,0.0508,2026-08-31 12:04:20.074696+00:00,67.93,,0.0,2.0,3.0,2026-09-04 10:07:05.615757+00:00
LCK/2026 Season/Season Playoffs_Round 1_3,2026-09-03 08:00:00+00:00,LCK/2026 Season/Season Playoffs,5,BNK FEARX,Dplus Kia,elo,sweep_team1,0.0468,2026-08-31 12:04:20.074696+00:00,67.93,,0.0,2.0,3.0,2026-09-04 10:07:05.615757+00:00
LCK/2026 Season/Season Playoffs_Round 1_3,2026-09-03 08:00:00+00:00,LCK/2026 Season/Season Playoffs,5,BNK FEARX,Dplus Kia,lolcast,sweep_team2,0.2303,2026-08-31 12:04:20.074696+00:00,67.93,,0.0,2.0,3.0,2026-09-04 10:07:05.615757+00:00
LCK/2026 Season/Season Playoffs_Round 1_3,2026-09-03 08:00:00+00:00,LCK/2026 Season/Season Playoffs,5,BNK FEARX,Dplus Kia,elo,sweep_team2,0.2443,2026-08-31 12:04:20.074696+00:00,67.93,,0.0,2.0,3.0,2026-09-04 10:07:05.615757+00:00
LPL/2026 Season/Grand Finals_Round 2_1,2026-09-03 09:00:00+00:00,LPL/2026 Season/Grand Finals,5,Bilibili Gaming,Team WE,lolcast,series,0.8826,2026-08-31 12:04:20.074696+00:00,68.93,,1.0,3.0,1.0,2026-09-04 10:07:05.615757+00:00
LPL/2026 Season/Grand Finals_Round 2_1,2026-09-03 09:00:00+00:00,LPL/2026 Season/Grand Finals,5,Bilibili Gaming,Team WE,elo,series,0.8795,2026-08-31 12:04:20.074696+00:00,68.93,,1.0,3.0,1.0,2026-09-04 10:07:05.615757+00:00
LPL/2026 Season/Grand Finals_Round 2_1,2026-09-03 09:00:00+00:00,LPL/2026 Season/Grand Finals,5,Bilibili Gaming,Team WE,polymarket,series,0.725,2026-08-31 12:04:20.074696+00:00,68.93,1650.8287,1.0,3.0,1.0,2026-09-04 10:07:05.615757+00:00
LPL/2026 Season/Grand Finals_Round 2_1,2026-09-03 09:00:00+00:00,LPL/2026 Season/Grand Finals,5,Bilibili Gaming,Team WE,lolcast,sweep_team1,0.3872,2026-08-31 12:04:20.074696+00:00,68.93,,0.0,3.0,1.0,2026-09-04 10:07:05.615757+00:00
LPL/2026 Season/Grand Finals_Round 2_1,2026-09-03 09:00:00+00:00,LPL/2026 Season/Grand Finals,5,Bilibili Gaming,Team WE,elo,sweep_team1,0.3866,2026-08-31 12:04:20.074696+00:00,68.93,,0.0,3.0,1.0,2026-09-04 10:07:05.615757+00:00
LPL/2026 Season/Grand Finals_Round 2_1,2026-09-03 09:00:00+00:00,LPL/2026 Season/Grand Finals,5,Bilibili Gaming,Team WE,lolcast,sweep_team2,0.0165,2026-08-31 12:04:20.074696+00:00,68.93,,0.0,3.0,1.0,2026-09-04 10:07:05.615757+00:00
LPL/2026 Season/Grand Finals_Round 2_1,2026-09-03 09:00:00+00:00,LPL/2026 Season/Grand Finals,5,Bilibili Gaming,Team WE,elo,sweep_team2,0.0175,2026-08-31 12:04:20.074696+00:00,68.93,,0.0,3.0,1.0,2026-09-04 10:07:05.615757+00:00
LPL/2026 Season/Grand Finals_Round 2_2,2026-09-04 09:00:00+00:00,LPL/2026 Season/Grand Finals,5,Anyone's Legend,LGD Gaming,lolcast,series,0.5975,2026-08-31 12:04:20.074696+00:00,92.93,,1.0,3.0,1.0,2026-09-05 09:36:52.083245+00:00
LPL/2026 Season/Grand Finals_Round 2_2,2026-09-04 09:00:00+00:00,LPL/2026 Season/Grand Finals,5,Anyone's Legend,LGD Gaming,elo,series,0.618,2026-08-31 12:04:20.074696+00:00,92.93,,1.0,3.0,1.0,2026-09-05 09:36:52.083245+00:00
LPL/2026 Season/Grand Finals_Round 2_2,2026-09-04 09:00:00+00:00,LPL/2026 Season/Grand Finals,5,Anyone's Legend,LGD Gaming,lolcast,sweep_team1,0.1571,2026-08-31 12:04:20.074696+00:00,92.93,,0.0,3.0,1.0,2026-09-05 09:36:52.083245+00:00
LPL/2026 Season/Grand Finals_Round 2_2,2026-09-04 09:00:00+00:00,LPL/2026 Season/Grand Finals,5,Anyone's Legend,LGD Gaming,elo,sweep_team1,0.1719,2026-08-31 12:04:20.074696+00:00,92.93,,0.0,3.0,1.0,2026-09-05 09:36:52.083245+00:00
LPL/2026 Season/Grand Finals_Round 2_2,2026-09-04 09:00:00+00:00,LPL/2026 Season/Grand Finals,5,Anyone's Legend,LGD Gaming,lolcast,sweep_team2,0.0822,2026-08-31 12:04:20.074696+00:00,92.93,,0.0,3.0,1.0,2026-09-05 09:36:52.083245+00:00
LPL/2026 Season/Grand Finals_Round 2_2,2026-09-04 09:00:00+00:00,LPL/2026 Season/Grand Finals,5,Anyone's Legend,LGD Gaming,elo,sweep_team2,0.0788,2026-08-31 12:04:20.074696+00:00,92.93,,0.0,3.0,1.0,2026-09-05 09:36:52.083245+00:00
LPL/2026 Season/Grand Finals_Round 1_3,2026-09-05 06:00:00+00:00,LPL/2026 Season/Grand Finals,5,Invictus Gaming,Top Esports,lolcast,series,0.3816,2026-08-31 12:04:20.074696+00:00,113.93,,1.0,3.0,2.0,2026-09-05 23:20:31.061390+00:00
LPL/2026 Season/Grand Finals_Round 1_3,2026-09-05 06:00:00+00:00,LPL/2026 Season/Grand Finals,5,Invictus Gaming,Top Esports,elo,series,0.3744,2026-08-31 12:04:20.074696+00:00,113.93,,1.0,3.0,2.0,2026-09-05 23:20:31.061390+00:00
LPL/2026 Season/Grand Finals_Round 1_3,2026-09-05 06:00:00+00:00,LPL/2026 Season/Grand Finals,5,Invictus Gaming,Top Esports,polymarket,series,0.49,2026-08-31 12:04:20.074696+00:00,113.93,1554.9243,1.0,3.0,2.0,2026-09-05 23:20:31.061390+00:00
LPL/2026 Season/Grand Finals_Round 1_3,2026-09-05 06:00:00+00:00,LPL/2026 Season/Grand Finals,5,Invictus Gaming,Top Esports,lolcast,sweep_team1,0.0787,2026-08-31 12:04:20.074696+00:00,113.93,,0.0,3.0,2.0,2026-09-05 23:20:31.061390+00:00
LPL/2026 Season/Grand Finals_Round 1_3,2026-09-05 06:00:00+00:00,LPL/2026 Season/Grand Finals,5,Invictus Gaming,Top Esports,elo,sweep_team1,0.0766,2026-08-31 12:04:20.074696+00:00,113.93,,0.0,3.0,2.0,2026-09-05 23:20:31.061390+00:00
LPL/2026 Season/Grand Finals_Round 1_3,2026-09-05 06:00:00+00:00,LPL/2026 Season/Grand Finals,5,Invictus Gaming,Top Esports,lolcast,sweep_team2,0.1721,2026-08-31 12:04:20.074696+00:00,113.93,,0.0,3.0,2.0,2026-09-05 23:20:31.061390+00:00
LPL/2026 Season/Grand Finals_Round 1_3,2026-09-05 06:00:00+00:00,LPL/2026 Season/Grand Finals,5,Invictus Gaming,Top Esports,elo,sweep_team2,0.1758,2026-08-31 12:04:20.074696+00:00,113.93,,0.0,3.0,2.0,2026-09-05 23:20:31.061390+00:00
LPL/2026 Season/Grand Finals_Round 1_4,2026-09-05 09:00:00+00:00,LPL/2026 Season/Grand Finals,5,Ninjas in Pyjamas.CN,JD Gaming,lolcast,series,0.6909,2026-08-31 12:04:20.074696+00:00,116.93,,1.0,3.0,0.0,2026-09-05 23:20:31.061390+00:00
LPL/2026 Season/Grand Finals_Round 1_4,2026-09-05 09:00:00+00:00,LPL/2026 Season/Grand Finals,5,Ninjas in Pyjamas.CN,JD Gaming,elo,series,0.621,2026-08-31 12:04:20.074696+00:00,116.93,,1.0,3.0,0.0,2026-09-05 23:20:31.061390+00:00
LPL/2026 Season/Grand Finals_Round 1_4,2026-09-05 09:00:00+00:00,LPL/2026 Season/Grand Finals,5,Ninjas in Pyjamas.CN,JD Gaming,lolcast,sweep_team1,0.2116,2026-08-31 12:04:20.074696+00:00,116.93,,1.0,3.0,0.0,2026-09-05 23:20:31.061390+00:00
LPL/2026 Season/Grand Finals_Round 1_4,2026-09-05 09:00:00+00:00,LPL/2026 Season/Grand Finals,5,Ninjas in Pyjamas.CN,JD Gaming,elo,sweep_team1,0.1734,2026-08-31 12:04:20.074696+00:00,116.93,,1.0,3.0,0.0,2026-09-05 23:20:31.061390+00:00
LPL/2026 Season/Grand Finals_Round 1_4,2026-09-05 09:00:00+00:00,LPL/2026 Season/Grand Finals,5,Ninjas in Pyjamas.CN,JD Gaming,lolcast,sweep_team2,0.0576,2026-08-31 12:04:20.074696+00:00,116.93,,0.0,3.0,0.0,2026-09-05 23:20:31.061390+00:00
LPL/2026 Season/Grand Finals_Round 1_4,2026-09-05 09:00:00+00:00,LPL/2026 Season/Grand Finals,5,Ninjas in Pyjamas.CN,JD Gaming,elo,sweep_team2,0.0779,2026-08-31 12:04:20.074696+00:00,116.93,,0.0,3.0,0.0,2026-09-05 23:20:31.061390+00:00
LEC/2026 Season/Summer Playoffs_Round 1_1,2026-09-05 10:00:00+00:00,LEC/2026 Season/Summer Playoffs,5,Team Vitality,G2 Esports,lolcast,series,0.3338,2026-08-31 12:04:20.074696+00:00,117.93,,0.0,0.0,3.0,2026-09-05 23:20:31.061390+00:00
LEC/2026 Season/Summer Playoffs_Round 1_1,2026-09-05 10:00:00+00:00,LEC/2026 Season/Summer Playoffs,5,Team Vitality,G2 Esports,elo,series,0.3703,2026-08-31 12:04:20.074696+00:00,117.93,,0.0,0.0,3.0,2026-09-05 23:20:31.061390+00:00
LEC/2026 Season/Summer Playoffs_Round 1_1,2026-09-05 10:00:00+00:00,LEC/2026 Season/Summer Playoffs,5,Team Vitality,G2 Esports,lolcast,sweep_team1,0.0649,2026-08-31 12:04:20.074696+00:00,117.93,,0.0,0.0,3.0,2026-09-05 23:20:31.061390+00:00
LEC/2026 Season/Summer Playoffs_Round 1_1,2026-09-05 10:00:00+00:00,LEC/2026 Season/Summer Playoffs,5,Team Vitality,G2 Esports,elo,sweep_team1,0.0753,2026-08-31 12:04:20.074696+00:00,117.93,,0.0,0.0,3.0,2026-09-05 23:20:31.061390+00:00
LEC/2026 Season/Summer Playoffs_Round 1_1,2026-09-05 10:00:00+00:00,LEC/2026 Season/Summer Playoffs,5,Team Vitality,G2 Esports,lolcast,sweep_team2,0.1982,2026-08-31 12:04:20.074696+00:00,117.93,,1.0,0.0,3.0,2026-09-05 23:20:31.061390+00:00
LEC/2026 Season/Summer Playoffs_Round 1_1,2026-09-05 10:00:00+00:00,LEC/2026 Season/Summer Playoffs,5,Team Vitality,G2 Esports,elo,sweep_team2,0.178,2026-08-31 12:04:20.074696+00:00,117.93,,1.0,0.0,3.0,2026-09-05 23:20:31.061390+00:00
LEC/2026 Season/Summer Playoffs_Round 1_2,2026-09-05 15:00:00+00:00,LEC/2026 Season/Summer Playoffs,5,Karmine Corp,GIANTX,lolcast,series,0.8837,2026-08-31 12:04:20.074696+00:00,122.93,,1.0,3.0,1.0,2026-09-05 23:20:31.061390+00:00
LEC/2026 Season/Summer Playoffs_Round 1_2,2026-09-05 15:00:00+00:00,LEC/2026 Season/Summer Playoffs,5,Karmine Corp,GIANTX,elo,series,0.8634,2026-08-31 12:04:20.074696+00:00,122.93,,1.0,3.0,1.0,2026-09-05 23:20:31.061390+00:00
LEC/2026 Season/Summer Playoffs_Round 1_2,2026-09-05 15:00:00+00:00,LEC/2026 Season/Summer Playoffs,5,Karmine Corp,GIANTX,lolcast,sweep_team1,0.389,2026-08-31 12:04:20.074696+00:00,122.93,,0.0,3.0,1.0,2026-09-05 23:20:31.061390+00:00
LEC/2026 Season/Summer Playoffs_Round 1_2,2026-09-05 15:00:00+00:00,LEC/2026 Season/Summer Playoffs,5,Karmine Corp,GIANTX,elo,sweep_team1,0.3649,2026-08-31 12:04:20.074696+00:00,122.93,,0.0,3.0,1.0,2026-09-05 23:20:31.061390+00:00
LEC/2026 Season/Summer Playoffs_Round 1_2,2026-09-05 15:00:00+00:00,LEC/2026 Season/Summer Playoffs,5,Karmine Corp,GIANTX,lolcast,sweep_team2,0.0163,2026-08-31 12:04:20.074696+00:00,122.93,,0.0,3.0,1.0,2026-09-05 23:20:31.061390+00:00
LEC/2026 Season/Summer Playoffs_Round 1_2,2026-09-05 15:00:00+00:00,LEC/2026 Season/Summer Playoffs,5,Karmine Corp,GIANTX,elo,sweep_team2,0.0203,2026-08-31 12:04:20.074696+00:00,122.93,,0.0,3.0,1.0,2026-09-05 23:20:31.061390+00:00
CBLOL/2026 Season/Split 2 Playoffs_Round 1_1,2026-09-05 16:00:00+00:00,CBLOL/2026 Season/Split 2 Playoffs,5,Vivo Keyd Stars,paiN Gaming,lolcast,series,0.7187,2026-08-31 12:04:20.074696+00:00,123.93,,0.0,1.0,3.0,2026-09-05 23:20:31.061390+00:00
CBLOL/2026 Season/Split 2 Playoffs_Round 1_1,2026-09-05 16:00:00+00:00,CBLOL/2026 Season/Split 2 Playoffs,5,Vivo Keyd Stars,paiN Gaming,elo,series,0.7021,2026-08-31 12:04:20.074696+00:00,123.93,,0.0,1.0,3.0,2026-09-05 23:20:31.061390+00:00
CBLOL/2026 Season/Split 2 Playoffs_Round 1_1,2026-09-05 16:00:00+00:00,CBLOL/2026 Season/Split 2 Playoffs,5,Vivo Keyd Stars,paiN Gaming,lolcast,sweep_team1,0.2303,2026-08-31 12:04:20.074696+00:00,123.93,,0.0,1.0,3.0,2026-09-05 23:20:31.061390+00:00
CBLOL/2026 Season/Split 2 Playoffs_Round 1_1,2026-09-05 16:00:00+00:00,CBLOL/2026 Season/Split 2 Playoffs,5,Vivo Keyd Stars,paiN Gaming,elo,sweep_team1,0.2205,2026-08-31 12:04:20.074696+00:00,123.93,,0.0,1.0,3.0,2026-09-05 23:20:31.061390+00:00
CBLOL/2026 Season/Split 2 Playoffs_Round 1_1,2026-09-05 16:00:00+00:00,CBLOL/2026 Season/Split 2 Playoffs,5,Vivo Keyd Stars,paiN Gaming,lolcast,sweep_team2,0.0508,2026-08-31 12:04:20.074696+00:00,123.93,,0.0,1.0,3.0,2026-09-05 23:20:31.061390+00:00
CBLOL/2026 Season/Split 2 Playoffs_Round 1_1,2026-09-05 16:00:00+00:00,CBLOL/2026 Season/Split 2 Playoffs,5,Vivo Keyd Stars,paiN Gaming,elo,sweep_team2,0.0554,2026-08-31 12:04:20.074696+00:00,123.93,,0.0,1.0,3.0,2026-09-05 23:20:31.061390+00:00
LCS/2026 Season/Summer Season_Week 7_1,2026-09-05 20:00:00+00:00,LCS/2026 Season/Summer Season,3,Sentinels,Cloud9,lolcast,series,0.3537,2026-08-31 12:04:20.074696+00:00,127.93,,0.0,0.0,2.0,2026-09-05 23:20:31.061390+00:00
LCS/2026 Season/Summer Season_Week 7_1,2026-09-05 20:00:00+00:00,LCS/2026 Season/Summer Season,3,Sentinels,Cloud9,elo,series,0.4146,2026-08-31 12:04:20.074696+00:00,127.93,,0.0,0.0,2.0,2026-09-05 23:20:31.061390+00:00
LCS/2026 Season/Summer Season_Week 7_1,2026-09-05 20:00:00+00:00,LCS/2026 Season/Summer Season,3,Sentinels,Cloud9,lolcast,sweep_team1,0.1549,2026-08-31 12:04:20.074696+00:00,127.93,,0.0,0.0,2.0,2026-09-05 23:20:31.061390+00:00
LCS/2026 Season/Summer Season_Week 7_1,2026-09-05 20:00:00+00:00,LCS/2026 Season/Summer Season,3,Sentinels,Cloud9,elo,sweep_team1,0.1911,2026-08-31 12:04:20.074696+00:00,127.93,,0.0,0.0,2.0,2026-09-05 23:20:31.061390+00:00
LCS/2026 Season/Summer Season_Week 7_1,2026-09-05 20:00:00+00:00,LCS/2026 Season/Summer Season,3,Sentinels,Cloud9,lolcast,sweep_team2,0.3495,2026-08-31 12:04:20.074696+00:00,127.93,,1.0,0.0,2.0,2026-09-05 23:20:31.061390+00:00
LCS/2026 Season/Summer Season_Week 7_1,2026-09-05 20:00:00+00:00,LCS/2026 Season/Summer Season,3,Sentinels,Cloud9,elo,sweep_team2,0.3041,2026-08-31 12:04:20.074696+00:00,127.93,,1.0,0.0,2.0,2026-09-05 23:20:31.061390+00:00
LCS/2026 Season/Summer Season_Week 7_2,2026-09-05 23:00:00+00:00,LCS/2026 Season/Summer Season,3,Dignitas,Team Liquid,lolcast,series,0.0599,2026-08-31 12:04:20.074696+00:00,130.93,,0.0,0.0,2.0,2026-09-05 23:20:31.061390+00:00
LCS/2026 Season/Summer Season_Week 7_2,2026-09-05 23:00:00+00:00,LCS/2026 Season/Summer Season,3,Dignitas,Team Liquid,elo,series,0.0748,2026-08-31 12:04:20.074696+00:00,130.93,,0.0,0.0,2.0,2026-09-05 23:20:31.061390+00:00
LCS/2026 Season/Summer Season_Week 7_2,2026-09-05 23:00:00+00:00,LCS/2026 Season/Summer Season,3,Dignitas,Team Liquid,lolcast,sweep_team1,0.022,2026-08-31 12:04:20.074696+00:00,130.93,,0.0,0.0,2.0,2026-09-05 23:20:31.061390+00:00
LCS/2026 Season/Summer Season_Week 7_2,2026-09-05 23:00:00+00:00,LCS/2026 Season/Summer Season,3,Dignitas,Team Liquid,elo,sweep_team1,0.027,2026-08-31 12:04:20.074696+00:00,130.93,,0.0,0.0,2.0,2026-09-05 23:20:31.061390+00:00
LCS/2026 Season/Summer Season_Week 7_2,2026-09-05 23:00:00+00:00,LCS/2026 Season/Summer Season,3,Dignitas,Team Liquid,lolcast,sweep_team2,0.7235,2026-08-31 12:04:20.074696+00:00,130.93,,1.0,0.0,2.0,2026-09-05 23:20:31.061390+00:00
LCS/2026 Season/Summer Season_Week 7_2,2026-09-05 23:00:00+00:00,LCS/2026 Season/Summer Season,3,Dignitas,Team Liquid,elo,sweep_team2,0.6876,2026-08-31 12:04:20.074696+00:00,130.93,,1.0,0.0,2.0,2026-09-05 23:20:31.061390+00:00
CBLOL/2026 Season/Split 2 Playoffs_Round 1_2,2026-09-06 16:00:00+00:00,CBLOL/2026 Season/Split 2 Playoffs,5,FURIA,RED Canids,lolcast,series,0.863,2026-08-31 12:04:20.074696+00:00,147.93,,1.0,3.0,0.0,2026-09-06 23:07:56.780111+00:00
CBLOL/2026 Season/Split 2 Playoffs_Round 1_2,2026-09-06 16:00:00+00:00,CBLOL/2026 Season/Split 2 Playoffs,5,FURIA,RED Canids,elo,series,0.8134,2026-08-31 12:04:20.074696+00:00,147.93,,1.0,3.0,0.0,2026-09-06 23:07:56.780111+00:00
CBLOL/2026 Season/Split 2 Playoffs_Round 1_2,2026-09-06 16:00:00+00:00,CBLOL/2026 Season/Split 2 Playoffs,5,FURIA,RED Canids,lolcast,sweep_team1,0.361,2026-08-31 12:04:20.074696+00:00,147.93,,1.0,3.0,0.0,2026-09-06 23:07:56.780111+00:00
CBLOL/2026 Season/Split 2 Playoffs_Round 1_2,2026-09-06 16:00:00+00:00,CBLOL/2026 Season/Split 2 Playoffs,5,FURIA,RED Canids,elo,sweep_team1,0.309,2026-08-31 12:04:20.074696+00:00,147.93,,1.0,3.0,0.0,2026-09-06 23:07:56.780111+00:00
CBLOL/2026 Season/Split 2 Playoffs_Round 1_2,2026-09-06 16:00:00+00:00,CBLOL/2026 Season/Split 2 Playoffs,5,FURIA,RED Canids,lolcast,sweep_team2,0.0199,2026-08-31 12:04:20.074696+00:00,147.93,,0.0,3.0,0.0,2026-09-06 23:07:56.780111+00:00
CBLOL/2026 Season/Split 2 Playoffs_Round 1_2,2026-09-06 16:00:00+00:00,CBLOL/2026 Season/Split 2 Playoffs,5,FURIA,RED Canids,elo,sweep_team2,0.03,2026-08-31 12:04:20.074696+00:00,147.93,,0.0,3.0,0.0,2026-09-06 23:07:56.780111+00:00
LCS/2026 Season/Summer Season_Week 7_3,2026-09-06 20:00:00+00:00,LCS/2026 Season/Summer Season,3,FlyQuest,Shopify Rebellion,lolcast,series,0.6315,2026-08-31 12:04:20.074696+00:00,151.93,,1.0,2.0,0.0,2026-09-06 23:07:56.780111+00:00
LCS/2026 Season/Summer Season_Week 7_3,2026-09-06 20:00:00+00:00,LCS/2026 Season/Summer Season,3,FlyQuest,Shopify Rebellion,elo,series,0.6105,2026-08-31 12:04:20.074696+00:00,151.93,,1.0,2.0,0.0,2026-09-06 23:07:56.780111+00:00
LCS/2026 Season/Summer Season_Week 7_3,2026-09-06 20:00:00+00:00,LCS/2026 Season/Summer Season,3,FlyQuest,Shopify Rebellion,lolcast,sweep_team1,0.3414,2026-08-31 12:04:20.074696+00:00,151.93,,1.0,2.0,0.0,2026-09-06 23:07:56.780111+00:00
LCS/2026 Season/Summer Season_Week 7_3,2026-09-06 20:00:00+00:00,LCS/2026 Season/Summer Season,3,FlyQuest,Shopify Rebellion,elo,sweep_team1,0.3232,2026-08-31 12:04:20.074696+00:00,151.93,,1.0,2.0,0.0,2026-09-06 23:07:56.780111+00:00
LCS/2026 Season/Summer Season_Week 7_3,2026-09-06 20:00:00+00:00,LCS/2026 Season/Summer Season,3,FlyQuest,Shopify Rebellion,lolcast,sweep_team2,0.1657,2026-08-31 12:04:20.074696+00:00,151.93,,0.0,2.0,0.0,2026-09-06 23:07:56.780111+00:00
LCS/2026 Season/Summer Season_Week 7_3,2026-09-06 20:00:00+00:00,LCS/2026 Season/Summer Season,3,FlyQuest,Shopify Rebellion,elo,sweep_team2,0.1765,2026-08-31 12:04:20.074696+00:00,151.93,,0.0,2.0,0.0,2026-09-06 23:07:56.780111+00:00
LCS/2026 Season/Summer Season_Week 7_4,2026-09-06 23:00:00+00:00,LCS/2026 Season/Summer Season,3,Disguised,LYON (2024 American Team),lolcast,series,0.0506,2026-08-31 12:04:20.074696+00:00,154.93,,0.0,0.0,2.0,2026-09-06 23:07:56.780111+00:00
LCS/2026 Season/Summer Season_Week 7_4,2026-09-06 23:00:00+00:00,LCS/2026 Season/Summer Season,3,Disguised,LYON (2024 American Team),elo,series,0.0638,2026-08-31 12:04:20.074696+00:00,154.93,,0.0,0.0,2.0,2026-09-06 23:07:56.780111+00:00
LCS/2026 Season/Summer Season_Week 7_4,2026-09-06 23:00:00+00:00,LCS/2026 Season/Summer Season,3,Disguised,LYON (2024 American Team),lolcast,sweep_team1,0.0189,2026-08-31 12:04:20.074696+00:00,154.93,,0.0,0.0,2.0,2026-09-06 23:07:56.780111+00:00
LCS/2026 Season/Summer Season_Week 7_4,2026-09-06 23:00:00+00:00,LCS/2026 Season/Summer Season,3,Disguised,LYON (2024 American Team),elo,sweep_team1,0.0228,2026-08-31 12:04:20.074696+00:00,154.93,,0.0,0.0,2.0,2026-09-06 23:07:56.780111+00:00
LCS/2026 Season/Summer Season_Week 7_4,2026-09-06 23:00:00+00:00,LCS/2026 Season/Summer Season,3,Disguised,LYON (2024 American Team),lolcast,sweep_team2,0.7483,2026-08-31 12:04:20.074696+00:00,154.93,,1.0,0.0,2.0,2026-09-06 23:07:56.780111+00:00
LCS/2026 Season/Summer Season_Week 7_4,2026-09-06 23:00:00+00:00,LCS/2026 Season/Summer Season,3,Disguised,LYON (2024 American Team),elo,sweep_team2,0.7106,2026-08-31 12:04:20.074696+00:00,154.93,,1.0,0.0,2.0,2026-09-06 23:07:56.780111+00:00
LCK/2026 Season/Season Playoffs_Round 2_1,2026-09-01 08:00:00+00:00,LCK/2026 Season/Season Playoffs,5,Gen.G,KT Rolster,lolcast,series,0.7544,2026-08-31 12:13:49.168013+00:00,19.77,,1.0,3.0,0.0,2026-09-01 10:42:43.370527+00:00
LCK/2026 Season/Season Playoffs_Round 2_1,2026-09-01 08:00:00+00:00,LCK/2026 Season/Season Playoffs,5,Gen.G,KT Rolster,elo,series,0.7653,2026-08-31 12:13:49.168013+00:00,19.77,,1.0,3.0,0.0,2026-09-01 10:42:43.370527+00:00
LCK/2026 Season/Season Playoffs_Round 2_1,2026-09-01 08:00:00+00:00,LCK/2026 Season/Season Playoffs,5,Gen.G,KT Rolster,polymarket,series,0.695,2026-08-31 12:13:49.168013+00:00,19.77,27261.3487,1.0,3.0,0.0,2026-09-01 10:42:43.370527+00:00
LCK/2026 Season/Season Playoffs_Round 2_1,2026-09-01 08:00:00+00:00,LCK/2026 Season/Season Playoffs,5,Gen.G,KT Rolster,lolcast,sweep_team1,0.2551,2026-08-31 12:13:49.168013+00:00,19.77,,1.0,3.0,0.0,2026-09-01 10:42:43.370527+00:00
LCK/2026 Season/Season Playoffs_Round 2_1,2026-09-01 08:00:00+00:00,LCK/2026 Season/Season Playoffs,5,Gen.G,KT Rolster,elo,sweep_team1,0.2662,2026-08-31 12:13:49.168013+00:00,19.77,,1.0,3.0,0.0,2026-09-01 10:42:43.370527+00:00
LCK/2026 Season/Season Playoffs_Round 2_1,2026-09-01 08:00:00+00:00,LCK/2026 Season/Season Playoffs,5,Gen.G,KT Rolster,lolcast,sweep_team2,0.042,2026-08-31 12:13:49.168013+00:00,19.77,,0.0,3.0,0.0,2026-09-01 10:42:43.370527+00:00
LCK/2026 Season/Season Playoffs_Round 2_1,2026-09-01 08:00:00+00:00,LCK/2026 Season/Season Playoffs,5,Gen.G,KT Rolster,elo,sweep_team2,0.0402,2026-08-31 12:13:49.168013+00:00,19.77,,0.0,3.0,0.0,2026-09-01 10:42:43.370527+00:00
LCK/2026 Season/Season Playoffs_Round 2_2,2026-09-02 08:00:00+00:00,LCK/2026 Season/Season Playoffs,5,Hanwha Life Esports,T1,lolcast,series,0.6755,2026-08-31 12:13:49.168013+00:00,43.77,,1.0,3.0,2.0,2026-09-02 12:20:01.359687+00:00
LCK/2026 Season/Season Playoffs_Round 2_2,2026-09-02 08:00:00+00:00,LCK/2026 Season/Season Playoffs,5,Hanwha Life Esports,T1,elo,series,0.6043,2026-08-31 12:13:49.168013+00:00,43.77,,1.0,3.0,2.0,2026-09-02 12:20:01.359687+00:00
LCK/2026 Season/Season Playoffs_Round 2_2,2026-09-02 08:00:00+00:00,LCK/2026 Season/Season Playoffs,5,Hanwha Life Esports,T1,polymarket,series,0.555,2026-08-31 12:13:49.168013+00:00,43.77,3353.4736,1.0,3.0,2.0,2026-09-02 12:20:01.359687+00:00
LCK/2026 Season/Season Playoffs_Round 2_2,2026-09-02 08:00:00+00:00,LCK/2026 Season/Season Playoffs,5,Hanwha Life Esports,T1,lolcast,sweep_team1,0.2041,2026-08-31 12:13:49.168013+00:00,43.77,,0.0,3.0,2.0,2026-09-02 12:20:01.359687+00:00
LCK/2026 Season/Season Playoffs_Round 2_2,2026-09-02 08:00:00+00:00,LCK/2026 Season/Season Playoffs,5,Hanwha Life Esports,T1,elo,sweep_team1,0.165,2026-08-31 12:13:49.168013+00:00,43.77,,0.0,3.0,2.0,2026-09-02 12:20:01.359687+00:00
LCK/2026 Season/Season Playoffs_Round 2_2,2026-09-02 08:00:00+00:00,LCK/2026 Season/Season Playoffs,5,Hanwha Life Esports,T1,lolcast,sweep_team2,0.0625,2026-08-31 12:13:49.168013+00:00,43.77,,0.0,3.0,2.0,2026-09-02 12:20:01.359687+00:00
LCK/2026 Season/Season Playoffs_Round 2_2,2026-09-02 08:00:00+00:00,LCK/2026 Season/Season Playoffs,5,Hanwha Life Esports,T1,elo,sweep_team2,0.0831,2026-08-31 12:13:49.168013+00:00,43.77,,0.0,3.0,2.0,2026-09-02 12:20:01.359687+00:00
North American Challengers League/2026 Season/Summer Playoffs_Round 2_3,2026-09-02 21:00:00+00:00,North American Challengers League/2026 Season/Summer Playoffs,5,NRG,Conviction,lolcast,series,0.4802,2026-08-31 12:13:49.168013+00:00,56.77,,1.0,3.0,2.0,2026-09-04 10:07:05.615757+00:00
North American Challengers League/2026 Season/Summer Playoffs_Round 2_3,2026-09-02 21:00:00+00:00,North American Challengers League/2026 Season/Summer Playoffs,5,NRG,Conviction,elo,series,0.3316,2026-08-31 12:13:49.168013+00:00,56.77,,1.0,3.0,2.0,2026-09-04 10:07:05.615757+00:00
North American Challengers League/2026 Season/Summer Playoffs_Round 2_3,2026-09-02 21:00:00+00:00,North American Challengers League/2026 Season/Summer Playoffs,5,NRG,Conviction,polymarket,series,0.65,2026-08-31 12:13:49.168013+00:00,56.77,1042.1775,1.0,3.0,2.0,2026-09-04 10:07:05.615757+00:00
North American Challengers League/2026 Season/Summer Playoffs_Round 2_3,2026-09-02 21:00:00+00:00,North American Challengers League/2026 Season/Summer Playoffs,5,NRG,Conviction,lolcast,sweep_team1,0.1117,2026-08-31 12:13:49.168013+00:00,56.77,,0.0,3.0,2.0,2026-09-04 10:07:05.615757+00:00
North American Challengers League/2026 Season/Summer Playoffs_Round 2_3,2026-09-02 21:00:00+00:00,North American Challengers League/2026 Season/Summer Playoffs,5,NRG,Conviction,elo,sweep_team1,0.0643,2026-08-31 12:13:49.168013+00:00,56.77,,0.0,3.0,2.0,2026-09-04 10:07:05.615757+00:00
North American Challengers League/2026 Season/Summer Playoffs_Round 2_3,2026-09-02 21:00:00+00:00,North American Challengers League/2026 Season/Summer Playoffs,5,NRG,Conviction,lolcast,sweep_team2,0.127,2026-08-31 12:13:49.168013+00:00,56.77,,0.0,3.0,2.0,2026-09-04 10:07:05.615757+00:00
North American Challengers League/2026 Season/Summer Playoffs_Round 2_3,2026-09-02 21:00:00+00:00,North American Challengers League/2026 Season/Summer Playoffs,5,NRG,Conviction,elo,sweep_team2,0.1996,2026-08-31 12:13:49.168013+00:00,56.77,,0.0,3.0,2.0,2026-09-04 10:07:05.615757+00:00
LCK/2026 Season/Season Playoffs_Round 1_3,2026-09-03 08:00:00+00:00,LCK/2026 Season/Season Playoffs,5,BNK FEARX,Dplus Kia,lolcast,series,0.2813,2026-08-31 12:13:49.168013+00:00,67.77,,0.0,2.0,3.0,2026-09-04 10:07:05.615757+00:00
LCK/2026 Season/Season Playoffs_Round 1_3,2026-09-03 08:00:00+00:00,LCK/2026 Season/Season Playoffs,5,BNK FEARX,Dplus Kia,elo,series,0.2632,2026-08-31 12:13:49.168013+00:00,67.77,,0.0,2.0,3.0,2026-09-04 10:07:05.615757+00:00
LCK/2026 Season/Season Playoffs_Round 1_3,2026-09-03 08:00:00+00:00,LCK/2026 Season/Season Playoffs,5,BNK FEARX,Dplus Kia,polymarket,series,0.365,2026-08-31 12:13:49.168013+00:00,67.77,907.7568,0.0,2.0,3.0,2026-09-04 10:07:05.615757+00:00
LCK/2026 Season/Season Playoffs_Round 1_3,2026-09-03 08:00:00+00:00,LCK/2026 Season/Season Playoffs,5,BNK FEARX,Dplus Kia,lolcast,sweep_team1,0.0508,2026-08-31 12:13:49.168013+00:00,67.77,,0.0,2.0,3.0,2026-09-04 10:07:05.615757+00:00
LCK/2026 Season/Season Playoffs_Round 1_3,2026-09-03 08:00:00+00:00,LCK/2026 Season/Season Playoffs,5,BNK FEARX,Dplus Kia,elo,sweep_team1,0.0468,2026-08-31 12:13:49.168013+00:00,67.77,,0.0,2.0,3.0,2026-09-04 10:07:05.615757+00:00
LCK/2026 Season/Season Playoffs_Round 1_3,2026-09-03 08:00:00+00:00,LCK/2026 Season/Season Playoffs,5,BNK FEARX,Dplus Kia,lolcast,sweep_team2,0.2303,2026-08-31 12:13:49.168013+00:00,67.77,,0.0,2.0,3.0,2026-09-04 10:07:05.615757+00:00
LCK/2026 Season/Season Playoffs_Round 1_3,2026-09-03 08:00:00+00:00,LCK/2026 Season/Season Playoffs,5,BNK FEARX,Dplus Kia,elo,sweep_team2,0.2443,2026-08-31 12:13:49.168013+00:00,67.77,,0.0,2.0,3.0,2026-09-04 10:07:05.615757+00:00
LPL/2026 Season/Grand Finals_Round 2_1,2026-09-03 09:00:00+00:00,LPL/2026 Season/Grand Finals,5,Bilibili Gaming,Team WE,lolcast,series,0.8826,2026-08-31 12:13:49.168013+00:00,68.77,,1.0,3.0,1.0,2026-09-04 10:07:05.615757+00:00
LPL/2026 Season/Grand Finals_Round 2_1,2026-09-03 09:00:00+00:00,LPL/2026 Season/Grand Finals,5,Bilibili Gaming,Team WE,elo,series,0.8795,2026-08-31 12:13:49.168013+00:00,68.77,,1.0,3.0,1.0,2026-09-04 10:07:05.615757+00:00
LPL/2026 Season/Grand Finals_Round 2_1,2026-09-03 09:00:00+00:00,LPL/2026 Season/Grand Finals,5,Bilibili Gaming,Team WE,polymarket,series,0.725,2026-08-31 12:13:49.168013+00:00,68.77,1568.5109,1.0,3.0,1.0,2026-09-04 10:07:05.615757+00:00
LPL/2026 Season/Grand Finals_Round 2_1,2026-09-03 09:00:00+00:00,LPL/2026 Season/Grand Finals,5,Bilibili Gaming,Team WE,lolcast,sweep_team1,0.3872,2026-08-31 12:13:49.168013+00:00,68.77,,0.0,3.0,1.0,2026-09-04 10:07:05.615757+00:00
LPL/2026 Season/Grand Finals_Round 2_1,2026-09-03 09:00:00+00:00,LPL/2026 Season/Grand Finals,5,Bilibili Gaming,Team WE,elo,sweep_team1,0.3866,2026-08-31 12:13:49.168013+00:00,68.77,,0.0,3.0,1.0,2026-09-04 10:07:05.615757+00:00
LPL/2026 Season/Grand Finals_Round 2_1,2026-09-03 09:00:00+00:00,LPL/2026 Season/Grand Finals,5,Bilibili Gaming,Team WE,lolcast,sweep_team2,0.0165,2026-08-31 12:13:49.168013+00:00,68.77,,0.0,3.0,1.0,2026-09-04 10:07:05.615757+00:00
LPL/2026 Season/Grand Finals_Round 2_1,2026-09-03 09:00:00+00:00,LPL/2026 Season/Grand Finals,5,Bilibili Gaming,Team WE,elo,sweep_team2,0.0175,2026-08-31 12:13:49.168013+00:00,68.77,,0.0,3.0,1.0,2026-09-04 10:07:05.615757+00:00
LPL/2026 Season/Grand Finals_Round 2_2,2026-09-04 09:00:00+00:00,LPL/2026 Season/Grand Finals,5,Anyone's Legend,LGD Gaming,lolcast,series,0.5975,2026-08-31 12:13:49.168013+00:00,92.77,,1.0,3.0,1.0,2026-09-05 09:36:52.083245+00:00
LPL/2026 Season/Grand Finals_Round 2_2,2026-09-04 09:00:00+00:00,LPL/2026 Season/Grand Finals,5,Anyone's Legend,LGD Gaming,elo,series,0.618,2026-08-31 12:13:49.168013+00:00,92.77,,1.0,3.0,1.0,2026-09-05 09:36:52.083245+00:00
LPL/2026 Season/Grand Finals_Round 2_2,2026-09-04 09:00:00+00:00,LPL/2026 Season/Grand Finals,5,Anyone's Legend,LGD Gaming,lolcast,sweep_team1,0.1571,2026-08-31 12:13:49.168013+00:00,92.77,,0.0,3.0,1.0,2026-09-05 09:36:52.083245+00:00
LPL/2026 Season/Grand Finals_Round 2_2,2026-09-04 09:00:00+00:00,LPL/2026 Season/Grand Finals,5,Anyone's Legend,LGD Gaming,elo,sweep_team1,0.1719,2026-08-31 12:13:49.168013+00:00,92.77,,0.0,3.0,1.0,2026-09-05 09:36:52.083245+00:00
LPL/2026 Season/Grand Finals_Round 2_2,2026-09-04 09:00:00+00:00,LPL/2026 Season/Grand Finals,5,Anyone's Legend,LGD Gaming,lolcast,sweep_team2,0.0822,2026-08-31 12:13:49.168013+00:00,92.77,,0.0,3.0,1.0,2026-09-05 09:36:52.083245+00:00
LPL/2026 Season/Grand Finals_Round 2_2,2026-09-04 09:00:00+00:00,LPL/2026 Season/Grand Finals,5,Anyone's Legend,LGD Gaming,elo,sweep_team2,0.0788,2026-08-31 12:13:49.168013+00:00,92.77,,0.0,3.0,1.0,2026-09-05 09:36:52.083245+00:00
LPL/2026 Season/Grand Finals_Round 1_3,2026-09-05 06:00:00+00:00,LPL/2026 Season/Grand Finals,5,Invictus Gaming,Top Esports,lolcast,series,0.3816,2026-08-31 12:13:49.168013+00:00,113.77,,1.0,3.0,2.0,2026-09-05 23:20:31.061390+00:00
LPL/2026 Season/Grand Finals_Round 1_3,2026-09-05 06:00:00+00:00,LPL/2026 Season/Grand Finals,5,Invictus Gaming,Top Esports,elo,series,0.3744,2026-08-31 12:13:49.168013+00:00,113.77,,1.0,3.0,2.0,2026-09-05 23:20:31.061390+00:00
LPL/2026 Season/Grand Finals_Round 1_3,2026-09-05 06:00:00+00:00,LPL/2026 Season/Grand Finals,5,Invictus Gaming,Top Esports,polymarket,series,0.5,2026-08-31 12:13:49.168013+00:00,113.77,1524.9143,1.0,3.0,2.0,2026-09-05 23:20:31.061390+00:00
LPL/2026 Season/Grand Finals_Round 1_3,2026-09-05 06:00:00+00:00,LPL/2026 Season/Grand Finals,5,Invictus Gaming,Top Esports,lolcast,sweep_team1,0.0787,2026-08-31 12:13:49.168013+00:00,113.77,,0.0,3.0,2.0,2026-09-05 23:20:31.061390+00:00
LPL/2026 Season/Grand Finals_Round 1_3,2026-09-05 06:00:00+00:00,LPL/2026 Season/Grand Finals,5,Invictus Gaming,Top Esports,elo,sweep_team1,0.0766,2026-08-31 12:13:49.168013+00:00,113.77,,0.0,3.0,2.0,2026-09-05 23:20:31.061390+00:00
LPL/2026 Season/Grand Finals_Round 1_3,2026-09-05 06:00:00+00:00,LPL/2026 Season/Grand Finals,5,Invictus Gaming,Top Esports,lolcast,sweep_team2,0.1721,2026-08-31 12:13:49.168013+00:00,113.77,,0.0,3.0,2.0,2026-09-05 23:20:31.061390+00:00
LPL/2026 Season/Grand Finals_Round 1_3,2026-09-05 06:00:00+00:00,LPL/2026 Season/Grand Finals,5,Invictus Gaming,Top Esports,elo,sweep_team2,0.1758,2026-08-31 12:13:49.168013+00:00,113.77,,0.0,3.0,2.0,2026-09-05 23:20:31.061390+00:00
LPL/2026 Season/Grand Finals_Round 1_4,2026-09-05 09:00:00+00:00,LPL/2026 Season/Grand Finals,5,Ninjas in Pyjamas.CN,JD Gaming,lolcast,series,0.6909,2026-08-31 12:13:49.168013+00:00,116.77,,1.0,3.0,0.0,2026-09-05 23:20:31.061390+00:00
LPL/2026 Season/Grand Finals_Round 1_4,2026-09-05 09:00:00+00:00,LPL/2026 Season/Grand Finals,5,Ninjas in Pyjamas.CN,JD Gaming,elo,series,0.621,2026-08-31 12:13:49.168013+00:00,116.77,,1.0,3.0,0.0,2026-09-05 23:20:31.061390+00:00
LPL/2026 Season/Grand Finals_Round 1_4,2026-09-05 09:00:00+00:00,LPL/2026 Season/Grand Finals,5,Ninjas in Pyjamas.CN,JD Gaming,lolcast,sweep_team1,0.2116,2026-08-31 12:13:49.168013+00:00,116.77,,1.0,3.0,0.0,2026-09-05 23:20:31.061390+00:00
LPL/2026 Season/Grand Finals_Round 1_4,2026-09-05 09:00:00+00:00,LPL/2026 Season/Grand Finals,5,Ninjas in Pyjamas.CN,JD Gaming,elo,sweep_team1,0.1734,2026-08-31 12:13:49.168013+00:00,116.77,,1.0,3.0,0.0,2026-09-05 23:20:31.061390+00:00
LPL/2026 Season/Grand Finals_Round 1_4,2026-09-05 09:00:00+00:00,LPL/2026 Season/Grand Finals,5,Ninjas in Pyjamas.CN,JD Gaming,lolcast,sweep_team2,0.0576,2026-08-31 12:13:49.168013+00:00,116.77,,0.0,3.0,0.0,2026-09-05 23:20:31.061390+00:00
LPL/2026 Season/Grand Finals_Round 1_4,2026-09-05 09:00:00+00:00,LPL/2026 Season/Grand Finals,5,Ninjas in Pyjamas.CN,JD Gaming,elo,sweep_team2,0.0779,2026-08-31 12:13:49.168013+00:00,116.77,,0.0,3.0,0.0,2026-09-05 23:20:31.061390+00:00
LEC/2026 Season/Summer Playoffs_Round 1_1,2026-09-05 10:00:00+00:00,LEC/2026 Season/Summer Playoffs,5,Team Vitality,G2 Esports,lolcast,series,0.3338,2026-08-31 12:13:49.168013+00:00,117.77,,0.0,0.0,3.0,2026-09-05 23:20:31.061390+00:00
LEC/2026 Season/Summer Playoffs_Round 1_1,2026-09-05 10:00:00+00:00,LEC/2026 Season/Summer Playoffs,5,Team Vitality,G2 Esports,elo,series,0.3703,2026-08-31 12:13:49.168013+00:00,117.77,,0.0,0.0,3.0,2026-09-05 23:20:31.061390+00:00
LEC/2026 Season/Summer Playoffs_Round 1_1,2026-09-05 10:00:00+00:00,LEC/2026 Season/Summer Playoffs,5,Team Vitality,G2 Esports,lolcast,sweep_team1,0.0649,2026-08-31 12:13:49.168013+00:00,117.77,,0.0,0.0,3.0,2026-09-05 23:20:31.061390+00:00
LEC/2026 Season/Summer Playoffs_Round 1_1,2026-09-05 10:00:00+00:00,LEC/2026 Season/Summer Playoffs,5,Team Vitality,G2 Esports,elo,sweep_team1,0.0753,2026-08-31 12:13:49.168013+00:00,117.77,,0.0,0.0,3.0,2026-09-05 23:20:31.061390+00:00
LEC/2026 Season/Summer Playoffs_Round 1_1,2026-09-05 10:00:00+00:00,LEC/2026 Season/Summer Playoffs,5,Team Vitality,G2 Esports,lolcast,sweep_team2,0.1982,2026-08-31 12:13:49.168013+00:00,117.77,,1.0,0.0,3.0,2026-09-05 23:20:31.061390+00:00
LEC/2026 Season/Summer Playoffs_Round 1_1,2026-09-05 10:00:00+00:00,LEC/2026 Season/Summer Playoffs,5,Team Vitality,G2 Esports,elo,sweep_team2,0.178,2026-08-31 12:13:49.168013+00:00,117.77,,1.0,0.0,3.0,2026-09-05 23:20:31.061390+00:00
LEC/2026 Season/Summer Playoffs_Round 1_2,2026-09-05 15:00:00+00:00,LEC/2026 Season/Summer Playoffs,5,Karmine Corp,GIANTX,lolcast,series,0.8837,2026-08-31 12:13:49.168013+00:00,122.77,,1.0,3.0,1.0,2026-09-05 23:20:31.061390+00:00
LEC/2026 Season/Summer Playoffs_Round 1_2,2026-09-05 15:00:00+00:00,LEC/2026 Season/Summer Playoffs,5,Karmine Corp,GIANTX,elo,series,0.8634,2026-08-31 12:13:49.168013+00:00,122.77,,1.0,3.0,1.0,2026-09-05 23:20:31.061390+00:00
LEC/2026 Season/Summer Playoffs_Round 1_2,2026-09-05 15:00:00+00:00,LEC/2026 Season/Summer Playoffs,5,Karmine Corp,GIANTX,lolcast,sweep_team1,0.389,2026-08-31 12:13:49.168013+00:00,122.77,,0.0,3.0,1.0,2026-09-05 23:20:31.061390+00:00
LEC/2026 Season/Summer Playoffs_Round 1_2,2026-09-05 15:00:00+00:00,LEC/2026 Season/Summer Playoffs,5,Karmine Corp,GIANTX,elo,sweep_team1,0.3649,2026-08-31 12:13:49.168013+00:00,122.77,,0.0,3.0,1.0,2026-09-05 23:20:31.061390+00:00
LEC/2026 Season/Summer Playoffs_Round 1_2,2026-09-05 15:00:00+00:00,LEC/2026 Season/Summer Playoffs,5,Karmine Corp,GIANTX,lolcast,sweep_team2,0.0163,2026-08-31 12:13:49.168013+00:00,122.77,,0.0,3.0,1.0,2026-09-05 23:20:31.061390+00:00
LEC/2026 Season/Summer Playoffs_Round 1_2,2026-09-05 15:00:00+00:00,LEC/2026 Season/Summer Playoffs,5,Karmine Corp,GIANTX,elo,sweep_team2,0.0203,2026-08-31 12:13:49.168013+00:00,122.77,,0.0,3.0,1.0,2026-09-05 23:20:31.061390+00:00
CBLOL/2026 Season/Split 2 Playoffs_Round 1_1,2026-09-05 16:00:00+00:00,CBLOL/2026 Season/Split 2 Playoffs,5,Vivo Keyd Stars,paiN Gaming,lolcast,series,0.7187,2026-08-31 12:13:49.168013+00:00,123.77,,0.0,1.0,3.0,2026-09-05 23:20:31.061390+00:00
CBLOL/2026 Season/Split 2 Playoffs_Round 1_1,2026-09-05 16:00:00+00:00,CBLOL/2026 Season/Split 2 Playoffs,5,Vivo Keyd Stars,paiN Gaming,elo,series,0.7021,2026-08-31 12:13:49.168013+00:00,123.77,,0.0,1.0,3.0,2026-09-05 23:20:31.061390+00:00
CBLOL/2026 Season/Split 2 Playoffs_Round 1_1,2026-09-05 16:00:00+00:00,CBLOL/2026 Season/Split 2 Playoffs,5,Vivo Keyd Stars,paiN Gaming,lolcast,sweep_team1,0.2303,2026-08-31 12:13:49.168013+00:00,123.77,,0.0,1.0,3.0,2026-09-05 23:20:31.061390+00:00
CBLOL/2026 Season/Split 2 Playoffs_Round 1_1,2026-09-05 16:00:00+00:00,CBLOL/2026 Season/Split 2 Playoffs,5,Vivo Keyd Stars,paiN Gaming,elo,sweep_team1,0.2205,2026-08-31 12:13:49.168013+00:00,123.77,,0.0,1.0,3.0,2026-09-05 23:20:31.061390+00:00
CBLOL/2026 Season/Split 2 Playoffs_Round 1_1,2026-09-05 16:00:00+00:00,CBLOL/2026 Season/Split 2 Playoffs,5,Vivo Keyd Stars,paiN Gaming,lolcast,sweep_team2,0.0508,2026-08-31 12:13:49.168013+00:00,123.77,,0.0,1.0,3.0,2026-09-05 23:20:31.061390+00:00
CBLOL/2026 Season/Split 2 Playoffs_Round 1_1,2026-09-05 16:00:00+00:00,CBLOL/2026 Season/Split 2 Playoffs,5,Vivo Keyd Stars,paiN Gaming,elo,sweep_team2,0.0554,2026-08-31 12:13:49.168013+00:00,123.77,,0.0,1.0,3.0,2026-09-05 23:20:31.061390+00:00
LCS/2026 Season/Summer Season_Week 7_1,2026-09-05 20:00:00+00:00,LCS/2026 Season/Summer Season,3,Sentinels,Cloud9,lolcast,series,0.3537,2026-08-31 12:13:49.168013+00:00,127.77,,0.0,0.0,2.0,2026-09-05 23:20:31.061390+00:00
LCS/2026 Season/Summer Season_Week 7_1,2026-09-05 20:00:00+00:00,LCS/2026 Season/Summer Season,3,Sentinels,Cloud9,elo,series,0.4146,2026-08-31 12:13:49.168013+00:00,127.77,,0.0,0.0,2.0,2026-09-05 23:20:31.061390+00:00
LCS/2026 Season/Summer Season_Week 7_1,2026-09-05 20:00:00+00:00,LCS/2026 Season/Summer Season,3,Sentinels,Cloud9,lolcast,sweep_team1,0.1549,2026-08-31 12:13:49.168013+00:00,127.77,,0.0,0.0,2.0,2026-09-05 23:20:31.061390+00:00
LCS/2026 Season/Summer Season_Week 7_1,2026-09-05 20:00:00+00:00,LCS/2026 Season/Summer Season,3,Sentinels,Cloud9,elo,sweep_team1,0.1911,2026-08-31 12:13:49.168013+00:00,127.77,,0.0,0.0,2.0,2026-09-05 23:20:31.061390+00:00
LCS/2026 Season/Summer Season_Week 7_1,2026-09-05 20:00:00+00:00,LCS/2026 Season/Summer Season,3,Sentinels,Cloud9,lolcast,sweep_team2,0.3495,2026-08-31 12:13:49.168013+00:00,127.77,,1.0,0.0,2.0,2026-09-05 23:20:31.061390+00:00
LCS/2026 Season/Summer Season_Week 7_1,2026-09-05 20:00:00+00:00,LCS/2026 Season/Summer Season,3,Sentinels,Cloud9,elo,sweep_team2,0.3041,2026-08-31 12:13:49.168013+00:00,127.77,,1.0,0.0,2.0,2026-09-05 23:20:31.061390+00:00
LCS/2026 Season/Summer Season_Week 7_2,2026-09-05 23:00:00+00:00,LCS/2026 Season/Summer Season,3,Dignitas,Team Liquid,lolcast,series,0.0599,2026-08-31 12:13:49.168013+00:00,130.77,,0.0,0.0,2.0,2026-09-05 23:20:31.061390+00:00
LCS/2026 Season/Summer Season_Week 7_2,2026-09-05 23:00:00+00:00,LCS/2026 Season/Summer Season,3,Dignitas,Team Liquid,elo,series,0.0748,2026-08-31 12:13:49.168013+00:00,130.77,,0.0,0.0,2.0,2026-09-05 23:20:31.061390+00:00
LCS/2026 Season/Summer Season_Week 7_2,2026-09-05 23:00:00+00:00,LCS/2026 Season/Summer Season,3,Dignitas,Team Liquid,lolcast,sweep_team1,0.022,2026-08-31 12:13:49.168013+00:00,130.77,,0.0,0.0,2.0,2026-09-05 23:20:31.061390+00:00
LCS/2026 Season/Summer Season_Week 7_2,2026-09-05 23:00:00+00:00,LCS/2026 Season/Summer Season,3,Dignitas,Team Liquid,elo,sweep_team1,0.027,2026-08-31 12:13:49.168013+00:00,130.77,,0.0,0.0,2.0,2026-09-05 23:20:31.061390+00:00
LCS/2026 Season/Summer Season_Week 7_2,2026-09-05 23:00:00+00:00,LCS/2026 Season/Summer Season,3,Dignitas,Team Liquid,lolcast,sweep_team2,0.7235,2026-08-31 12:13:49.168013+00:00,130.77,,1.0,0.0,2.0,2026-09-05 23:20:31.061390+00:00
LCS/2026 Season/Summer Season_Week 7_2,2026-09-05 23:00:00+00:00,LCS/2026 Season/Summer Season,3,Dignitas,Team Liquid,elo,sweep_team2,0.6876,2026-08-31 12:13:49.168013+00:00,130.77,,1.0,0.0,2.0,2026-09-05 23:20:31.061390+00:00
CBLOL/2026 Season/Split 2 Playoffs_Round 1_2,2026-09-06 16:00:00+00:00,CBLOL/2026 Season/Split 2 Playoffs,5,FURIA,RED Canids,lolcast,series,0.863,2026-08-31 12:13:49.168013+00:00,147.77,,1.0,3.0,0.0,2026-09-06 23:07:56.780111+00:00
CBLOL/2026 Season/Split 2 Playoffs_Round 1_2,2026-09-06 16:00:00+00:00,CBLOL/2026 Season/Split 2 Playoffs,5,FURIA,RED Canids,elo,series,0.8134,2026-08-31 12:13:49.168013+00:00,147.77,,1.0,3.0,0.0,2026-09-06 23:07:56.780111+00:00
CBLOL/2026 Season/Split 2 Playoffs_Round 1_2,2026-09-06 16:00:00+00:00,CBLOL/2026 Season/Split 2 Playoffs,5,FURIA,RED Canids,lolcast,sweep_team1,0.361,2026-08-31 12:13:49.168013+00:00,147.77,,1.0,3.0,0.0,2026-09-06 23:07:56.780111+00:00
CBLOL/2026 Season/Split 2 Playoffs_Round 1_2,2026-09-06 16:00:00+00:00,CBLOL/2026 Season/Split 2 Playoffs,5,FURIA,RED Canids,elo,sweep_team1,0.309,2026-08-31 12:13:49.168013+00:00,147.77,,1.0,3.0,0.0,2026-09-06 23:07:56.780111+00:00
CBLOL/2026 Season/Split 2 Playoffs_Round 1_2,2026-09-06 16:00:00+00:00,CBLOL/2026 Season/Split 2 Playoffs,5,FURIA,RED Canids,lolcast,sweep_team2,0.0199,2026-08-31 12:13:49.168013+00:00,147.77,,0.0,3.0,0.0,2026-09-06 23:07:56.780111+00:00
CBLOL/2026 Season/Split 2 Playoffs_Round 1_2,2026-09-06 16:00:00+00:00,CBLOL/2026 Season/Split 2 Playoffs,5,FURIA,RED Canids,elo,sweep_team2,0.03,2026-08-31 12:13:49.168013+00:00,147.77,,0.0,3.0,0.0,2026-09-06 23:07:56.780111+00:00
LCS/2026 Season/Summer Season_Week 7_3,2026-09-06 20:00:00+00:00,LCS/2026 Season/Summer Season,3,FlyQuest,Shopify Rebellion,lolcast,series,0.6315,2026-08-31 12:13:49.168013+00:00,151.77,,1.0,2.0,0.0,2026-09-06 23:07:56.780111+00:00
LCS/2026 Season/Summer Season_Week 7_3,2026-09-06 20:00:00+00:00,LCS/2026 Season/Summer Season,3,FlyQuest,Shopify Rebellion,elo,series,0.6105,2026-08-31 12:13:49.168013+00:00,151.77,,1.0,2.0,0.0,2026-09-06 23:07:56.780111+00:00
LCS/2026 Season/Summer Season_Week 7_3,2026-09-06 20:00:00+00:00,LCS/2026 Season/Summer Season,3,FlyQuest,Shopify Rebellion,lolcast,sweep_team1,0.3414,2026-08-31 12:13:49.168013+00:00,151.77,,1.0,2.0,0.0,2026-09-06 23:07:56.780111+00:00
LCS/2026 Season/Summer Season_Week 7_3,2026-09-06 20:00:00+00:00,LCS/2026 Season/Summer Season,3,FlyQuest,Shopify Rebellion,elo,sweep_team1,0.3232,2026-08-31 12:13:49.168013+00:00,151.77,,1.0,2.0,0.0,2026-09-06 23:07:56.780111+00:00
LCS/2026 Season/Summer Season_Week 7_3,2026-09-06 20:00:00+00:00,LCS/2026 Season/Summer Season,3,FlyQuest,Shopify Rebellion,lolcast,sweep_team2,0.1657,2026-08-31 12:13:49.168013+00:00,151.77,,0.0,2.0,0.0,2026-09-06 23:07:56.780111+00:00
LCS/2026 Season/Summer Season_Week 7_3,2026-09-06 20:00:00+00:00,LCS/2026 Season/Summer Season,3,FlyQuest,Shopify Rebellion,elo,sweep_team2,0.1765,2026-08-31 12:13:49.168013+00:00,151.77,,0.0,2.0,0.0,2026-09-06 23:07:56.780111+00:00
LCS/2026 Season/Summer Season_Week 7_4,2026-09-06 23:00:00+00:00,LCS/2026 Season/Summer Season,3,Disguised,LYON (2024 American Team),lolcast,series,0.0506,2026-08-31 12:13:49.168013+00:00,154.77,,0.0,0.0,2.0,2026-09-06 23:07:56.780111+00:00
LCS/2026 Season/Summer Season_Week 7_4,2026-09-06 23:00:00+00:00,LCS/2026 Season/Summer Season,3,Disguised,LYON (2024 American Team),elo,series,0.0638,2026-08-31 12:13:49.168013+00:00,154.77,,0.0,0.0,2.0,2026-09-06 23:07:56.780111+00:00
LCS/2026 Season/Summer Season_Week 7_4,2026-09-06 23:00:00+00:00,LCS/2026 Season/Summer Season,3,Disguised,LYON (2024 American Team),lolcast,sweep_team1,0.0189,2026-08-31 12:13:49.168013+00:00,154.77,,0.0,0.0,2.0,2026-09-06 23:07:56.780111+00:00
LCS/2026 Season/Summer Season_Week 7_4,2026-09-06 23:00:00+00:00,LCS/2026 Season/Summer Season,3,Disguised,LYON (2024 American Team),elo,sweep_team1,0.0228,2026-08-31 12:13:49.168013+00:00,154.77,,0.0,0.0,2.0,2026-09-06 23:07:56.780111+00:00
LCS/2026 Season/Summer Season_Week 7_4,2026-09-06 23:00:00+00:00,LCS/2026 Season/Summer Season,3,Disguised,LYON (2024 American Team),lolcast,sweep_team2,0.7483,2026-08-31 12:13:49.168013+00:00,154.77,,1.0,0.0,2.0,2026-09-06 23:07:56.780111+00:00
LCS/2026 Season/Summer Season_Week 7_4,2026-09-06 23:00:00+00:00,LCS/2026 Season/Summer Season,3,Disguised,LYON (2024 American Team),elo,sweep_team2,0.7106,2026-08-31 12:13:49.168013+00:00,154.77,,1.0,0.0,2.0,2026-09-06 23:07:56.780111+00:00
LCK/2026 Season/Season Playoffs_Round 2_2,2026-09-02 08:00:00+00:00,LCK/2026 Season/Season Playoffs,5,Hanwha Life Esports,T1,lolcast,series,0.6755,2026-09-01 10:42:44.908793+00:00,21.29,,1.0,3.0,2.0,2026-09-02 12:20:01.359687+00:00
LCK/2026 Season/Season Playoffs_Round 2_2,2026-09-02 08:00:00+00:00,LCK/2026 Season/Season Playoffs,5,Hanwha Life Esports,T1,elo,series,0.6043,2026-09-01 10:42:44.908793+00:00,21.29,,1.0,3.0,2.0,2026-09-02 12:20:01.359687+00:00
LCK/2026 Season/Season Playoffs_Round 2_2,2026-09-02 08:00:00+00:00,LCK/2026 Season/Season Playoffs,5,Hanwha Life Esports,T1,polymarket,series,0.555,2026-09-01 10:42:44.908793+00:00,21.29,26645.0168,1.0,3.0,2.0,2026-09-02 12:20:01.359687+00:00
LCK/2026 Season/Season Playoffs_Round 2_2,2026-09-02 08:00:00+00:00,LCK/2026 Season/Season Playoffs,5,Hanwha Life Esports,T1,lolcast,sweep_team1,0.2041,2026-09-01 10:42:44.908793+00:00,21.29,,0.0,3.0,2.0,2026-09-02 12:20:01.359687+00:00
LCK/2026 Season/Season Playoffs_Round 2_2,2026-09-02 08:00:00+00:00,LCK/2026 Season/Season Playoffs,5,Hanwha Life Esports,T1,elo,sweep_team1,0.165,2026-09-01 10:42:44.908793+00:00,21.29,,0.0,3.0,2.0,2026-09-02 12:20:01.359687+00:00
LCK/2026 Season/Season Playoffs_Round 2_2,2026-09-02 08:00:00+00:00,LCK/2026 Season/Season Playoffs,5,Hanwha Life Esports,T1,lolcast,sweep_team2,0.0625,2026-09-01 10:42:44.908793+00:00,21.29,,0.0,3.0,2.0,2026-09-02 12:20:01.359687+00:00
LCK/2026 Season/Season Playoffs_Round 2_2,2026-09-02 08:00:00+00:00,LCK/2026 Season/Season Playoffs,5,Hanwha Life Esports,T1,elo,sweep_team2,0.0831,2026-09-01 10:42:44.908793+00:00,21.29,,0.0,3.0,2.0,2026-09-02 12:20:01.359687+00:00
North American Challengers League/2026 Season/Summer Playoffs_Round 2_3,2026-09-02 21:00:00+00:00,North American Challengers League/2026 Season/Summer Playoffs,5,NRG,Conviction,lolcast,series,0.4802,2026-09-01 10:42:44.908793+00:00,34.29,,1.0,3.0,2.0,2026-09-04 10:07:05.615757+00:00
North American Challengers League/2026 Season/Summer Playoffs_Round 2_3,2026-09-02 21:00:00+00:00,North American Challengers League/2026 Season/Summer Playoffs,5,NRG,Conviction,elo,series,0.3316,2026-09-01 10:42:44.908793+00:00,34.29,,1.0,3.0,2.0,2026-09-04 10:07:05.615757+00:00
North American Challengers League/2026 Season/Summer Playoffs_Round 2_3,2026-09-02 21:00:00+00:00,North American Challengers League/2026 Season/Summer Playoffs,5,NRG,Conviction,polymarket,series,0.625,2026-09-01 10:42:44.908793+00:00,34.29,1081.8227,1.0,3.0,2.0,2026-09-04 10:07:05.615757+00:00
North American Challengers League/2026 Season/Summer Playoffs_Round 2_3,2026-09-02 21:00:00+00:00,North American Challengers League/2026 Season/Summer Playoffs,5,NRG,Conviction,lolcast,sweep_team1,0.1117,2026-09-01 10:42:44.908793+00:00,34.29,,0.0,3.0,2.0,2026-09-04 10:07:05.615757+00:00
North American Challengers League/2026 Season/Summer Playoffs_Round 2_3,2026-09-02 21:00:00+00:00,North American Challengers League/2026 Season/Summer Playoffs,5,NRG,Conviction,elo,sweep_team1,0.0643,2026-09-01 10:42:44.908793+00:00,34.29,,0.0,3.0,2.0,2026-09-04 10:07:05.615757+00:00
North American Challengers League/2026 Season/Summer Playoffs_Round 2_3,2026-09-02 21:00:00+00:00,North American Challengers League/2026 Season/Summer Playoffs,5,NRG,Conviction,lolcast,sweep_team2,0.127,2026-09-01 10:42:44.908793+00:00,34.29,,0.0,3.0,2.0,2026-09-04 10:07:05.615757+00:00
North American Challengers League/2026 Season/Summer Playoffs_Round 2_3,2026-09-02 21:00:00+00:00,North American Challengers League/2026 Season/Summer Playoffs,5,NRG,Conviction,elo,sweep_team2,0.1996,2026-09-01 10:42:44.908793+00:00,34.29,,0.0,3.0,2.0,2026-09-04 10:07:05.615757+00:00
LCK/2026 Season/Season Playoffs_Round 1_3,2026-09-03 08:00:00+00:00,LCK/2026 Season/Season Playoffs,5,BNK FEARX,Dplus Kia,lolcast,series,0.2813,2026-09-01 10:42:44.908793+00:00,45.29,,0.0,2.0,3.0,2026-09-04 10:07:05.615757+00:00
LCK/2026 Season/Season Playoffs_Round 1_3,2026-09-03 08:00:00+00:00,LCK/2026 Season/Season Playoffs,5,BNK FEARX,Dplus Kia,elo,series,0.2632,2026-09-01 10:42:44.908793+00:00,45.29,,0.0,2.0,3.0,2026-09-04 10:07:05.615757+00:00
LCK/2026 Season/Season Playoffs_Round 1_3,2026-09-03 08:00:00+00:00,LCK/2026 Season/Season Playoffs,5,BNK FEARX,Dplus Kia,polymarket,series,0.345,2026-09-01 10:42:44.908793+00:00,45.29,1329.1528,0.0,2.0,3.0,2026-09-04 10:07:05.615757+00:00
LCK/2026 Season/Season Playoffs_Round 1_3,2026-09-03 08:00:00+00:00,LCK/2026 Season/Season Playoffs,5,BNK FEARX,Dplus Kia,lolcast,sweep_team1,0.0508,2026-09-01 10:42:44.908793+00:00,45.29,,0.0,2.0,3.0,2026-09-04 10:07:05.615757+00:00
LCK/2026 Season/Season Playoffs_Round 1_3,2026-09-03 08:00:00+00:00,LCK/2026 Season/Season Playoffs,5,BNK FEARX,Dplus Kia,elo,sweep_team1,0.0468,2026-09-01 10:42:44.908793+00:00,45.29,,0.0,2.0,3.0,2026-09-04 10:07:05.615757+00:00
LCK/2026 Season/Season Playoffs_Round 1_3,2026-09-03 08:00:00+00:00,LCK/2026 Season/Season Playoffs,5,BNK FEARX,Dplus Kia,lolcast,sweep_team2,0.2303,2026-09-01 10:42:44.908793+00:00,45.29,,0.0,2.0,3.0,2026-09-04 10:07:05.615757+00:00
LCK/2026 Season/Season Playoffs_Round 1_3,2026-09-03 08:00:00+00:00,LCK/2026 Season/Season Playoffs,5,BNK FEARX,Dplus Kia,elo,sweep_team2,0.2443,2026-09-01 10:42:44.908793+00:00,45.29,,0.0,2.0,3.0,2026-09-04 10:07:05.615757+00:00
LPL/2026 Season/Grand Finals_Round 2_1,2026-09-03 09:00:00+00:00,LPL/2026 Season/Grand Finals,5,Bilibili Gaming,Team WE,lolcast,series,0.8826,2026-09-01 10:42:44.908793+00:00,46.29,,1.0,3.0,1.0,2026-09-04 10:07:05.615757+00:00
LPL/2026 Season/Grand Finals_Round 2_1,2026-09-03 09:00:00+00:00,LPL/2026 Season/Grand Finals,5,Bilibili Gaming,Team WE,elo,series,0.8795,2026-09-01 10:42:44.908793+00:00,46.29,,1.0,3.0,1.0,2026-09-04 10:07:05.615757+00:00
LPL/2026 Season/Grand Finals_Round 2_1,2026-09-03 09:00:00+00:00,LPL/2026 Season/Grand Finals,5,Bilibili Gaming,Team WE,polymarket,series,0.695,2026-09-01 10:42:44.908793+00:00,46.29,3962.1621,1.0,3.0,1.0,2026-09-04 10:07:05.615757+00:00
LPL/2026 Season/Grand Finals_Round 2_1,2026-09-03 09:00:00+00:00,LPL/2026 Season/Grand Finals,5,Bilibili Gaming,Team WE,lolcast,sweep_team1,0.3872,2026-09-01 10:42:44.908793+00:00,46.29,,0.0,3.0,1.0,2026-09-04 10:07:05.615757+00:00
LPL/2026 Season/Grand Finals_Round 2_1,2026-09-03 09:00:00+00:00,LPL/2026 Season/Grand Finals,5,Bilibili Gaming,Team WE,elo,sweep_team1,0.3866,2026-09-01 10:42:44.908793+00:00,46.29,,0.0,3.0,1.0,2026-09-04 10:07:05.615757+00:00
LPL/2026 Season/Grand Finals_Round 2_1,2026-09-03 09:00:00+00:00,LPL/2026 Season/Grand Finals,5,Bilibili Gaming,Team WE,lolcast,sweep_team2,0.0165,2026-09-01 10:42:44.908793+00:00,46.29,,0.0,3.0,1.0,2026-09-04 10:07:05.615757+00:00
LPL/2026 Season/Grand Finals_Round 2_1,2026-09-03 09:00:00+00:00,LPL/2026 Season/Grand Finals,5,Bilibili Gaming,Team WE,elo,sweep_team2,0.0175,2026-09-01 10:42:44.908793+00:00,46.29,,0.0,3.0,1.0,2026-09-04 10:07:05.615757+00:00
LPL/2026 Season/Grand Finals_Round 2_2,2026-09-04 09:00:00+00:00,LPL/2026 Season/Grand Finals,5,Anyone's Legend,LGD Gaming,lolcast,series,0.5975,2026-09-01 10:42:44.908793+00:00,70.29,,1.0,3.0,1.0,2026-09-05 09:36:52.083245+00:00
LPL/2026 Season/Grand Finals_Round 2_2,2026-09-04 09:00:00+00:00,LPL/2026 Season/Grand Finals,5,Anyone's Legend,LGD Gaming,elo,series,0.618,2026-09-01 10:42:44.908793+00:00,70.29,,1.0,3.0,1.0,2026-09-05 09:36:52.083245+00:00
LPL/2026 Season/Grand Finals_Round 2_2,2026-09-04 09:00:00+00:00,LPL/2026 Season/Grand Finals,5,Anyone's Legend,LGD Gaming,polymarket,series,0.645,2026-09-01 10:42:44.908793+00:00,70.29,910.8275,1.0,3.0,1.0,2026-09-05 09:36:52.083245+00:00
LPL/2026 Season/Grand Finals_Round 2_2,2026-09-04 09:00:00+00:00,LPL/2026 Season/Grand Finals,5,Anyone's Legend,LGD Gaming,lolcast,sweep_team1,0.1571,2026-09-01 10:42:44.908793+00:00,70.29,,0.0,3.0,1.0,2026-09-05 09:36:52.083245+00:00
LPL/2026 Season/Grand Finals_Round 2_2,2026-09-04 09:00:00+00:00,LPL/2026 Season/Grand Finals,5,Anyone's Legend,LGD Gaming,elo,sweep_team1,0.1719,2026-09-01 10:42:44.908793+00:00,70.29,,0.0,3.0,1.0,2026-09-05 09:36:52.083245+00:00
LPL/2026 Season/Grand Finals_Round 2_2,2026-09-04 09:00:00+00:00,LPL/2026 Season/Grand Finals,5,Anyone's Legend,LGD Gaming,lolcast,sweep_team2,0.0822,2026-09-01 10:42:44.908793+00:00,70.29,,0.0,3.0,1.0,2026-09-05 09:36:52.083245+00:00
LPL/2026 Season/Grand Finals_Round 2_2,2026-09-04 09:00:00+00:00,LPL/2026 Season/Grand Finals,5,Anyone's Legend,LGD Gaming,elo,sweep_team2,0.0788,2026-09-01 10:42:44.908793+00:00,70.29,,0.0,3.0,1.0,2026-09-05 09:36:52.083245+00:00
LPL/2026 Season/Grand Finals_Round 1_3,2026-09-05 06:00:00+00:00,LPL/2026 Season/Grand Finals,5,Invictus Gaming,Top Esports,lolcast,series,0.3816,2026-09-01 10:42:44.908793+00:00,91.29,,1.0,3.0,2.0,2026-09-05 23:20:31.061390+00:00
LPL/2026 Season/Grand Finals_Round 1_3,2026-09-05 06:00:00+00:00,LPL/2026 Season/Grand Finals,5,Invictus Gaming,Top Esports,elo,series,0.3744,2026-09-01 10:42:44.908793+00:00,91.29,,1.0,3.0,2.0,2026-09-05 23:20:31.061390+00:00
LPL/2026 Season/Grand Finals_Round 1_3,2026-09-05 06:00:00+00:00,LPL/2026 Season/Grand Finals,5,Invictus Gaming,Top Esports,polymarket,series,0.495,2026-09-01 10:42:44.908793+00:00,91.29,2962.1193,1.0,3.0,2.0,2026-09-05 23:20:31.061390+00:00
LPL/2026 Season/Grand Finals_Round 1_3,2026-09-05 06:00:00+00:00,LPL/2026 Season/Grand Finals,5,Invictus Gaming,Top Esports,lolcast,sweep_team1,0.0787,2026-09-01 10:42:44.908793+00:00,91.29,,0.0,3.0,2.0,2026-09-05 23:20:31.061390+00:00
LPL/2026 Season/Grand Finals_Round 1_3,2026-09-05 06:00:00+00:00,LPL/2026 Season/Grand Finals,5,Invictus Gaming,Top Esports,elo,sweep_team1,0.0766,2026-09-01 10:42:44.908793+00:00,91.29,,0.0,3.0,2.0,2026-09-05 23:20:31.061390+00:00
LPL/2026 Season/Grand Finals_Round 1_3,2026-09-05 06:00:00+00:00,LPL/2026 Season/Grand Finals,5,Invictus Gaming,Top Esports,lolcast,sweep_team2,0.1721,2026-09-01 10:42:44.908793+00:00,91.29,,0.0,3.0,2.0,2026-09-05 23:20:31.061390+00:00
LPL/2026 Season/Grand Finals_Round 1_3,2026-09-05 06:00:00+00:00,LPL/2026 Season/Grand Finals,5,Invictus Gaming,Top Esports,elo,sweep_team2,0.1758,2026-09-01 10:42:44.908793+00:00,91.29,,0.0,3.0,2.0,2026-09-05 23:20:31.061390+00:00
LPL/2026 Season/Grand Finals_Round 1_4,2026-09-05 09:00:00+00:00,LPL/2026 Season/Grand Finals,5,Ninjas in Pyjamas.CN,JD Gaming,lolcast,series,0.6909,2026-09-01 10:42:44.908793+00:00,94.29,,1.0,3.0,0.0,2026-09-05 23:20:31.061390+00:00
LPL/2026 Season/Grand Finals_Round 1_4,2026-09-05 09:00:00+00:00,LPL/2026 Season/Grand Finals,5,Ninjas in Pyjamas.CN,JD Gaming,elo,series,0.621,2026-09-01 10:42:44.908793+00:00,94.29,,1.0,3.0,0.0,2026-09-05 23:20:31.061390+00:00
LPL/2026 Season/Grand Finals_Round 1_4,2026-09-05 09:00:00+00:00,LPL/2026 Season/Grand Finals,5,Ninjas in Pyjamas.CN,JD Gaming,lolcast,sweep_team1,0.2116,2026-09-01 10:42:44.908793+00:00,94.29,,1.0,3.0,0.0,2026-09-05 23:20:31.061390+00:00
LPL/2026 Season/Grand Finals_Round 1_4,2026-09-05 09:00:00+00:00,LPL/2026 Season/Grand Finals,5,Ninjas in Pyjamas.CN,JD Gaming,elo,sweep_team1,0.1734,2026-09-01 10:42:44.908793+00:00,94.29,,1.0,3.0,0.0,2026-09-05 23:20:31.061390+00:00
LPL/2026 Season/Grand Finals_Round 1_4,2026-09-05 09:00:00+00:00,LPL/2026 Season/Grand Finals,5,Ninjas in Pyjamas.CN,JD Gaming,lolcast,sweep_team2,0.0576,2026-09-01 10:42:44.908793+00:00,94.29,,0.0,3.0,0.0,2026-09-05 23:20:31.061390+00:00
LPL/2026 Season/Grand Finals_Round 1_4,2026-09-05 09:00:00+00:00,LPL/2026 Season/Grand Finals,5,Ninjas in Pyjamas.CN,JD Gaming,elo,sweep_team2,0.0779,2026-09-01 10:42:44.908793+00:00,94.29,,0.0,3.0,0.0,2026-09-05 23:20:31.061390+00:00
LEC/2026 Season/Summer Playoffs_Round 1_1,2026-09-05 10:00:00+00:00,LEC/2026 Season/Summer Playoffs,5,Team Vitality,G2 Esports,lolcast,series,0.3338,2026-09-01 10:42:44.908793+00:00,95.29,,0.0,0.0,3.0,2026-09-05 23:20:31.061390+00:00
LEC/2026 Season/Summer Playoffs_Round 1_1,2026-09-05 10:00:00+00:00,LEC/2026 Season/Summer Playoffs,5,Team Vitality,G2 Esports,elo,series,0.3703,2026-09-01 10:42:44.908793+00:00,95.29,,0.0,0.0,3.0,2026-09-05 23:20:31.061390+00:00
LEC/2026 Season/Summer Playoffs_Round 1_1,2026-09-05 10:00:00+00:00,LEC/2026 Season/Summer Playoffs,5,Team Vitality,G2 Esports,polymarket,series,0.245,2026-09-01 10:42:44.908793+00:00,95.29,986.1862,0.0,0.0,3.0,2026-09-05 23:20:31.061390+00:00
LEC/2026 Season/Summer Playoffs_Round 1_1,2026-09-05 10:00:00+00:00,LEC/2026 Season/Summer Playoffs,5,Team Vitality,G2 Esports,lolcast,sweep_team1,0.0649,2026-09-01 10:42:44.908793+00:00,95.29,,0.0,0.0,3.0,2026-09-05 23:20:31.061390+00:00
LEC/2026 Season/Summer Playoffs_Round 1_1,2026-09-05 10:00:00+00:00,LEC/2026 Season/Summer Playoffs,5,Team Vitality,G2 Esports,elo,sweep_team1,0.0753,2026-09-01 10:42:44.908793+00:00,95.29,,0.0,0.0,3.0,2026-09-05 23:20:31.061390+00:00
LEC/2026 Season/Summer Playoffs_Round 1_1,2026-09-05 10:00:00+00:00,LEC/2026 Season/Summer Playoffs,5,Team Vitality,G2 Esports,lolcast,sweep_team2,0.1982,2026-09-01 10:42:44.908793+00:00,95.29,,1.0,0.0,3.0,2026-09-05 23:20:31.061390+00:00
LEC/2026 Season/Summer Playoffs_Round 1_1,2026-09-05 10:00:00+00:00,LEC/2026 Season/Summer Playoffs,5,Team Vitality,G2 Esports,elo,sweep_team2,0.178,2026-09-01 10:42:44.908793+00:00,95.29,,1.0,0.0,3.0,2026-09-05 23:20:31.061390+00:00
LEC/2026 Season/Summer Playoffs_Round 1_2,2026-09-05 15:00:00+00:00,LEC/2026 Season/Summer Playoffs,5,Karmine Corp,GIANTX,lolcast,series,0.8837,2026-09-01 10:42:44.908793+00:00,100.29,,1.0,3.0,1.0,2026-09-05 23:20:31.061390+00:00
LEC/2026 Season/Summer Playoffs_Round 1_2,2026-09-05 15:00:00+00:00,LEC/2026 Season/Summer Playoffs,5,Karmine Corp,GIANTX,elo,series,0.8634,2026-09-01 10:42:44.908793+00:00,100.29,,1.0,3.0,1.0,2026-09-05 23:20:31.061390+00:00
LEC/2026 Season/Summer Playoffs_Round 1_2,2026-09-05 15:00:00+00:00,LEC/2026 Season/Summer Playoffs,5,Karmine Corp,GIANTX,lolcast,sweep_team1,0.389,2026-09-01 10:42:44.908793+00:00,100.29,,0.0,3.0,1.0,2026-09-05 23:20:31.061390+00:00
LEC/2026 Season/Summer Playoffs_Round 1_2,2026-09-05 15:00:00+00:00,LEC/2026 Season/Summer Playoffs,5,Karmine Corp,GIANTX,elo,sweep_team1,0.3649,2026-09-01 10:42:44.908793+00:00,100.29,,0.0,3.0,1.0,2026-09-05 23:20:31.061390+00:00
LEC/2026 Season/Summer Playoffs_Round 1_2,2026-09-05 15:00:00+00:00,LEC/2026 Season/Summer Playoffs,5,Karmine Corp,GIANTX,lolcast,sweep_team2,0.0163,2026-09-01 10:42:44.908793+00:00,100.29,,0.0,3.0,1.0,2026-09-05 23:20:31.061390+00:00
LEC/2026 Season/Summer Playoffs_Round 1_2,2026-09-05 15:00:00+00:00,LEC/2026 Season/Summer Playoffs,5,Karmine Corp,GIANTX,elo,sweep_team2,0.0203,2026-09-01 10:42:44.908793+00:00,100.29,,0.0,3.0,1.0,2026-09-05 23:20:31.061390+00:00
CBLOL/2026 Season/Split 2 Playoffs_Round 1_1,2026-09-05 16:00:00+00:00,CBLOL/2026 Season/Split 2 Playoffs,5,Vivo Keyd Stars,paiN Gaming,lolcast,series,0.7187,2026-09-01 10:42:44.908793+00:00,101.29,,0.0,1.0,3.0,2026-09-05 23:20:31.061390+00:00
CBLOL/2026 Season/Split 2 Playoffs_Round 1_1,2026-09-05 16:00:00+00:00,CBLOL/2026 Season/Split 2 Playoffs,5,Vivo Keyd Stars,paiN Gaming,elo,series,0.7021,2026-09-01 10:42:44.908793+00:00,101.29,,0.0,1.0,3.0,2026-09-05 23:20:31.061390+00:00
CBLOL/2026 Season/Split 2 Playoffs_Round 1_1,2026-09-05 16:00:00+00:00,CBLOL/2026 Season/Split 2 Playoffs,5,Vivo Keyd Stars,paiN Gaming,lolcast,sweep_team1,0.2303,2026-09-01 10:42:44.908793+00:00,101.29,,0.0,1.0,3.0,2026-09-05 23:20:31.061390+00:00
CBLOL/2026 Season/Split 2 Playoffs_Round 1_1,2026-09-05 16:00:00+00:00,CBLOL/2026 Season/Split 2 Playoffs,5,Vivo Keyd Stars,paiN Gaming,elo,sweep_team1,0.2205,2026-09-01 10:42:44.908793+00:00,101.29,,0.0,1.0,3.0,2026-09-05 23:20:31.061390+00:00
CBLOL/2026 Season/Split 2 Playoffs_Round 1_1,2026-09-05 16:00:00+00:00,CBLOL/2026 Season/Split 2 Playoffs,5,Vivo Keyd Stars,paiN Gaming,lolcast,sweep_team2,0.0508,2026-09-01 10:42:44.908793+00:00,101.29,,0.0,1.0,3.0,2026-09-05 23:20:31.061390+00:00
CBLOL/2026 Season/Split 2 Playoffs_Round 1_1,2026-09-05 16:00:00+00:00,CBLOL/2026 Season/Split 2 Playoffs,5,Vivo Keyd Stars,paiN Gaming,elo,sweep_team2,0.0554,2026-09-01 10:42:44.908793+00:00,101.29,,0.0,1.0,3.0,2026-09-05 23:20:31.061390+00:00
LCS/2026 Season/Summer Season_Week 7_1,2026-09-05 20:00:00+00:00,LCS/2026 Season/Summer Season,3,Sentinels,Cloud9,lolcast,series,0.3537,2026-09-01 10:42:44.908793+00:00,105.29,,0.0,0.0,2.0,2026-09-05 23:20:31.061390+00:00
LCS/2026 Season/Summer Season_Week 7_1,2026-09-05 20:00:00+00:00,LCS/2026 Season/Summer Season,3,Sentinels,Cloud9,elo,series,0.4146,2026-09-01 10:42:44.908793+00:00,105.29,,0.0,0.0,2.0,2026-09-05 23:20:31.061390+00:00
LCS/2026 Season/Summer Season_Week 7_1,2026-09-05 20:00:00+00:00,LCS/2026 Season/Summer Season,3,Sentinels,Cloud9,lolcast,sweep_team1,0.1549,2026-09-01 10:42:44.908793+00:00,105.29,,0.0,0.0,2.0,2026-09-05 23:20:31.061390+00:00
LCS/2026 Season/Summer Season_Week 7_1,2026-09-05 20:00:00+00:00,LCS/2026 Season/Summer Season,3,Sentinels,Cloud9,elo,sweep_team1,0.1911,2026-09-01 10:42:44.908793+00:00,105.29,,0.0,0.0,2.0,2026-09-05 23:20:31.061390+00:00
LCS/2026 Season/Summer Season_Week 7_1,2026-09-05 20:00:00+00:00,LCS/2026 Season/Summer Season,3,Sentinels,Cloud9,lolcast,sweep_team2,0.3495,2026-09-01 10:42:44.908793+00:00,105.29,,1.0,0.0,2.0,2026-09-05 23:20:31.061390+00:00
LCS/2026 Season/Summer Season_Week 7_1,2026-09-05 20:00:00+00:00,LCS/2026 Season/Summer Season,3,Sentinels,Cloud9,elo,sweep_team2,0.3041,2026-09-01 10:42:44.908793+00:00,105.29,,1.0,0.0,2.0,2026-09-05 23:20:31.061390+00:00
LCS/2026 Season/Summer Season_Week 7_2,2026-09-05 23:00:00+00:00,LCS/2026 Season/Summer Season,3,Dignitas,Team Liquid,lolcast,series,0.0599,2026-09-01 10:42:44.908793+00:00,108.29,,0.0,0.0,2.0,2026-09-05 23:20:31.061390+00:00
LCS/2026 Season/Summer Season_Week 7_2,2026-09-05 23:00:00+00:00,LCS/2026 Season/Summer Season,3,Dignitas,Team Liquid,elo,series,0.0748,2026-09-01 10:42:44.908793+00:00,108.29,,0.0,0.0,2.0,2026-09-05 23:20:31.061390+00:00
LCS/2026 Season/Summer Season_Week 7_2,2026-09-05 23:00:00+00:00,LCS/2026 Season/Summer Season,3,Dignitas,Team Liquid,lolcast,sweep_team1,0.022,2026-09-01 10:42:44.908793+00:00,108.29,,0.0,0.0,2.0,2026-09-05 23:20:31.061390+00:00
LCS/2026 Season/Summer Season_Week 7_2,2026-09-05 23:00:00+00:00,LCS/2026 Season/Summer Season,3,Dignitas,Team Liquid,elo,sweep_team1,0.027,2026-09-01 10:42:44.908793+00:00,108.29,,0.0,0.0,2.0,2026-09-05 23:20:31.061390+00:00
LCS/2026 Season/Summer Season_Week 7_2,2026-09-05 23:00:00+00:00,LCS/2026 Season/Summer Season,3,Dignitas,Team Liquid,lolcast,sweep_team2,0.7235,2026-09-01 10:42:44.908793+00:00,108.29,,1.0,0.0,2.0,2026-09-05 23:20:31.061390+00:00
LCS/2026 Season/Summer Season_Week 7_2,2026-09-05 23:00:00+00:00,LCS/2026 Season/Summer Season,3,Dignitas,Team Liquid,elo,sweep_team2,0.6876,2026-09-01 10:42:44.908793+00:00,108.29,,1.0,0.0,2.0,2026-09-05 23:20:31.061390+00:00
CBLOL/2026 Season/Split 2 Playoffs_Round 1_2,2026-09-06 16:00:00+00:00,CBLOL/2026 Season/Split 2 Playoffs,5,FURIA,RED Canids,lolcast,series,0.863,2026-09-01 10:42:44.908793+00:00,125.29,,1.0,3.0,0.0,2026-09-06 23:07:56.780111+00:00
CBLOL/2026 Season/Split 2 Playoffs_Round 1_2,2026-09-06 16:00:00+00:00,CBLOL/2026 Season/Split 2 Playoffs,5,FURIA,RED Canids,elo,series,0.8134,2026-09-01 10:42:44.908793+00:00,125.29,,1.0,3.0,0.0,2026-09-06 23:07:56.780111+00:00
CBLOL/2026 Season/Split 2 Playoffs_Round 1_2,2026-09-06 16:00:00+00:00,CBLOL/2026 Season/Split 2 Playoffs,5,FURIA,RED Canids,lolcast,sweep_team1,0.361,2026-09-01 10:42:44.908793+00:00,125.29,,1.0,3.0,0.0,2026-09-06 23:07:56.780111+00:00
CBLOL/2026 Season/Split 2 Playoffs_Round 1_2,2026-09-06 16:00:00+00:00,CBLOL/2026 Season/Split 2 Playoffs,5,FURIA,RED Canids,elo,sweep_team1,0.309,2026-09-01 10:42:44.908793+00:00,125.29,,1.0,3.0,0.0,2026-09-06 23:07:56.780111+00:00
CBLOL/2026 Season/Split 2 Playoffs_Round 1_2,2026-09-06 16:00:00+00:00,CBLOL/2026 Season/Split 2 Playoffs,5,FURIA,RED Canids,lolcast,sweep_team2,0.0199,2026-09-01 10:42:44.908793+00:00,125.29,,0.0,3.0,0.0,2026-09-06 23:07:56.780111+00:00
CBLOL/2026 Season/Split 2 Playoffs_Round 1_2,2026-09-06 16:00:00+00:00,CBLOL/2026 Season/Split 2 Playoffs,5,FURIA,RED Canids,elo,sweep_team2,0.03,2026-09-01 10:42:44.908793+00:00,125.29,,0.0,3.0,0.0,2026-09-06 23:07:56.780111+00:00
LCS/2026 Season/Summer Season_Week 7_3,2026-09-06 20:00:00+00:00,LCS/2026 Season/Summer Season,3,FlyQuest,Shopify Rebellion,lolcast,series,0.6315,2026-09-01 10:42:44.908793+00:00,129.29,,1.0,2.0,0.0,2026-09-06 23:07:56.780111+00:00
LCS/2026 Season/Summer Season_Week 7_3,2026-09-06 20:00:00+00:00,LCS/2026 Season/Summer Season,3,FlyQuest,Shopify Rebellion,elo,series,0.6105,2026-09-01 10:42:44.908793+00:00,129.29,,1.0,2.0,0.0,2026-09-06 23:07:56.780111+00:00
LCS/2026 Season/Summer Season_Week 7_3,2026-09-06 20:00:00+00:00,LCS/2026 Season/Summer Season,3,FlyQuest,Shopify Rebellion,lolcast,sweep_team1,0.3414,2026-09-01 10:42:44.908793+00:00,129.29,,1.0,2.0,0.0,2026-09-06 23:07:56.780111+00:00
LCS/2026 Season/Summer Season_Week 7_3,2026-09-06 20:00:00+00:00,LCS/2026 Season/Summer Season,3,FlyQuest,Shopify Rebellion,elo,sweep_team1,0.3232,2026-09-01 10:42:44.908793+00:00,129.29,,1.0,2.0,0.0,2026-09-06 23:07:56.780111+00:00
LCS/2026 Season/Summer Season_Week 7_3,2026-09-06 20:00:00+00:00,LCS/2026 Season/Summer Season,3,FlyQuest,Shopify Rebellion,lolcast,sweep_team2,0.1657,2026-09-01 10:42:44.908793+00:00,129.29,,0.0,2.0,0.0,2026-09-06 23:07:56.780111+00:00
LCS/2026 Season/Summer Season_Week 7_3,2026-09-06 20:00:00+00:00,LCS/2026 Season/Summer Season,3,FlyQuest,Shopify Rebellion,elo,sweep_team2,0.1765,2026-09-01 10:42:44.908793+00:00,129.29,,0.0,2.0,0.0,2026-09-06 23:07:56.780111+00:00
LCS/2026 Season/Summer Season_Week 7_4,2026-09-06 23:00:00+00:00,LCS/2026 Season/Summer Season,3,Disguised,LYON (2024 American Team),lolcast,series,0.0506,2026-09-01 10:42:44.908793+00:00,132.29,,0.0,0.0,2.0,2026-09-06 23:07:56.780111+00:00
LCS/2026 Season/Summer Season_Week 7_4,2026-09-06 23:00:00+00:00,LCS/2026 Season/Summer Season,3,Disguised,LYON (2024 American Team),elo,series,0.0638,2026-09-01 10:42:44.908793+00:00,132.29,,0.0,0.0,2.0,2026-09-06 23:07:56.780111+00:00
LCS/2026 Season/Summer Season_Week 7_4,2026-09-06 23:00:00+00:00,LCS/2026 Season/Summer Season,3,Disguised,LYON (2024 American Team),lolcast,sweep_team1,0.0189,2026-09-01 10:42:44.908793+00:00,132.29,,0.0,0.0,2.0,2026-09-06 23:07:56.780111+00:00
LCS/2026 Season/Summer Season_Week 7_4,2026-09-06 23:00:00+00:00,LCS/2026 Season/Summer Season,3,Disguised,LYON (2024 American Team),elo,sweep_team1,0.0228,2026-09-01 10:42:44.908793+00:00,132.29,,0.0,0.0,2.0,2026-09-06 23:07:56.780111+00:00
LCS/2026 Season/Summer Season_Week 7_4,2026-09-06 23:00:00+00:00,LCS/2026 Season/Summer Season,3,Disguised,LYON (2024 American Team),lolcast,sweep_team2,0.7483,2026-09-01 10:42:44.908793+00:00,132.29,,1.0,0.0,2.0,2026-09-06 23:07:56.780111+00:00
LCS/2026 Season/Summer Season_Week 7_4,2026-09-06 23:00:00+00:00,LCS/2026 Season/Summer Season,3,Disguised,LYON (2024 American Team),elo,sweep_team2,0.7106,2026-09-01 10:42:44.908793+00:00,132.29,,1.0,0.0,2.0,2026-09-06 23:07:56.780111+00:00
North American Challengers League/2026 Season/Summer Playoffs_Round 2_3,2026-09-02 21:00:00+00:00,North American Challengers League/2026 Season/Summer Playoffs,5,NRG,Conviction,lolcast,series,0.4562,2026-09-02 12:20:02.884804+00:00,8.67,,1.0,3.0,2.0,2026-09-04 10:07:05.615757+00:00
North American Challengers League/2026 Season/Summer Playoffs_Round 2_3,2026-09-02 21:00:00+00:00,North American Challengers League/2026 Season/Summer Playoffs,5,NRG,Conviction,elo,series,0.3316,2026-09-02 12:20:02.884804+00:00,8.67,,1.0,3.0,2.0,2026-09-04 10:07:05.615757+00:00
North American Challengers League/2026 Season/Summer Playoffs_Round 2_3,2026-09-02 21:00:00+00:00,North American Challengers League/2026 Season/Summer Playoffs,5,NRG,Conviction,polymarket,series,0.635,2026-09-02 12:20:02.884804+00:00,8.67,2543.2267,1.0,3.0,2.0,2026-09-04 10:07:05.615757+00:00
North American Challengers League/2026 Season/Summer Playoffs_Round 2_3,2026-09-02 21:00:00+00:00,North American Challengers League/2026 Season/Summer Playoffs,5,NRG,Conviction,lolcast,sweep_team1,0.1002,2026-09-02 12:20:02.884804+00:00,8.67,,0.0,3.0,2.0,2026-09-04 10:07:05.615757+00:00
North American Challengers League/2026 Season/Summer Playoffs_Round 2_3,2026-09-02 21:00:00+00:00,North American Challengers League/2026 Season/Summer Playoffs,5,NRG,Conviction,elo,sweep_team1,0.0643,2026-09-02 12:20:02.884804+00:00,8.67,,0.0,3.0,2.0,2026-09-04 10:07:05.615757+00:00
North American Challengers League/2026 Season/Summer Playoffs_Round 2_3,2026-09-02 21:00:00+00:00,North American Challengers League/2026 Season/Summer Playoffs,5,NRG,Conviction,lolcast,sweep_team2,0.1336,2026-09-02 12:20:02.884804+00:00,8.67,,0.0,3.0,2.0,2026-09-04 10:07:05.615757+00:00
North American Challengers League/2026 Season/Summer Playoffs_Round 2_3,2026-09-02 21:00:00+00:00,North American Challengers League/2026 Season/Summer Playoffs,5,NRG,Conviction,elo,sweep_team2,0.1995,2026-09-02 12:20:02.884804+00:00,8.67,,0.0,3.0,2.0,2026-09-04 10:07:05.615757+00:00
LCK/2026 Season/Season Playoffs_Round 1_3,2026-09-03 08:00:00+00:00,LCK/2026 Season/Season Playoffs,5,BNK FEARX,Dplus Kia,lolcast,series,0.2727,2026-09-02 12:20:02.884804+00:00,19.67,,0.0,2.0,3.0,2026-09-04 10:07:05.615757+00:00
LCK/2026 Season/Season Playoffs_Round 1_3,2026-09-03 08:00:00+00:00,LCK/2026 Season/Season Playoffs,5,BNK FEARX,Dplus Kia,elo,series,0.2631,2026-09-02 12:20:02.884804+00:00,19.67,,0.0,2.0,3.0,2026-09-04 10:07:05.615757+00:00
LCK/2026 Season/Season Playoffs_Round 1_3,2026-09-03 08:00:00+00:00,LCK/2026 Season/Season Playoffs,5,BNK FEARX,Dplus Kia,polymarket,series,0.355,2026-09-02 12:20:02.884804+00:00,19.67,15390.5461,0.0,2.0,3.0,2026-09-04 10:07:05.615757+00:00
LCK/2026 Season/Season Playoffs_Round 1_3,2026-09-03 08:00:00+00:00,LCK/2026 Season/Season Playoffs,5,BNK FEARX,Dplus Kia,lolcast,sweep_team1,0.0483,2026-09-02 12:20:02.884804+00:00,19.67,,0.0,2.0,3.0,2026-09-04 10:07:05.615757+00:00
LCK/2026 Season/Season Playoffs_Round 1_3,2026-09-03 08:00:00+00:00,LCK/2026 Season/Season Playoffs,5,BNK FEARX,Dplus Kia,elo,sweep_team1,0.0468,2026-09-02 12:20:02.884804+00:00,19.67,,0.0,2.0,3.0,2026-09-04 10:07:05.615757+00:00
LCK/2026 Season/Season Playoffs_Round 1_3,2026-09-03 08:00:00+00:00,LCK/2026 Season/Season Playoffs,5,BNK FEARX,Dplus Kia,lolcast,sweep_team2,0.235,2026-09-02 12:20:02.884804+00:00,19.67,,0.0,2.0,3.0,2026-09-04 10:07:05.615757+00:00
LCK/2026 Season/Season Playoffs_Round 1_3,2026-09-03 08:00:00+00:00,LCK/2026 Season/Season Playoffs,5,BNK FEARX,Dplus Kia,elo,sweep_team2,0.2443,2026-09-02 12:20:02.884804+00:00,19.67,,0.0,2.0,3.0,2026-09-04 10:07:05.615757+00:00
LPL/2026 Season/Grand Finals_Round 2_1,2026-09-03 09:00:00+00:00,LPL/2026 Season/Grand Finals,5,Bilibili Gaming,Team WE,lolcast,series,0.8907,2026-09-02 12:20:02.884804+00:00,20.67,,1.0,3.0,1.0,2026-09-04 10:07:05.615757+00:00
LPL/2026 Season/Grand Finals_Round 2_1,2026-09-03 09:00:00+00:00,LPL/2026 Season/Grand Finals,5,Bilibili Gaming,Team WE,elo,series,0.8795,2026-09-02 12:20:02.884804+00:00,20.67,,1.0,3.0,1.0,2026-09-04 10:07:05.615757+00:00
LPL/2026 Season/Grand Finals_Round 2_1,2026-09-03 09:00:00+00:00,LPL/2026 Season/Grand Finals,5,Bilibili Gaming,Team WE,polymarket,series,0.69,2026-09-02 12:20:02.884804+00:00,20.67,7604.5465,1.0,3.0,1.0,2026-09-04 10:07:05.615757+00:00
LPL/2026 Season/Grand Finals_Round 2_1,2026-09-03 09:00:00+00:00,LPL/2026 Season/Grand Finals,5,Bilibili Gaming,Team WE,lolcast,sweep_team1,0.3953,2026-09-02 12:20:02.884804+00:00,20.67,,0.0,3.0,1.0,2026-09-04 10:07:05.615757+00:00
LPL/2026 Season/Grand Finals_Round 2_1,2026-09-03 09:00:00+00:00,LPL/2026 Season/Grand Finals,5,Bilibili Gaming,Team WE,elo,sweep_team1,0.3866,2026-09-02 12:20:02.884804+00:00,20.67,,0.0,3.0,1.0,2026-09-04 10:07:05.615757+00:00
LPL/2026 Season/Grand Finals_Round 2_1,2026-09-03 09:00:00+00:00,LPL/2026 Season/Grand Finals,5,Bilibili Gaming,Team WE,lolcast,sweep_team2,0.0147,2026-09-02 12:20:02.884804+00:00,20.67,,0.0,3.0,1.0,2026-09-04 10:07:05.615757+00:00
LPL/2026 Season/Grand Finals_Round 2_1,2026-09-03 09:00:00+00:00,LPL/2026 Season/Grand Finals,5,Bilibili Gaming,Team WE,elo,sweep_team2,0.0175,2026-09-02 12:20:02.884804+00:00,20.67,,0.0,3.0,1.0,2026-09-04 10:07:05.615757+00:00
LPL/2026 Season/Grand Finals_Round 2_2,2026-09-04 09:00:00+00:00,LPL/2026 Season/Grand Finals,5,Anyone's Legend,LGD Gaming,lolcast,series,0.5908,2026-09-02 12:20:02.884804+00:00,44.67,,1.0,3.0,1.0,2026-09-05 09:36:52.083245+00:00
LPL/2026 Season/Grand Finals_Round 2_2,2026-09-04 09:00:00+00:00,LPL/2026 Season/Grand Finals,5,Anyone's Legend,LGD Gaming,elo,series,0.618,2026-09-02 12:20:02.884804+00:00,44.67,,1.0,3.0,1.0,2026-09-05 09:36:52.083245+00:00
LPL/2026 Season/Grand Finals_Round 2_2,2026-09-04 09:00:00+00:00,LPL/2026 Season/Grand Finals,5,Anyone's Legend,LGD Gaming,polymarket,series,0.625,2026-09-02 12:20:02.884804+00:00,44.67,2979.3501,1.0,3.0,1.0,2026-09-05 09:36:52.083245+00:00
LPL/2026 Season/Grand Finals_Round 2_2,2026-09-04 09:00:00+00:00,LPL/2026 Season/Grand Finals,5,Anyone's Legend,LGD Gaming,lolcast,sweep_team1,0.1532,2026-09-02 12:20:02.884804+00:00,44.67,,0.0,3.0,1.0,2026-09-05 09:36:52.083245+00:00
LPL/2026 Season/Grand Finals_Round 2_2,2026-09-04 09:00:00+00:00,LPL/2026 Season/Grand Finals,5,Anyone's Legend,LGD Gaming,elo,sweep_team1,0.1719,2026-09-02 12:20:02.884804+00:00,44.67,,0.0,3.0,1.0,2026-09-05 09:36:52.083245+00:00
LPL/2026 Season/Grand Finals_Round 2_2,2026-09-04 09:00:00+00:00,LPL/2026 Season/Grand Finals,5,Anyone's Legend,LGD Gaming,lolcast,sweep_team2,0.0838,2026-09-02 12:20:02.884804+00:00,44.67,,0.0,3.0,1.0,2026-09-05 09:36:52.083245+00:00
LPL/2026 Season/Grand Finals_Round 2_2,2026-09-04 09:00:00+00:00,LPL/2026 Season/Grand Finals,5,Anyone's Legend,LGD Gaming,elo,sweep_team2,0.0788,2026-09-02 12:20:02.884804+00:00,44.67,,0.0,3.0,1.0,2026-09-05 09:36:52.083245+00:00
LPL/2026 Season/Grand Finals_Round 1_3,2026-09-05 06:00:00+00:00,LPL/2026 Season/Grand Finals,5,Invictus Gaming,Top Esports,lolcast,series,0.4065,2026-09-02 12:20:02.884804+00:00,65.67,,1.0,3.0,2.0,2026-09-05 23:20:31.061390+00:00
LPL/2026 Season/Grand Finals_Round 1_3,2026-09-05 06:00:00+00:00,LPL/2026 Season/Grand Finals,5,Invictus Gaming,Top Esports,elo,series,0.3744,2026-09-02 12:20:02.884804+00:00,65.67,,1.0,3.0,2.0,2026-09-05 23:20:31.061390+00:00
LPL/2026 Season/Grand Finals_Round 1_3,2026-09-05 06:00:00+00:00,LPL/2026 Season/Grand Finals,5,Invictus Gaming,Top Esports,polymarket,series,0.495,2026-09-02 12:20:02.884804+00:00,65.67,3249.5836,1.0,3.0,2.0,2026-09-05 23:20:31.061390+00:00
LPL/2026 Season/Grand Finals_Round 1_3,2026-09-05 06:00:00+00:00,LPL/2026 Season/Grand Finals,5,Invictus Gaming,Top Esports,lolcast,sweep_team1,0.0829,2026-09-02 12:20:02.884804+00:00,65.67,,0.0,3.0,2.0,2026-09-05 23:20:31.061390+00:00
LPL/2026 Season/Grand Finals_Round 1_3,2026-09-05 06:00:00+00:00,LPL/2026 Season/Grand Finals,5,Invictus Gaming,Top Esports,elo,sweep_team1,0.0765,2026-09-02 12:20:02.884804+00:00,65.67,,0.0,3.0,2.0,2026-09-05 23:20:31.061390+00:00
LPL/2026 Season/Grand Finals_Round 1_3,2026-09-05 06:00:00+00:00,LPL/2026 Season/Grand Finals,5,Invictus Gaming,Top Esports,lolcast,sweep_team2,0.1543,2026-09-02 12:20:02.884804+00:00,65.67,,0.0,3.0,2.0,2026-09-05 23:20:31.061390+00:00
LPL/2026 Season/Grand Finals_Round 1_3,2026-09-05 06:00:00+00:00,LPL/2026 Season/Grand Finals,5,Invictus Gaming,Top Esports,elo,sweep_team2,0.1758,2026-09-02 12:20:02.884804+00:00,65.67,,0.0,3.0,2.0,2026-09-05 23:20:31.061390+00:00
LCK/2026 Season/Season Playoffs_Round 4_1,2026-09-05 08:00:00+00:00,LCK/2026 Season/Season Playoffs,5,Gen.G,Hanwha Life Esports,lolcast,series,0.6964,2026-09-02 12:20:02.884804+00:00,67.67,,1.0,3.0,1.0,2026-09-05 23:20:31.061390+00:00
LCK/2026 Season/Season Playoffs_Round 4_1,2026-09-05 08:00:00+00:00,LCK/2026 Season/Season Playoffs,5,Gen.G,Hanwha Life Esports,elo,series,0.6257,2026-09-02 12:20:02.884804+00:00,67.67,,1.0,3.0,1.0,2026-09-05 23:20:31.061390+00:00
LCK/2026 Season/Season Playoffs_Round 4_1,2026-09-05 08:00:00+00:00,LCK/2026 Season/Season Playoffs,5,Gen.G,Hanwha Life Esports,lolcast,sweep_team1,0.2133,2026-09-02 12:20:02.884804+00:00,67.67,,0.0,3.0,1.0,2026-09-05 23:20:31.061390+00:00
LCK/2026 Season/Season Playoffs_Round 4_1,2026-09-05 08:00:00+00:00,LCK/2026 Season/Season Playoffs,5,Gen.G,Hanwha Life Esports,elo,sweep_team1,0.1759,2026-09-02 12:20:02.884804+00:00,67.67,,0.0,3.0,1.0,2026-09-05 23:20:31.061390+00:00
LCK/2026 Season/Season Playoffs_Round 4_1,2026-09-05 08:00:00+00:00,LCK/2026 Season/Season Playoffs,5,Gen.G,Hanwha Life Esports,lolcast,sweep_team2,0.0555,2026-09-02 12:20:02.884804+00:00,67.67,,0.0,3.0,1.0,2026-09-05 23:20:31.061390+00:00
LCK/2026 Season/Season Playoffs_Round 4_1,2026-09-05 08:00:00+00:00,LCK/2026 Season/Season Playoffs,5,Gen.G,Hanwha Life Esports,elo,sweep_team2,0.0765,2026-09-02 12:20:02.884804+00:00,67.67,,0.0,3.0,1.0,2026-09-05 23:20:31.061390+00:00
LPL/2026 Season/Grand Finals_Round 1_4,2026-09-05 09:00:00+00:00,LPL/2026 Season/Grand Finals,5,Ninjas in Pyjamas.CN,JD Gaming,lolcast,series,0.656,2026-09-02 12:20:02.884804+00:00,68.67,,1.0,3.0,0.0,2026-09-05 23:20:31.061390+00:00
LPL/2026 Season/Grand Finals_Round 1_4,2026-09-05 09:00:00+00:00,LPL/2026 Season/Grand Finals,5,Ninjas in Pyjamas.CN,JD Gaming,elo,series,0.6209,2026-09-02 12:20:02.884804+00:00,68.67,,1.0,3.0,0.0,2026-09-05 23:20:31.061390+00:00
LPL/2026 Season/Grand Finals_Round 1_4,2026-09-05 09:00:00+00:00,LPL/2026 Season/Grand Finals,5,Ninjas in Pyjamas.CN,JD Gaming,lolcast,sweep_team1,0.1871,2026-09-02 12:20:02.884804+00:00,68.67,,1.0,3.0,0.0,2026-09-05 23:20:31.061390+00:00
LPL/2026 Season/Grand Finals_Round 1_4,2026-09-05 09:00:00+00:00,LPL/2026 Season/Grand Finals,5,Ninjas in Pyjamas.CN,JD Gaming,elo,sweep_team1,0.1734,2026-09-02 12:20:02.884804+00:00,68.67,,1.0,3.0,0.0,2026-09-05 23:20:31.061390+00:00
LPL/2026 Season/Grand Finals_Round 1_4,2026-09-05 09:00:00+00:00,LPL/2026 Season/Grand Finals,5,Ninjas in Pyjamas.CN,JD Gaming,lolcast,sweep_team2,0.0651,2026-09-02 12:20:02.884804+00:00,68.67,,0.0,3.0,0.0,2026-09-05 23:20:31.061390+00:00
LPL/2026 Season/Grand Finals_Round 1_4,2026-09-05 09:00:00+00:00,LPL/2026 Season/Grand Finals,5,Ninjas in Pyjamas.CN,JD Gaming,elo,sweep_team2,0.0779,2026-09-02 12:20:02.884804+00:00,68.67,,0.0,3.0,0.0,2026-09-05 23:20:31.061390+00:00
LEC/2026 Season/Summer Playoffs_Round 1_1,2026-09-05 10:00:00+00:00,LEC/2026 Season/Summer Playoffs,5,Team Vitality,G2 Esports,lolcast,series,0.3687,2026-09-02 12:20:02.884804+00:00,69.67,,0.0,0.0,3.0,2026-09-05 23:20:31.061390+00:00
LEC/2026 Season/Summer Playoffs_Round 1_1,2026-09-05 10:00:00+00:00,LEC/2026 Season/Summer Playoffs,5,Team Vitality,G2 Esports,elo,series,0.3704,2026-09-02 12:20:02.884804+00:00,69.67,,0.0,0.0,3.0,2026-09-05 23:20:31.061390+00:00
LEC/2026 Season/Summer Playoffs_Round 1_1,2026-09-05 10:00:00+00:00,LEC/2026 Season/Summer Playoffs,5,Team Vitality,G2 Esports,polymarket,series,0.345,2026-09-02 12:20:02.884804+00:00,69.67,1179.4997,0.0,0.0,3.0,2026-09-05 23:20:31.061390+00:00
LEC/2026 Season/Summer Playoffs_Round 1_1,2026-09-05 10:00:00+00:00,LEC/2026 Season/Summer Playoffs,5,Team Vitality,G2 Esports,lolcast,sweep_team1,0.0707,2026-09-02 12:20:02.884804+00:00,69.67,,0.0,0.0,3.0,2026-09-05 23:20:31.061390+00:00
LEC/2026 Season/Summer Playoffs_Round 1_1,2026-09-05 10:00:00+00:00,LEC/2026 Season/Summer Playoffs,5,Team Vitality,G2 Esports,elo,sweep_team1,0.0754,2026-09-02 12:20:02.884804+00:00,69.67,,0.0,0.0,3.0,2026-09-05 23:20:31.061390+00:00
LEC/2026 Season/Summer Playoffs_Round 1_1,2026-09-05 10:00:00+00:00,LEC/2026 Season/Summer Playoffs,5,Team Vitality,G2 Esports,lolcast,sweep_team2,0.1713,2026-09-02 12:20:02.884804+00:00,69.67,,1.0,0.0,3.0,2026-09-05 23:20:31.061390+00:00
LEC/2026 Season/Summer Playoffs_Round 1_1,2026-09-05 10:00:00+00:00,LEC/2026 Season/Summer Playoffs,5,Team Vitality,G2 Esports,elo,sweep_team2,0.1779,2026-09-02 12:20:02.884804+00:00,69.67,,1.0,0.0,3.0,2026-09-05 23:20:31.061390+00:00
LEC/2026 Season/Summer Playoffs_Round 1_2,2026-09-05 15:00:00+00:00,LEC/2026 Season/Summer Playoffs,5,Karmine Corp,GIANTX,lolcast,series,0.8821,2026-09-02 12:20:02.884804+00:00,74.67,,1.0,3.0,1.0,2026-09-05 23:20:31.061390+00:00
LEC/2026 Season/Summer Playoffs_Round 1_2,2026-09-05 15:00:00+00:00,LEC/2026 Season/Summer Playoffs,5,Karmine Corp,GIANTX,elo,series,0.8634,2026-09-02 12:20:02.884804+00:00,74.67,,1.0,3.0,1.0,2026-09-05 23:20:31.061390+00:00
LEC/2026 Season/Summer Playoffs_Round 1_2,2026-09-05 15:00:00+00:00,LEC/2026 Season/Summer Playoffs,5,Karmine Corp,GIANTX,lolcast,sweep_team1,0.3805,2026-09-02 12:20:02.884804+00:00,74.67,,0.0,3.0,1.0,2026-09-05 23:20:31.061390+00:00
LEC/2026 Season/Summer Playoffs_Round 1_2,2026-09-05 15:00:00+00:00,LEC/2026 Season/Summer Playoffs,5,Karmine Corp,GIANTX,elo,sweep_team1,0.3649,2026-09-02 12:20:02.884804+00:00,74.67,,0.0,3.0,1.0,2026-09-05 23:20:31.061390+00:00
LEC/2026 Season/Summer Playoffs_Round 1_2,2026-09-05 15:00:00+00:00,LEC/2026 Season/Summer Playoffs,5,Karmine Corp,GIANTX,lolcast,sweep_team2,0.0159,2026-09-02 12:20:02.884804+00:00,74.67,,0.0,3.0,1.0,2026-09-05 23:20:31.061390+00:00
LEC/2026 Season/Summer Playoffs_Round 1_2,2026-09-05 15:00:00+00:00,LEC/2026 Season/Summer Playoffs,5,Karmine Corp,GIANTX,elo,sweep_team2,0.0203,2026-09-02 12:20:02.884804+00:00,74.67,,0.0,3.0,1.0,2026-09-05 23:20:31.061390+00:00
CBLOL/2026 Season/Split 2 Playoffs_Round 1_1,2026-09-05 16:00:00+00:00,CBLOL/2026 Season/Split 2 Playoffs,5,Vivo Keyd Stars,paiN Gaming,lolcast,series,0.7273,2026-09-02 12:20:02.884804+00:00,75.67,,0.0,1.0,3.0,2026-09-05 23:20:31.061390+00:00
CBLOL/2026 Season/Split 2 Playoffs_Round 1_1,2026-09-05 16:00:00+00:00,CBLOL/2026 Season/Split 2 Playoffs,5,Vivo Keyd Stars,paiN Gaming,elo,series,0.7021,2026-09-02 12:20:02.884804+00:00,75.67,,0.0,1.0,3.0,2026-09-05 23:20:31.061390+00:00
CBLOL/2026 Season/Split 2 Playoffs_Round 1_1,2026-09-05 16:00:00+00:00,CBLOL/2026 Season/Split 2 Playoffs,5,Vivo Keyd Stars,paiN Gaming,lolcast,sweep_team1,0.235,2026-09-02 12:20:02.884804+00:00,75.67,,0.0,1.0,3.0,2026-09-05 23:20:31.061390+00:00
CBLOL/2026 Season/Split 2 Playoffs_Round 1_1,2026-09-05 16:00:00+00:00,CBLOL/2026 Season/Split 2 Playoffs,5,Vivo Keyd Stars,paiN Gaming,elo,sweep_team1,0.2204,2026-09-02 12:20:02.884804+00:00,75.67,,0.0,1.0,3.0,2026-09-05 23:20:31.061390+00:00
CBLOL/2026 Season/Split 2 Playoffs_Round 1_1,2026-09-05 16:00:00+00:00,CBLOL/2026 Season/Split 2 Playoffs,5,Vivo Keyd Stars,paiN Gaming,lolcast,sweep_team2,0.0483,2026-09-02 12:20:02.884804+00:00,75.67,,0.0,1.0,3.0,2026-09-05 23:20:31.061390+00:00
CBLOL/2026 Season/Split 2 Playoffs_Round 1_1,2026-09-05 16:00:00+00:00,CBLOL/2026 Season/Split 2 Playoffs,5,Vivo Keyd Stars,paiN Gaming,elo,sweep_team2,0.0554,2026-09-02 12:20:02.884804+00:00,75.67,,0.0,1.0,3.0,2026-09-05 23:20:31.061390+00:00
LCS/2026 Season/Summer Season_Week 7_1,2026-09-05 20:00:00+00:00,LCS/2026 Season/Summer Season,3,Sentinels,Cloud9,lolcast,series,0.3528,2026-09-02 12:20:02.884804+00:00,79.67,,0.0,0.0,2.0,2026-09-05 23:20:31.061390+00:00
LCS/2026 Season/Summer Season_Week 7_1,2026-09-05 20:00:00+00:00,LCS/2026 Season/Summer Season,3,Sentinels,Cloud9,elo,series,0.4146,2026-09-02 12:20:02.884804+00:00,79.67,,0.0,0.0,2.0,2026-09-05 23:20:31.061390+00:00
LCS/2026 Season/Summer Season_Week 7_1,2026-09-05 20:00:00+00:00,LCS/2026 Season/Summer Season,3,Sentinels,Cloud9,lolcast,sweep_team1,0.1532,2026-09-02 12:20:02.884804+00:00,79.67,,0.0,0.0,2.0,2026-09-05 23:20:31.061390+00:00
LCS/2026 Season/Summer Season_Week 7_1,2026-09-05 20:00:00+00:00,LCS/2026 Season/Summer Season,3,Sentinels,Cloud9,elo,sweep_team1,0.191,2026-09-02 12:20:02.884804+00:00,79.67,,0.0,0.0,2.0,2026-09-05 23:20:31.061390+00:00
LCS/2026 Season/Summer Season_Week 7_1,2026-09-05 20:00:00+00:00,LCS/2026 Season/Summer Season,3,Sentinels,Cloud9,lolcast,sweep_team2,0.3484,2026-09-02 12:20:02.884804+00:00,79.67,,1.0,0.0,2.0,2026-09-05 23:20:31.061390+00:00
LCS/2026 Season/Summer Season_Week 7_1,2026-09-05 20:00:00+00:00,LCS/2026 Season/Summer Season,3,Sentinels,Cloud9,elo,sweep_team2,0.3041,2026-09-02 12:20:02.884804+00:00,79.67,,1.0,0.0,2.0,2026-09-05 23:20:31.061390+00:00
LCS/2026 Season/Summer Season_Week 7_2,2026-09-05 23:00:00+00:00,LCS/2026 Season/Summer Season,3,Dignitas,Team Liquid,lolcast,series,0.0634,2026-09-02 12:20:02.884804+00:00,82.67,,0.0,0.0,2.0,2026-09-05 23:20:31.061390+00:00
LCS/2026 Season/Summer Season_Week 7_2,2026-09-05 23:00:00+00:00,LCS/2026 Season/Summer Season,3,Dignitas,Team Liquid,elo,series,0.0749,2026-09-02 12:20:02.884804+00:00,82.67,,0.0,0.0,2.0,2026-09-05 23:20:31.061390+00:00
LCS/2026 Season/Summer Season_Week 7_2,2026-09-05 23:00:00+00:00,LCS/2026 Season/Summer Season,3,Dignitas,Team Liquid,lolcast,sweep_team1,0.0232,2026-09-02 12:20:02.884804+00:00,82.67,,0.0,0.0,2.0,2026-09-05 23:20:31.061390+00:00
LCS/2026 Season/Summer Season_Week 7_2,2026-09-05 23:00:00+00:00,LCS/2026 Season/Summer Season,3,Dignitas,Team Liquid,elo,sweep_team1,0.027,2026-09-02 12:20:02.884804+00:00,82.67,,0.0,0.0,2.0,2026-09-05 23:20:31.061390+00:00
LCS/2026 Season/Summer Season_Week 7_2,2026-09-05 23:00:00+00:00,LCS/2026 Season/Summer Season,3,Dignitas,Team Liquid,lolcast,sweep_team2,0.7147,2026-09-02 12:20:02.884804+00:00,82.67,,1.0,0.0,2.0,2026-09-05 23:20:31.061390+00:00
LCS/2026 Season/Summer Season_Week 7_2,2026-09-05 23:00:00+00:00,LCS/2026 Season/Summer Season,3,Dignitas,Team Liquid,elo,sweep_team2,0.6875,2026-09-02 12:20:02.884804+00:00,82.67,,1.0,0.0,2.0,2026-09-05 23:20:31.061390+00:00
CBLOL/2026 Season/Split 2 Playoffs_Round 1_2,2026-09-06 16:00:00+00:00,CBLOL/2026 Season/Split 2 Playoffs,5,FURIA,RED Canids,lolcast,series,0.858,2026-09-02 12:20:02.884804+00:00,99.67,,1.0,3.0,0.0,2026-09-06 23:07:56.780111+00:00
CBLOL/2026 Season/Split 2 Playoffs_Round 1_2,2026-09-06 16:00:00+00:00,CBLOL/2026 Season/Split 2 Playoffs,5,FURIA,RED Canids,elo,series,0.8133,2026-09-02 12:20:02.884804+00:00,99.67,,1.0,3.0,0.0,2026-09-06 23:07:56.780111+00:00
CBLOL/2026 Season/Split 2 Playoffs_Round 1_2,2026-09-06 16:00:00+00:00,CBLOL/2026 Season/Split 2 Playoffs,5,FURIA,RED Canids,lolcast,sweep_team1,0.354,2026-09-02 12:20:02.884804+00:00,99.67,,1.0,3.0,0.0,2026-09-06 23:07:56.780111+00:00
CBLOL/2026 Season/Split 2 Playoffs_Round 1_2,2026-09-06 16:00:00+00:00,CBLOL/2026 Season/Split 2 Playoffs,5,FURIA,RED Canids,elo,sweep_team1,0.3089,2026-09-02 12:20:02.884804+00:00,99.67,,1.0,3.0,0.0,2026-09-06 23:07:56.780111+00:00
CBLOL/2026 Season/Split 2 Playoffs_Round 1_2,2026-09-06 16:00:00+00:00,CBLOL/2026 Season/Split 2 Playoffs,5,FURIA,RED Canids,lolcast,sweep_team2,0.0207,2026-09-02 12:20:02.884804+00:00,99.67,,0.0,3.0,0.0,2026-09-06 23:07:56.780111+00:00
CBLOL/2026 Season/Split 2 Playoffs_Round 1_2,2026-09-06 16:00:00+00:00,CBLOL/2026 Season/Split 2 Playoffs,5,FURIA,RED Canids,elo,sweep_team2,0.03,2026-09-02 12:20:02.884804+00:00,99.67,,0.0,3.0,0.0,2026-09-06 23:07:56.780111+00:00
LCS/2026 Season/Summer Season_Week 7_3,2026-09-06 20:00:00+00:00,LCS/2026 Season/Summer Season,3,FlyQuest,Shopify Rebellion,lolcast,series,0.6106,2026-09-02 12:20:02.884804+00:00,103.67,,1.0,2.0,0.0,2026-09-06 23:07:56.780111+00:00
LCS/2026 Season/Summer Season_Week 7_3,2026-09-06 20:00:00+00:00,LCS/2026 Season/Summer Season,3,FlyQuest,Shopify Rebellion,elo,series,0.6106,2026-09-02 12:20:02.884804+00:00,103.67,,1.0,2.0,0.0,2026-09-06 23:07:56.780111+00:00
LCS/2026 Season/Summer Season_Week 7_3,2026-09-06 20:00:00+00:00,LCS/2026 Season/Summer Season,3,FlyQuest,Shopify Rebellion,lolcast,sweep_team1,0.317,2026-09-02 12:20:02.884804+00:00,103.67,,1.0,2.0,0.0,2026-09-06 23:07:56.780111+00:00
LCS/2026 Season/Summer Season_Week 7_3,2026-09-06 20:00:00+00:00,LCS/2026 Season/Summer Season,3,FlyQuest,Shopify Rebellion,elo,sweep_team1,0.3233,2026-09-02 12:20:02.884804+00:00,103.67,,1.0,2.0,0.0,2026-09-06 23:07:56.780111+00:00
LCS/2026 Season/Summer Season_Week 7_3,2026-09-06 20:00:00+00:00,LCS/2026 Season/Summer Season,3,FlyQuest,Shopify Rebellion,lolcast,sweep_team2,0.1718,2026-09-02 12:20:02.884804+00:00,103.67,,0.0,2.0,0.0,2026-09-06 23:07:56.780111+00:00
LCS/2026 Season/Summer Season_Week 7_3,2026-09-06 20:00:00+00:00,LCS/2026 Season/Summer Season,3,FlyQuest,Shopify Rebellion,elo,sweep_team2,0.1765,2026-09-02 12:20:02.884804+00:00,103.67,,0.0,2.0,0.0,2026-09-06 23:07:56.780111+00:00
LCS/2026 Season/Summer Season_Week 7_4,2026-09-06 23:00:00+00:00,LCS/2026 Season/Summer Season,3,Disguised,LYON (2024 American Team),lolcast,series,0.0508,2026-09-02 12:20:02.884804+00:00,106.67,,0.0,0.0,2.0,2026-09-06 23:07:56.780111+00:00
LCS/2026 Season/Summer Season_Week 7_4,2026-09-06 23:00:00+00:00,LCS/2026 Season/Summer Season,3,Disguised,LYON (2024 American Team),elo,series,0.0639,2026-09-02 12:20:02.884804+00:00,106.67,,0.0,0.0,2.0,2026-09-06 23:07:56.780111+00:00
LCS/2026 Season/Summer Season_Week 7_4,2026-09-06 23:00:00+00:00,LCS/2026 Season/Summer Season,3,Disguised,LYON (2024 American Team),lolcast,sweep_team1,0.019,2026-09-02 12:20:02.884804+00:00,106.67,,0.0,0.0,2.0,2026-09-06 23:07:56.780111+00:00
LCS/2026 Season/Summer Season_Week 7_4,2026-09-06 23:00:00+00:00,LCS/2026 Season/Summer Season,3,Disguised,LYON (2024 American Team),elo,sweep_team1,0.0228,2026-09-02 12:20:02.884804+00:00,106.67,,0.0,0.0,2.0,2026-09-06 23:07:56.780111+00:00
LCS/2026 Season/Summer Season_Week 7_4,2026-09-06 23:00:00+00:00,LCS/2026 Season/Summer Season,3,Disguised,LYON (2024 American Team),lolcast,sweep_team2,0.7479,2026-09-02 12:20:02.884804+00:00,106.67,,1.0,0.0,2.0,2026-09-06 23:07:56.780111+00:00
LCS/2026 Season/Summer Season_Week 7_4,2026-09-06 23:00:00+00:00,LCS/2026 Season/Summer Season,3,Disguised,LYON (2024 American Team),elo,sweep_team2,0.7105,2026-09-02 12:20:02.884804+00:00,106.67,,1.0,0.0,2.0,2026-09-06 23:07:56.780111+00:00
LPL/2026 Season/Grand Finals_Round 2_2,2026-09-04 09:00:00+00:00,LPL/2026 Season/Grand Finals,5,Anyone's Legend,LGD Gaming,lolcast,series,0.6041,2026-09-03 10:19:17.999928+00:00,22.68,,1.0,3.0,1.0,2026-09-05 09:36:52.083245+00:00
LPL/2026 Season/Grand Finals_Round 2_2,2026-09-04 09:00:00+00:00,LPL/2026 Season/Grand Finals,5,Anyone's Legend,LGD Gaming,elo,series,0.618,2026-09-03 10:19:17.999928+00:00,22.68,,1.0,3.0,1.0,2026-09-05 09:36:52.083245+00:00
LPL/2026 Season/Grand Finals_Round 2_2,2026-09-04 09:00:00+00:00,LPL/2026 Season/Grand Finals,5,Anyone's Legend,LGD Gaming,polymarket,series,0.615,2026-09-03 10:19:17.999928+00:00,22.68,6625.5074,1.0,3.0,1.0,2026-09-05 09:36:52.083245+00:00
LPL/2026 Season/Grand Finals_Round 2_2,2026-09-04 09:00:00+00:00,LPL/2026 Season/Grand Finals,5,Anyone's Legend,LGD Gaming,lolcast,sweep_team1,0.1582,2026-09-03 10:19:17.999928+00:00,22.68,,0.0,3.0,1.0,2026-09-05 09:36:52.083245+00:00
LPL/2026 Season/Grand Finals_Round 2_2,2026-09-04 09:00:00+00:00,LPL/2026 Season/Grand Finals,5,Anyone's Legend,LGD Gaming,elo,sweep_team1,0.1719,2026-09-03 10:19:17.999928+00:00,22.68,,0.0,3.0,1.0,2026-09-05 09:36:52.083245+00:00
LPL/2026 Season/Grand Finals_Round 2_2,2026-09-04 09:00:00+00:00,LPL/2026 Season/Grand Finals,5,Anyone's Legend,LGD Gaming,lolcast,sweep_team2,0.0789,2026-09-03 10:19:17.999928+00:00,22.68,,0.0,3.0,1.0,2026-09-05 09:36:52.083245+00:00
LPL/2026 Season/Grand Finals_Round 2_2,2026-09-04 09:00:00+00:00,LPL/2026 Season/Grand Finals,5,Anyone's Legend,LGD Gaming,elo,sweep_team2,0.0788,2026-09-03 10:19:17.999928+00:00,22.68,,0.0,3.0,1.0,2026-09-05 09:36:52.083245+00:00
LPL/2026 Season/Grand Finals_Round 1_3,2026-09-05 06:00:00+00:00,LPL/2026 Season/Grand Finals,5,Invictus Gaming,Top Esports,lolcast,series,0.3977,2026-09-03 10:19:17.999928+00:00,43.68,,1.0,3.0,2.0,2026-09-05 23:20:31.061390+00:00
LPL/2026 Season/Grand Finals_Round 1_3,2026-09-05 06:00:00+00:00,LPL/2026 Season/Grand Finals,5,Invictus Gaming,Top Esports,elo,series,0.3744,2026-09-03 10:19:17.999928+00:00,43.68,,1.0,3.0,2.0,2026-09-05 23:20:31.061390+00:00
LPL/2026 Season/Grand Finals_Round 1_3,2026-09-05 06:00:00+00:00,LPL/2026 Season/Grand Finals,5,Invictus Gaming,Top Esports,polymarket,series,0.49,2026-09-03 10:19:17.999928+00:00,43.68,14261.3613,1.0,3.0,2.0,2026-09-05 23:20:31.061390+00:00
LPL/2026 Season/Grand Finals_Round 1_3,2026-09-05 06:00:00+00:00,LPL/2026 Season/Grand Finals,5,Invictus Gaming,Top Esports,lolcast,sweep_team1,0.0795,2026-09-03 10:19:17.999928+00:00,43.68,,0.0,3.0,2.0,2026-09-05 23:20:31.061390+00:00
LPL/2026 Season/Grand Finals_Round 1_3,2026-09-05 06:00:00+00:00,LPL/2026 Season/Grand Finals,5,Invictus Gaming,Top Esports,elo,sweep_team1,0.0765,2026-09-03 10:19:17.999928+00:00,43.68,,0.0,3.0,2.0,2026-09-05 23:20:31.061390+00:00
LPL/2026 Season/Grand Finals_Round 1_3,2026-09-05 06:00:00+00:00,LPL/2026 Season/Grand Finals,5,Invictus Gaming,Top Esports,lolcast,sweep_team2,0.1575,2026-09-03 10:19:17.999928+00:00,43.68,,0.0,3.0,2.0,2026-09-05 23:20:31.061390+00:00
LPL/2026 Season/Grand Finals_Round 1_3,2026-09-05 06:00:00+00:00,LPL/2026 Season/Grand Finals,5,Invictus Gaming,Top Esports,elo,sweep_team2,0.1758,2026-09-03 10:19:17.999928+00:00,43.68,,0.0,3.0,2.0,2026-09-05 23:20:31.061390+00:00
LCK/2026 Season/Season Playoffs_Round 4_1,2026-09-05 08:00:00+00:00,LCK/2026 Season/Season Playoffs,5,Gen.G,Hanwha Life Esports,lolcast,series,0.6185,2026-09-03 10:19:17.999928+00:00,45.68,,1.0,3.0,1.0,2026-09-05 23:20:31.061390+00:00
LCK/2026 Season/Season Playoffs_Round 4_1,2026-09-05 08:00:00+00:00,LCK/2026 Season/Season Playoffs,5,Gen.G,Hanwha Life Esports,elo,series,0.5963,2026-09-03 10:19:17.999928+00:00,45.68,,1.0,3.0,1.0,2026-09-05 23:20:31.061390+00:00
LCK/2026 Season/Season Playoffs_Round 4_1,2026-09-05 08:00:00+00:00,LCK/2026 Season/Season Playoffs,5,Gen.G,Hanwha Life Esports,polymarket,series,0.575,2026-09-03 10:19:17.999928+00:00,45.68,4293.0814,1.0,3.0,1.0,2026-09-05 23:20:31.061390+00:00
LCK/2026 Season/Season Playoffs_Round 4_1,2026-09-05 08:00:00+00:00,LCK/2026 Season/Season Playoffs,5,Gen.G,Hanwha Life Esports,lolcast,sweep_team1,0.1638,2026-09-03 10:19:17.999928+00:00,45.68,,0.0,3.0,1.0,2026-09-05 23:20:31.061390+00:00
LCK/2026 Season/Season Playoffs_Round 4_1,2026-09-05 08:00:00+00:00,LCK/2026 Season/Season Playoffs,5,Gen.G,Hanwha Life Esports,elo,sweep_team1,0.161,2026-09-03 10:19:17.999928+00:00,45.68,,0.0,3.0,1.0,2026-09-05 23:20:31.061390+00:00
LCK/2026 Season/Season Playoffs_Round 4_1,2026-09-05 08:00:00+00:00,LCK/2026 Season/Season Playoffs,5,Gen.G,Hanwha Life Esports,lolcast,sweep_team2,0.0738,2026-09-03 10:19:17.999928+00:00,45.68,,0.0,3.0,1.0,2026-09-05 23:20:31.061390+00:00
LCK/2026 Season/Season Playoffs_Round 4_1,2026-09-05 08:00:00+00:00,LCK/2026 Season/Season Playoffs,5,Gen.G,Hanwha Life Esports,elo,sweep_team2,0.0856,2026-09-03 10:19:17.999928+00:00,45.68,,0.0,3.0,1.0,2026-09-05 23:20:31.061390+00:00
LPL/2026 Season/Grand Finals_Round 1_4,2026-09-05 09:00:00+00:00,LPL/2026 Season/Grand Finals,5,Ninjas in Pyjamas.CN,JD Gaming,lolcast,series,0.6587,2026-09-03 10:19:17.999928+00:00,46.68,,1.0,3.0,0.0,2026-09-05 23:20:31.061390+00:00
LPL/2026 Season/Grand Finals_Round 1_4,2026-09-05 09:00:00+00:00,LPL/2026 Season/Grand Finals,5,Ninjas in Pyjamas.CN,JD Gaming,elo,series,0.6209,2026-09-03 10:19:17.999928+00:00,46.68,,1.0,3.0,0.0,2026-09-05 23:20:31.061390+00:00
LPL/2026 Season/Grand Finals_Round 1_4,2026-09-05 09:00:00+00:00,LPL/2026 Season/Grand Finals,5,Ninjas in Pyjamas.CN,JD Gaming,polymarket,series,0.435,2026-09-03 10:19:17.999928+00:00,46.68,3000.1968,1.0,3.0,0.0,2026-09-05 23:20:31.061390+00:00
LPL/2026 Season/Grand Finals_Round 1_4,2026-09-05 09:00:00+00:00,LPL/2026 Season/Grand Finals,5,Ninjas in Pyjamas.CN,JD Gaming,lolcast,sweep_team1,0.189,2026-09-03 10:19:17.999928+00:00,46.68,,1.0,3.0,0.0,2026-09-05 23:20:31.061390+00:00
LPL/2026 Season/Grand Finals_Round 1_4,2026-09-05 09:00:00+00:00,LPL/2026 Season/Grand Finals,5,Ninjas in Pyjamas.CN,JD Gaming,elo,sweep_team1,0.1734,2026-09-03 10:19:17.999928+00:00,46.68,,1.0,3.0,0.0,2026-09-05 23:20:31.061390+00:00
LPL/2026 Season/Grand Finals_Round 1_4,2026-09-05 09:00:00+00:00,LPL/2026 Season/Grand Finals,5,Ninjas in Pyjamas.CN,JD Gaming,lolcast,sweep_team2,0.0646,2026-09-03 10:19:17.999928+00:00,46.68,,0.0,3.0,0.0,2026-09-05 23:20:31.061390+00:00
LPL/2026 Season/Grand Finals_Round 1_4,2026-09-05 09:00:00+00:00,LPL/2026 Season/Grand Finals,5,Ninjas in Pyjamas.CN,JD Gaming,elo,sweep_team2,0.0779,2026-09-03 10:19:17.999928+00:00,46.68,,0.0,3.0,0.0,2026-09-05 23:20:31.061390+00:00
LEC/2026 Season/Summer Playoffs_Round 1_1,2026-09-05 10:00:00+00:00,LEC/2026 Season/Summer Playoffs,5,Team Vitality,G2 Esports,lolcast,series,0.3744,2026-09-03 10:19:17.999928+00:00,47.68,,0.0,0.0,3.0,2026-09-05 23:20:31.061390+00:00
LEC/2026 Season/Summer Playoffs_Round 1_1,2026-09-05 10:00:00+00:00,LEC/2026 Season/Summer Playoffs,5,Team Vitality,G2 Esports,elo,series,0.3704,2026-09-03 10:19:17.999928+00:00,47.68,,0.0,0.0,3.0,2026-09-05 23:20:31.061390+00:00
LEC/2026 Season/Summer Playoffs_Round 1_1,2026-09-05 10:00:00+00:00,LEC/2026 Season/Summer Playoffs,5,Team Vitality,G2 Esports,polymarket,series,0.34,2026-09-03 10:19:17.999928+00:00,47.68,1208.3358,0.0,0.0,3.0,2026-09-05 23:20:31.061390+00:00
LEC/2026 Season/Summer Playoffs_Round 1_1,2026-09-05 10:00:00+00:00,LEC/2026 Season/Summer Playoffs,5,Team Vitality,G2 Esports,lolcast,sweep_team1,0.0721,2026-09-03 10:19:17.999928+00:00,47.68,,0.0,0.0,3.0,2026-09-05 23:20:31.061390+00:00
LEC/2026 Season/Summer Playoffs_Round 1_1,2026-09-05 10:00:00+00:00,LEC/2026 Season/Summer Playoffs,5,Team Vitality,G2 Esports,elo,sweep_team1,0.0753,2026-09-03 10:19:17.999928+00:00,47.68,,0.0,0.0,3.0,2026-09-05 23:20:31.061390+00:00
LEC/2026 Season/Summer Playoffs_Round 1_1,2026-09-05 10:00:00+00:00,LEC/2026 Season/Summer Playoffs,5,Team Vitality,G2 Esports,lolcast,sweep_team2,0.1679,2026-09-03 10:19:17.999928+00:00,47.68,,1.0,0.0,3.0,2026-09-05 23:20:31.061390+00:00
LEC/2026 Season/Summer Playoffs_Round 1_1,2026-09-05 10:00:00+00:00,LEC/2026 Season/Summer Playoffs,5,Team Vitality,G2 Esports,elo,sweep_team2,0.1779,2026-09-03 10:19:17.999928+00:00,47.68,,1.0,0.0,3.0,2026-09-05 23:20:31.061390+00:00
LEC/2026 Season/Summer Playoffs_Round 1_2,2026-09-05 15:00:00+00:00,LEC/2026 Season/Summer Playoffs,5,Karmine Corp,GIANTX,lolcast,series,0.8807,2026-09-03 10:19:17.999928+00:00,52.68,,1.0,3.0,1.0,2026-09-05 23:20:31.061390+00:00
LEC/2026 Season/Summer Playoffs_Round 1_2,2026-09-05 15:00:00+00:00,LEC/2026 Season/Summer Playoffs,5,Karmine Corp,GIANTX,elo,series,0.8634,2026-09-03 10:19:17.999928+00:00,52.68,,1.0,3.0,1.0,2026-09-05 23:20:31.061390+00:00
LEC/2026 Season/Summer Playoffs_Round 1_2,2026-09-05 15:00:00+00:00,LEC/2026 Season/Summer Playoffs,5,Karmine Corp,GIANTX,lolcast,sweep_team1,0.379,2026-09-03 10:19:17.999928+00:00,52.68,,0.0,3.0,1.0,2026-09-05 23:20:31.061390+00:00
LEC/2026 Season/Summer Playoffs_Round 1_2,2026-09-05 15:00:00+00:00,LEC/2026 Season/Summer Playoffs,5,Karmine Corp,GIANTX,elo,sweep_team1,0.3649,2026-09-03 10:19:17.999928+00:00,52.68,,0.0,3.0,1.0,2026-09-05 23:20:31.061390+00:00
LEC/2026 Season/Summer Playoffs_Round 1_2,2026-09-05 15:00:00+00:00,LEC/2026 Season/Summer Playoffs,5,Karmine Corp,GIANTX,lolcast,sweep_team2,0.0161,2026-09-03 10:19:17.999928+00:00,52.68,,0.0,3.0,1.0,2026-09-05 23:20:31.061390+00:00
LEC/2026 Season/Summer Playoffs_Round 1_2,2026-09-05 15:00:00+00:00,LEC/2026 Season/Summer Playoffs,5,Karmine Corp,GIANTX,elo,sweep_team2,0.0203,2026-09-03 10:19:17.999928+00:00,52.68,,0.0,3.0,1.0,2026-09-05 23:20:31.061390+00:00
CBLOL/2026 Season/Split 2 Playoffs_Round 1_1,2026-09-05 16:00:00+00:00,CBLOL/2026 Season/Split 2 Playoffs,5,Vivo Keyd Stars,paiN Gaming,lolcast,series,0.7396,2026-09-03 10:19:17.999928+00:00,53.68,,0.0,1.0,3.0,2026-09-05 23:20:31.061390+00:00
CBLOL/2026 Season/Split 2 Playoffs_Round 1_1,2026-09-05 16:00:00+00:00,CBLOL/2026 Season/Split 2 Playoffs,5,Vivo Keyd Stars,paiN Gaming,elo,series,0.7021,2026-09-03 10:19:17.999928+00:00,53.68,,0.0,1.0,3.0,2026-09-05 23:20:31.061390+00:00
CBLOL/2026 Season/Split 2 Playoffs_Round 1_1,2026-09-05 16:00:00+00:00,CBLOL/2026 Season/Split 2 Playoffs,5,Vivo Keyd Stars,paiN Gaming,lolcast,sweep_team1,0.242,2026-09-03 10:19:17.999928+00:00,53.68,,0.0,1.0,3.0,2026-09-05 23:20:31.061390+00:00
CBLOL/2026 Season/Split 2 Playoffs_Round 1_1,2026-09-05 16:00:00+00:00,CBLOL/2026 Season/Split 2 Playoffs,5,Vivo Keyd Stars,paiN Gaming,elo,sweep_team1,0.2204,2026-09-03 10:19:17.999928+00:00,53.68,,0.0,1.0,3.0,2026-09-05 23:20:31.061390+00:00
CBLOL/2026 Season/Split 2 Playoffs_Round 1_1,2026-09-05 16:00:00+00:00,CBLOL/2026 Season/Split 2 Playoffs,5,Vivo Keyd Stars,paiN Gaming,lolcast,sweep_team2,0.0448,2026-09-03 10:19:17.999928+00:00,53.68,,0.0,1.0,3.0,2026-09-05 23:20:31.061390+00:00
CBLOL/2026 Season/Split 2 Playoffs_Round 1_1,2026-09-05 16:00:00+00:00,CBLOL/2026 Season/Split 2 Playoffs,5,Vivo Keyd Stars,paiN Gaming,elo,sweep_team2,0.0554,2026-09-03 10:19:17.999928+00:00,53.68,,0.0,1.0,3.0,2026-09-05 23:20:31.061390+00:00
LCS/2026 Season/Summer Season_Week 7_1,2026-09-05 20:00:00+00:00,LCS/2026 Season/Summer Season,3,Sentinels,Cloud9,lolcast,series,0.3623,2026-09-03 10:19:17.999928+00:00,57.68,,0.0,0.0,2.0,2026-09-05 23:20:31.061390+00:00
LCS/2026 Season/Summer Season_Week 7_1,2026-09-05 20:00:00+00:00,LCS/2026 Season/Summer Season,3,Sentinels,Cloud9,elo,series,0.4146,2026-09-03 10:19:17.999928+00:00,57.68,,0.0,0.0,2.0,2026-09-05 23:20:31.061390+00:00
LCS/2026 Season/Summer Season_Week 7_1,2026-09-05 20:00:00+00:00,LCS/2026 Season/Summer Season,3,Sentinels,Cloud9,lolcast,sweep_team1,0.1576,2026-09-03 10:19:17.999928+00:00,57.68,,0.0,0.0,2.0,2026-09-05 23:20:31.061390+00:00
LCS/2026 Season/Summer Season_Week 7_1,2026-09-05 20:00:00+00:00,LCS/2026 Season/Summer Season,3,Sentinels,Cloud9,elo,sweep_team1,0.191,2026-09-03 10:19:17.999928+00:00,57.68,,0.0,0.0,2.0,2026-09-05 23:20:31.061390+00:00
LCS/2026 Season/Summer Season_Week 7_1,2026-09-05 20:00:00+00:00,LCS/2026 Season/Summer Season,3,Sentinels,Cloud9,lolcast,sweep_team2,0.3396,2026-09-03 10:19:17.999928+00:00,57.68,,1.0,0.0,2.0,2026-09-05 23:20:31.061390+00:00
LCS/2026 Season/Summer Season_Week 7_1,2026-09-05 20:00:00+00:00,LCS/2026 Season/Summer Season,3,Sentinels,Cloud9,elo,sweep_team2,0.3041,2026-09-03 10:19:17.999928+00:00,57.68,,1.0,0.0,2.0,2026-09-05 23:20:31.061390+00:00
LCS/2026 Season/Summer Season_Week 7_2,2026-09-05 23:00:00+00:00,LCS/2026 Season/Summer Season,3,Dignitas,Team Liquid,lolcast,series,0.0623,2026-09-03 10:19:17.999928+00:00,60.68,,0.0,0.0,2.0,2026-09-05 23:20:31.061390+00:00
LCS/2026 Season/Summer Season_Week 7_2,2026-09-05 23:00:00+00:00,LCS/2026 Season/Summer Season,3,Dignitas,Team Liquid,elo,series,0.0749,2026-09-03 10:19:17.999928+00:00,60.68,,0.0,0.0,2.0,2026-09-05 23:20:31.061390+00:00
LCS/2026 Season/Summer Season_Week 7_2,2026-09-05 23:00:00+00:00,LCS/2026 Season/Summer Season,3,Dignitas,Team Liquid,lolcast,sweep_team1,0.0227,2026-09-03 10:19:17.999928+00:00,60.68,,0.0,0.0,2.0,2026-09-05 23:20:31.061390+00:00
LCS/2026 Season/Summer Season_Week 7_2,2026-09-05 23:00:00+00:00,LCS/2026 Season/Summer Season,3,Dignitas,Team Liquid,elo,sweep_team1,0.027,2026-09-03 10:19:17.999928+00:00,60.68,,0.0,0.0,2.0,2026-09-05 23:20:31.061390+00:00
LCS/2026 Season/Summer Season_Week 7_2,2026-09-05 23:00:00+00:00,LCS/2026 Season/Summer Season,3,Dignitas,Team Liquid,lolcast,sweep_team2,0.7171,2026-09-03 10:19:17.999928+00:00,60.68,,1.0,0.0,2.0,2026-09-05 23:20:31.061390+00:00
LCS/2026 Season/Summer Season_Week 7_2,2026-09-05 23:00:00+00:00,LCS/2026 Season/Summer Season,3,Dignitas,Team Liquid,elo,sweep_team2,0.6875,2026-09-03 10:19:17.999928+00:00,60.68,,1.0,0.0,2.0,2026-09-05 23:20:31.061390+00:00
CBLOL/2026 Season/Split 2 Playoffs_Round 1_2,2026-09-06 16:00:00+00:00,CBLOL/2026 Season/Split 2 Playoffs,5,FURIA,RED Canids,lolcast,series,0.8679,2026-09-03 10:19:17.999928+00:00,77.68,,1.0,3.0,0.0,2026-09-06 23:07:56.780111+00:00
CBLOL/2026 Season/Split 2 Playoffs_Round 1_2,2026-09-06 16:00:00+00:00,CBLOL/2026 Season/Split 2 Playoffs,5,FURIA,RED Canids,elo,series,0.8133,2026-09-03 10:19:17.999928+00:00,77.68,,1.0,3.0,0.0,2026-09-06 23:07:56.780111+00:00
CBLOL/2026 Season/Split 2 Playoffs_Round 1_2,2026-09-06 16:00:00+00:00,CBLOL/2026 Season/Split 2 Playoffs,5,FURIA,RED Canids,lolcast,sweep_team1,0.3636,2026-09-03 10:19:17.999928+00:00,77.68,,1.0,3.0,0.0,2026-09-06 23:07:56.780111+00:00
CBLOL/2026 Season/Split 2 Playoffs_Round 1_2,2026-09-06 16:00:00+00:00,CBLOL/2026 Season/Split 2 Playoffs,5,FURIA,RED Canids,elo,sweep_team1,0.3089,2026-09-03 10:19:17.999928+00:00,77.68,,1.0,3.0,0.0,2026-09-06 23:07:56.780111+00:00
CBLOL/2026 Season/Split 2 Playoffs_Round 1_2,2026-09-06 16:00:00+00:00,CBLOL/2026 Season/Split 2 Playoffs,5,FURIA,RED Canids,lolcast,sweep_team2,0.0186,2026-09-03 10:19:17.999928+00:00,77.68,,0.0,3.0,0.0,2026-09-06 23:07:56.780111+00:00
CBLOL/2026 Season/Split 2 Playoffs_Round 1_2,2026-09-06 16:00:00+00:00,CBLOL/2026 Season/Split 2 Playoffs,5,FURIA,RED Canids,elo,sweep_team2,0.03,2026-09-03 10:19:17.999928+00:00,77.68,,0.0,3.0,0.0,2026-09-06 23:07:56.780111+00:00
LCS/2026 Season/Summer Season_Week 7_3,2026-09-06 20:00:00+00:00,LCS/2026 Season/Summer Season,3,FlyQuest,Shopify Rebellion,lolcast,series,0.6107,2026-09-03 10:19:17.999928+00:00,81.68,,1.0,2.0,0.0,2026-09-06 23:07:56.780111+00:00
LCS/2026 Season/Summer Season_Week 7_3,2026-09-06 20:00:00+00:00,LCS/2026 Season/Summer Season,3,FlyQuest,Shopify Rebellion,elo,series,0.6106,2026-09-03 10:19:17.999928+00:00,81.68,,1.0,2.0,0.0,2026-09-06 23:07:56.780111+00:00
LCS/2026 Season/Summer Season_Week 7_3,2026-09-06 20:00:00+00:00,LCS/2026 Season/Summer Season,3,FlyQuest,Shopify Rebellion,lolcast,sweep_team1,0.3172,2026-09-03 10:19:17.999928+00:00,81.68,,1.0,2.0,0.0,2026-09-06 23:07:56.780111+00:00
LCS/2026 Season/Summer Season_Week 7_3,2026-09-06 20:00:00+00:00,LCS/2026 Season/Summer Season,3,FlyQuest,Shopify Rebellion,elo,sweep_team1,0.3233,2026-09-03 10:19:17.999928+00:00,81.68,,1.0,2.0,0.0,2026-09-06 23:07:56.780111+00:00
LCS/2026 Season/Summer Season_Week 7_3,2026-09-06 20:00:00+00:00,LCS/2026 Season/Summer Season,3,FlyQuest,Shopify Rebellion,lolcast,sweep_team2,0.1718,2026-09-03 10:19:17.999928+00:00,81.68,,0.0,2.0,0.0,2026-09-06 23:07:56.780111+00:00
LCS/2026 Season/Summer Season_Week 7_3,2026-09-06 20:00:00+00:00,LCS/2026 Season/Summer Season,3,FlyQuest,Shopify Rebellion,elo,sweep_team2,0.1765,2026-09-03 10:19:17.999928+00:00,81.68,,0.0,2.0,0.0,2026-09-06 23:07:56.780111+00:00
LCS/2026 Season/Summer Season_Week 7_4,2026-09-06 23:00:00+00:00,LCS/2026 Season/Summer Season,3,Disguised,LYON (2024 American Team),lolcast,series,0.0538,2026-09-03 10:19:17.999928+00:00,84.68,,0.0,0.0,2.0,2026-09-06 23:07:56.780111+00:00
LCS/2026 Season/Summer Season_Week 7_4,2026-09-06 23:00:00+00:00,LCS/2026 Season/Summer Season,3,Disguised,LYON (2024 American Team),elo,series,0.0639,2026-09-03 10:19:17.999928+00:00,84.68,,0.0,0.0,2.0,2026-09-06 23:07:56.780111+00:00
LCS/2026 Season/Summer Season_Week 7_4,2026-09-06 23:00:00+00:00,LCS/2026 Season/Summer Season,3,Disguised,LYON (2024 American Team),lolcast,sweep_team1,0.0199,2026-09-03 10:19:17.999928+00:00,84.68,,0.0,0.0,2.0,2026-09-06 23:07:56.780111+00:00
LCS/2026 Season/Summer Season_Week 7_4,2026-09-06 23:00:00+00:00,LCS/2026 Season/Summer Season,3,Disguised,LYON (2024 American Team),elo,sweep_team1,0.0228,2026-09-03 10:19:17.999928+00:00,84.68,,0.0,0.0,2.0,2026-09-06 23:07:56.780111+00:00
LCS/2026 Season/Summer Season_Week 7_4,2026-09-06 23:00:00+00:00,LCS/2026 Season/Summer Season,3,Disguised,LYON (2024 American Team),lolcast,sweep_team2,0.7391,2026-09-03 10:19:17.999928+00:00,84.68,,1.0,0.0,2.0,2026-09-06 23:07:56.780111+00:00
LCS/2026 Season/Summer Season_Week 7_4,2026-09-06 23:00:00+00:00,LCS/2026 Season/Summer Season,3,Disguised,LYON (2024 American Team),elo,sweep_team2,0.7105,2026-09-03 10:19:17.999928+00:00,84.68,,1.0,0.0,2.0,2026-09-06 23:07:56.780111+00:00
North American Challengers League/2026 Season/Summer Playoffs_Round 2_4,2026-09-07 17:00:00+00:00,North American Challengers League/2026 Season/Summer Playoffs,5,NRG,Conviction,lolcast,series,0.4283,2026-09-03 10:19:17.999928+00:00,102.68,,1.0,3.0,2.0,2026-09-08 10:14:32.749756+00:00
North American Challengers League/2026 Season/Summer Playoffs_Round 2_4,2026-09-07 17:00:00+00:00,North American Challengers League/2026 Season/Summer Playoffs,5,NRG,Conviction,elo,series,0.3316,2026-09-03 10:19:17.999928+00:00,102.68,,1.0,3.0,2.0,2026-09-08 10:14:32.749756+00:00
North American Challengers League/2026 Season/Summer Playoffs_Round 2_4,2026-09-07 17:00:00+00:00,North American Challengers League/2026 Season/Summer Playoffs,5,NRG,Conviction,polymarket,series,0.615,2026-09-03 10:19:17.999928+00:00,102.68,642.2713,1.0,3.0,2.0,2026-09-08 10:14:32.749756+00:00
North American Challengers League/2026 Season/Summer Playoffs_Round 2_4,2026-09-07 17:00:00+00:00,North American Challengers League/2026 Season/Summer Playoffs,5,NRG,Conviction,lolcast,sweep_team1,0.0893,2026-09-03 10:19:17.999928+00:00,102.68,,0.0,3.0,2.0,2026-09-08 10:14:32.749756+00:00
North American Challengers League/2026 Season/Summer Playoffs_Round 2_4,2026-09-07 17:00:00+00:00,North American Challengers League/2026 Season/Summer Playoffs,5,NRG,Conviction,elo,sweep_team1,0.0643,2026-09-03 10:19:17.999928+00:00,102.68,,0.0,3.0,2.0,2026-09-08 10:14:32.749756+00:00
North American Challengers League/2026 Season/Summer Playoffs_Round 2_4,2026-09-07 17:00:00+00:00,North American Challengers League/2026 Season/Summer Playoffs,5,NRG,Conviction,lolcast,sweep_team2,0.1437,2026-09-03 10:19:17.999928+00:00,102.68,,0.0,3.0,2.0,2026-09-08 10:14:32.749756+00:00
North American Challengers League/2026 Season/Summer Playoffs_Round 2_4,2026-09-07 17:00:00+00:00,North American Challengers League/2026 Season/Summer Playoffs,5,NRG,Conviction,elo,sweep_team2,0.1995,2026-09-03 10:19:17.999928+00:00,102.68,,0.0,3.0,2.0,2026-09-08 10:14:32.749756+00:00
LPL/2026 Season/Grand Finals_Round 2_2,2026-09-04 09:00:00+00:00,LPL/2026 Season/Grand Finals,5,Anyone's Legend,LGD Gaming,lolcast,series,0.6041,2026-09-03 12:04:22.402041+00:00,20.93,,1.0,3.0,1.0,2026-09-05 09:36:52.083245+00:00
LPL/2026 Season/Grand Finals_Round 2_2,2026-09-04 09:00:00+00:00,LPL/2026 Season/Grand Finals,5,Anyone's Legend,LGD Gaming,elo,series,0.618,2026-09-03 12:04:22.402041+00:00,20.93,,1.0,3.0,1.0,2026-09-05 09:36:52.083245+00:00
LPL/2026 Season/Grand Finals_Round 2_2,2026-09-04 09:00:00+00:00,LPL/2026 Season/Grand Finals,5,Anyone's Legend,LGD Gaming,polymarket,series,0.615,2026-09-03 12:04:22.402041+00:00,20.93,6423.0442,1.0,3.0,1.0,2026-09-05 09:36:52.083245+00:00
LPL/2026 Season/Grand Finals_Round 2_2,2026-09-04 09:00:00+00:00,LPL/2026 Season/Grand Finals,5,Anyone's Legend,LGD Gaming,lolcast,sweep_team1,0.1582,2026-09-03 12:04:22.402041+00:00,20.93,,0.0,3.0,1.0,2026-09-05 09:36:52.083245+00:00
LPL/2026 Season/Grand Finals_Round 2_2,2026-09-04 09:00:00+00:00,LPL/2026 Season/Grand Finals,5,Anyone's Legend,LGD Gaming,elo,sweep_team1,0.1719,2026-09-03 12:04:22.402041+00:00,20.93,,0.0,3.0,1.0,2026-09-05 09:36:52.083245+00:00
LPL/2026 Season/Grand Finals_Round 2_2,2026-09-04 09:00:00+00:00,LPL/2026 Season/Grand Finals,5,Anyone's Legend,LGD Gaming,lolcast,sweep_team2,0.0789,2026-09-03 12:04:22.402041+00:00,20.93,,0.0,3.0,1.0,2026-09-05 09:36:52.083245+00:00
LPL/2026 Season/Grand Finals_Round 2_2,2026-09-04 09:00:00+00:00,LPL/2026 Season/Grand Finals,5,Anyone's Legend,LGD Gaming,elo,sweep_team2,0.0788,2026-09-03 12:04:22.402041+00:00,20.93,,0.0,3.0,1.0,2026-09-05 09:36:52.083245+00:00
LPL/2026 Season/Grand Finals_Round 1_3,2026-09-05 06:00:00+00:00,LPL/2026 Season/Grand Finals,5,Invictus Gaming,Top Esports,lolcast,series,0.3977,2026-09-03 12:04:22.402041+00:00,41.93,,1.0,3.0,2.0,2026-09-05 23:20:31.061390+00:00
LPL/2026 Season/Grand Finals_Round 1_3,2026-09-05 06:00:00+00:00,LPL/2026 Season/Grand Finals,5,Invictus Gaming,Top Esports,elo,series,0.3744,2026-09-03 12:04:22.402041+00:00,41.93,,1.0,3.0,2.0,2026-09-05 23:20:31.061390+00:00
LPL/2026 Season/Grand Finals_Round 1_3,2026-09-05 06:00:00+00:00,LPL/2026 Season/Grand Finals,5,Invictus Gaming,Top Esports,polymarket,series,0.485,2026-09-03 12:04:22.402041+00:00,41.93,14368.3316,1.0,3.0,2.0,2026-09-05 23:20:31.061390+00:00
LPL/2026 Season/Grand Finals_Round 1_3,2026-09-05 06:00:00+00:00,LPL/2026 Season/Grand Finals,5,Invictus Gaming,Top Esports,lolcast,sweep_team1,0.0795,2026-09-03 12:04:22.402041+00:00,41.93,,0.0,3.0,2.0,2026-09-05 23:20:31.061390+00:00
LPL/2026 Season/Grand Finals_Round 1_3,2026-09-05 06:00:00+00:00,LPL/2026 Season/Grand Finals,5,Invictus Gaming,Top Esports,elo,sweep_team1,0.0765,2026-09-03 12:04:22.402041+00:00,41.93,,0.0,3.0,2.0,2026-09-05 23:20:31.061390+00:00
LPL/2026 Season/Grand Finals_Round 1_3,2026-09-05 06:00:00+00:00,LPL/2026 Season/Grand Finals,5,Invictus Gaming,Top Esports,lolcast,sweep_team2,0.1575,2026-09-03 12:04:22.402041+00:00,41.93,,0.0,3.0,2.0,2026-09-05 23:20:31.061390+00:00
LPL/2026 Season/Grand Finals_Round 1_3,2026-09-05 06:00:00+00:00,LPL/2026 Season/Grand Finals,5,Invictus Gaming,Top Esports,elo,sweep_team2,0.1758,2026-09-03 12:04:22.402041+00:00,41.93,,0.0,3.0,2.0,2026-09-05 23:20:31.061390+00:00
LCK/2026 Season/Season Playoffs_Round 4_1,2026-09-05 08:00:00+00:00,LCK/2026 Season/Season Playoffs,5,Gen.G,Hanwha Life Esports,lolcast,series,0.6185,2026-09-03 12:04:22.402041+00:00,43.93,,1.0,3.0,1.0,2026-09-05 23:20:31.061390+00:00
LCK/2026 Season/Season Playoffs_Round 4_1,2026-09-05 08:00:00+00:00,LCK/2026 Season/Season Playoffs,5,Gen.G,Hanwha Life Esports,elo,series,0.5963,2026-09-03 12:04:22.402041+00:00,43.93,,1.0,3.0,1.0,2026-09-05 23:20:31.061390+00:00
LCK/2026 Season/Season Playoffs_Round 4_1,2026-09-05 08:00:00+00:00,LCK/2026 Season/Season Playoffs,5,Gen.G,Hanwha Life Esports,polymarket,series,0.575,2026-09-03 12:04:22.402041+00:00,43.93,5510.3616,1.0,3.0,1.0,2026-09-05 23:20:31.061390+00:00
LCK/2026 Season/Season Playoffs_Round 4_1,2026-09-05 08:00:00+00:00,LCK/2026 Season/Season Playoffs,5,Gen.G,Hanwha Life Esports,lolcast,sweep_team1,0.1638,2026-09-03 12:04:22.402041+00:00,43.93,,0.0,3.0,1.0,2026-09-05 23:20:31.061390+00:00
LCK/2026 Season/Season Playoffs_Round 4_1,2026-09-05 08:00:00+00:00,LCK/2026 Season/Season Playoffs,5,Gen.G,Hanwha Life Esports,elo,sweep_team1,0.161,2026-09-03 12:04:22.402041+00:00,43.93,,0.0,3.0,1.0,2026-09-05 23:20:31.061390+00:00
LCK/2026 Season/Season Playoffs_Round 4_1,2026-09-05 08:00:00+00:00,LCK/2026 Season/Season Playoffs,5,Gen.G,Hanwha Life Esports,lolcast,sweep_team2,0.0738,2026-09-03 12:04:22.402041+00:00,43.93,,0.0,3.0,1.0,2026-09-05 23:20:31.061390+00:00
LCK/2026 Season/Season Playoffs_Round 4_1,2026-09-05 08:00:00+00:00,LCK/2026 Season/Season Playoffs,5,Gen.G,Hanwha Life Esports,elo,sweep_team2,0.0856,2026-09-03 12:04:22.402041+00:00,43.93,,0.0,3.0,1.0,2026-09-05 23:20:31.061390+00:00
LPL/2026 Season/Grand Finals_Round 1_4,2026-09-05 09:00:00+00:00,LPL/2026 Season/Grand Finals,5,Ninjas in Pyjamas.CN,JD Gaming,lolcast,series,0.6587,2026-09-03 12:04:22.402041+00:00,44.93,,1.0,3.0,0.0,2026-09-05 23:20:31.061390+00:00
LPL/2026 Season/Grand Finals_Round 1_4,2026-09-05 09:00:00+00:00,LPL/2026 Season/Grand Finals,5,Ninjas in Pyjamas.CN,JD Gaming,elo,series,0.6209,2026-09-03 12:04:22.402041+00:00,44.93,,1.0,3.0,0.0,2026-09-05 23:20:31.061390+00:00
LPL/2026 Season/Grand Finals_Round 1_4,2026-09-05 09:00:00+00:00,LPL/2026 Season/Grand Finals,5,Ninjas in Pyjamas.CN,JD Gaming,polymarket,series,0.435,2026-09-03 12:04:22.402041+00:00,44.93,3970.4758,1.0,3.0,0.0,2026-09-05 23:20:31.061390+00:00
LPL/2026 Season/Grand Finals_Round 1_4,2026-09-05 09:00:00+00:00,LPL/2026 Season/Grand Finals,5,Ninjas in Pyjamas.CN,JD Gaming,lolcast,sweep_team1,0.189,2026-09-03 12:04:22.402041+00:00,44.93,,1.0,3.0,0.0,2026-09-05 23:20:31.061390+00:00
LPL/2026 Season/Grand Finals_Round 1_4,2026-09-05 09:00:00+00:00,LPL/2026 Season/Grand Finals,5,Ninjas in Pyjamas.CN,JD Gaming,elo,sweep_team1,0.1734,2026-09-03 12:04:22.402041+00:00,44.93,,1.0,3.0,0.0,2026-09-05 23:20:31.061390+00:00
LPL/2026 Season/Grand Finals_Round 1_4,2026-09-05 09:00:00+00:00,LPL/2026 Season/Grand Finals,5,Ninjas in Pyjamas.CN,JD Gaming,lolcast,sweep_team2,0.0646,2026-09-03 12:04:22.402041+00:00,44.93,,0.0,3.0,0.0,2026-09-05 23:20:31.061390+00:00
LPL/2026 Season/Grand Finals_Round 1_4,2026-09-05 09:00:00+00:00,LPL/2026 Season/Grand Finals,5,Ninjas in Pyjamas.CN,JD Gaming,elo,sweep_team2,0.0779,2026-09-03 12:04:22.402041+00:00,44.93,,0.0,3.0,0.0,2026-09-05 23:20:31.061390+00:00
LEC/2026 Season/Summer Playoffs_Round 1_1,2026-09-05 10:00:00+00:00,LEC/2026 Season/Summer Playoffs,5,Team Vitality,G2 Esports,lolcast,series,0.3744,2026-09-03 12:04:22.402041+00:00,45.93,,0.0,0.0,3.0,2026-09-05 23:20:31.061390+00:00
LEC/2026 Season/Summer Playoffs_Round 1_1,2026-09-05 10:00:00+00:00,LEC/2026 Season/Summer Playoffs,5,Team Vitality,G2 Esports,elo,series,0.3704,2026-09-03 12:04:22.402041+00:00,45.93,,0.0,0.0,3.0,2026-09-05 23:20:31.061390+00:00
LEC/2026 Season/Summer Playoffs_Round 1_1,2026-09-05 10:00:00+00:00,LEC/2026 Season/Summer Playoffs,5,Team Vitality,G2 Esports,lolcast,sweep_team1,0.0721,2026-09-03 12:04:22.402041+00:00,45.93,,0.0,0.0,3.0,2026-09-05 23:20:31.061390+00:00
LEC/2026 Season/Summer Playoffs_Round 1_1,2026-09-05 10:00:00+00:00,LEC/2026 Season/Summer Playoffs,5,Team Vitality,G2 Esports,elo,sweep_team1,0.0753,2026-09-03 12:04:22.402041+00:00,45.93,,0.0,0.0,3.0,2026-09-05 23:20:31.061390+00:00
LEC/2026 Season/Summer Playoffs_Round 1_1,2026-09-05 10:00:00+00:00,LEC/2026 Season/Summer Playoffs,5,Team Vitality,G2 Esports,lolcast,sweep_team2,0.1679,2026-09-03 12:04:22.402041+00:00,45.93,,1.0,0.0,3.0,2026-09-05 23:20:31.061390+00:00
LEC/2026 Season/Summer Playoffs_Round 1_1,2026-09-05 10:00:00+00:00,LEC/2026 Season/Summer Playoffs,5,Team Vitality,G2 Esports,elo,sweep_team2,0.1779,2026-09-03 12:04:22.402041+00:00,45.93,,1.0,0.0,3.0,2026-09-05 23:20:31.061390+00:00
LEC/2026 Season/Summer Playoffs_Round 1_2,2026-09-05 15:00:00+00:00,LEC/2026 Season/Summer Playoffs,5,Karmine Corp,GIANTX,lolcast,series,0.8807,2026-09-03 12:04:22.402041+00:00,50.93,,1.0,3.0,1.0,2026-09-05 23:20:31.061390+00:00
LEC/2026 Season/Summer Playoffs_Round 1_2,2026-09-05 15:00:00+00:00,LEC/2026 Season/Summer Playoffs,5,Karmine Corp,GIANTX,elo,series,0.8634,2026-09-03 12:04:22.402041+00:00,50.93,,1.0,3.0,1.0,2026-09-05 23:20:31.061390+00:00
LEC/2026 Season/Summer Playoffs_Round 1_2,2026-09-05 15:00:00+00:00,LEC/2026 Season/Summer Playoffs,5,Karmine Corp,GIANTX,lolcast,sweep_team1,0.379,2026-09-03 12:04:22.402041+00:00,50.93,,0.0,3.0,1.0,2026-09-05 23:20:31.061390+00:00
LEC/2026 Season/Summer Playoffs_Round 1_2,2026-09-05 15:00:00+00:00,LEC/2026 Season/Summer Playoffs,5,Karmine Corp,GIANTX,elo,sweep_team1,0.3649,2026-09-03 12:04:22.402041+00:00,50.93,,0.0,3.0,1.0,2026-09-05 23:20:31.061390+00:00
LEC/2026 Season/Summer Playoffs_Round 1_2,2026-09-05 15:00:00+00:00,LEC/2026 Season/Summer Playoffs,5,Karmine Corp,GIANTX,lolcast,sweep_team2,0.0161,2026-09-03 12:04:22.402041+00:00,50.93,,0.0,3.0,1.0,2026-09-05 23:20:31.061390+00:00
LEC/2026 Season/Summer Playoffs_Round 1_2,2026-09-05 15:00:00+00:00,LEC/2026 Season/Summer Playoffs,5,Karmine Corp,GIANTX,elo,sweep_team2,0.0203,2026-09-03 12:04:22.402041+00:00,50.93,,0.0,3.0,1.0,2026-09-05 23:20:31.061390+00:00
CBLOL/2026 Season/Split 2 Playoffs_Round 1_1,2026-09-05 16:00:00+00:00,CBLOL/2026 Season/Split 2 Playoffs,5,Vivo Keyd Stars,paiN Gaming,lolcast,series,0.7396,2026-09-03 12:04:22.402041+00:00,51.93,,0.0,1.0,3.0,2026-09-05 23:20:31.061390+00:00
CBLOL/2026 Season/Split 2 Playoffs_Round 1_1,2026-09-05 16:00:00+00:00,CBLOL/2026 Season/Split 2 Playoffs,5,Vivo Keyd Stars,paiN Gaming,elo,series,0.7021,2026-09-03 12:04:22.402041+00:00,51.93,,0.0,1.0,3.0,2026-09-05 23:20:31.061390+00:00
CBLOL/2026 Season/Split 2 Playoffs_Round 1_1,2026-09-05 16:00:00+00:00,CBLOL/2026 Season/Split 2 Playoffs,5,Vivo Keyd Stars,paiN Gaming,lolcast,sweep_team1,0.242,2026-09-03 12:04:22.402041+00:00,51.93,,0.0,1.0,3.0,2026-09-05 23:20:31.061390+00:00
CBLOL/2026 Season/Split 2 Playoffs_Round 1_1,2026-09-05 16:00:00+00:00,CBLOL/2026 Season/Split 2 Playoffs,5,Vivo Keyd Stars,paiN Gaming,elo,sweep_team1,0.2204,2026-09-03 12:04:22.402041+00:00,51.93,,0.0,1.0,3.0,2026-09-05 23:20:31.061390+00:00
CBLOL/2026 Season/Split 2 Playoffs_Round 1_1,2026-09-05 16:00:00+00:00,CBLOL/2026 Season/Split 2 Playoffs,5,Vivo Keyd Stars,paiN Gaming,lolcast,sweep_team2,0.0448,2026-09-03 12:04:22.402041+00:00,51.93,,0.0,1.0,3.0,2026-09-05 23:20:31.061390+00:00
CBLOL/2026 Season/Split 2 Playoffs_Round 1_1,2026-09-05 16:00:00+00:00,CBLOL/2026 Season/Split 2 Playoffs,5,Vivo Keyd Stars,paiN Gaming,elo,sweep_team2,0.0554,2026-09-03 12:04:22.402041+00:00,51.93,,0.0,1.0,3.0,2026-09-05 23:20:31.061390+00:00
LCS/2026 Season/Summer Season_Week 7_1,2026-09-05 20:00:00+00:00,LCS/2026 Season/Summer Season,3,Sentinels,Cloud9,lolcast,series,0.3623,2026-09-03 12:04:22.402041+00:00,55.93,,0.0,0.0,2.0,2026-09-05 23:20:31.061390+00:00
LCS/2026 Season/Summer Season_Week 7_1,2026-09-05 20:00:00+00:00,LCS/2026 Season/Summer Season,3,Sentinels,Cloud9,elo,series,0.4146,2026-09-03 12:04:22.402041+00:00,55.93,,0.0,0.0,2.0,2026-09-05 23:20:31.061390+00:00
LCS/2026 Season/Summer Season_Week 7_1,2026-09-05 20:00:00+00:00,LCS/2026 Season/Summer Season,3,Sentinels,Cloud9,lolcast,sweep_team1,0.1576,2026-09-03 12:04:22.402041+00:00,55.93,,0.0,0.0,2.0,2026-09-05 23:20:31.061390+00:00
LCS/2026 Season/Summer Season_Week 7_1,2026-09-05 20:00:00+00:00,LCS/2026 Season/Summer Season,3,Sentinels,Cloud9,elo,sweep_team1,0.191,2026-09-03 12:04:22.402041+00:00,55.93,,0.0,0.0,2.0,2026-09-05 23:20:31.061390+00:00
LCS/2026 Season/Summer Season_Week 7_1,2026-09-05 20:00:00+00:00,LCS/2026 Season/Summer Season,3,Sentinels,Cloud9,lolcast,sweep_team2,0.3396,2026-09-03 12:04:22.402041+00:00,55.93,,1.0,0.0,2.0,2026-09-05 23:20:31.061390+00:00
LCS/2026 Season/Summer Season_Week 7_1,2026-09-05 20:00:00+00:00,LCS/2026 Season/Summer Season,3,Sentinels,Cloud9,elo,sweep_team2,0.3041,2026-09-03 12:04:22.402041+00:00,55.93,,1.0,0.0,2.0,2026-09-05 23:20:31.061390+00:00
LCS/2026 Season/Summer Season_Week 7_2,2026-09-05 23:00:00+00:00,LCS/2026 Season/Summer Season,3,Dignitas,Team Liquid,lolcast,series,0.0623,2026-09-03 12:04:22.402041+00:00,58.93,,0.0,0.0,2.0,2026-09-05 23:20:31.061390+00:00
LCS/2026 Season/Summer Season_Week 7_2,2026-09-05 23:00:00+00:00,LCS/2026 Season/Summer Season,3,Dignitas,Team Liquid,elo,series,0.0749,2026-09-03 12:04:22.402041+00:00,58.93,,0.0,0.0,2.0,2026-09-05 23:20:31.061390+00:00
LCS/2026 Season/Summer Season_Week 7_2,2026-09-05 23:00:00+00:00,LCS/2026 Season/Summer Season,3,Dignitas,Team Liquid,lolcast,sweep_team1,0.0227,2026-09-03 12:04:22.402041+00:00,58.93,,0.0,0.0,2.0,2026-09-05 23:20:31.061390+00:00
LCS/2026 Season/Summer Season_Week 7_2,2026-09-05 23:00:00+00:00,LCS/2026 Season/Summer Season,3,Dignitas,Team Liquid,elo,sweep_team1,0.027,2026-09-03 12:04:22.402041+00:00,58.93,,0.0,0.0,2.0,2026-09-05 23:20:31.061390+00:00
LCS/2026 Season/Summer Season_Week 7_2,2026-09-05 23:00:00+00:00,LCS/2026 Season/Summer Season,3,Dignitas,Team Liquid,lolcast,sweep_team2,0.7171,2026-09-03 12:04:22.402041+00:00,58.93,,1.0,0.0,2.0,2026-09-05 23:20:31.061390+00:00
LCS/2026 Season/Summer Season_Week 7_2,2026-09-05 23:00:00+00:00,LCS/2026 Season/Summer Season,3,Dignitas,Team Liquid,elo,sweep_team2,0.6875,2026-09-03 12:04:22.402041+00:00,58.93,,1.0,0.0,2.0,2026-09-05 23:20:31.061390+00:00
CBLOL/2026 Season/Split 2 Playoffs_Round 1_2,2026-09-06 16:00:00+00:00,CBLOL/2026 Season/Split 2 Playoffs,5,FURIA,RED Canids,lolcast,series,0.8679,2026-09-03 12:04:22.402041+00:00,75.93,,1.0,3.0,0.0,2026-09-06 23:07:56.780111+00:00
CBLOL/2026 Season/Split 2 Playoffs_Round 1_2,2026-09-06 16:00:00+00:00,CBLOL/2026 Season/Split 2 Playoffs,5,FURIA,RED Canids,elo,series,0.8133,2026-09-03 12:04:22.402041+00:00,75.93,,1.0,3.0,0.0,2026-09-06 23:07:56.780111+00:00
CBLOL/2026 Season/Split 2 Playoffs_Round 1_2,2026-09-06 16:00:00+00:00,CBLOL/2026 Season/Split 2 Playoffs,5,FURIA,RED Canids,lolcast,sweep_team1,0.3636,2026-09-03 12:04:22.402041+00:00,75.93,,1.0,3.0,0.0,2026-09-06 23:07:56.780111+00:00
CBLOL/2026 Season/Split 2 Playoffs_Round 1_2,2026-09-06 16:00:00+00:00,CBLOL/2026 Season/Split 2 Playoffs,5,FURIA,RED Canids,elo,sweep_team1,0.3089,2026-09-03 12:04:22.402041+00:00,75.93,,1.0,3.0,0.0,2026-09-06 23:07:56.780111+00:00
CBLOL/2026 Season/Split 2 Playoffs_Round 1_2,2026-09-06 16:00:00+00:00,CBLOL/2026 Season/Split 2 Playoffs,5,FURIA,RED Canids,lolcast,sweep_team2,0.0186,2026-09-03 12:04:22.402041+00:00,75.93,,0.0,3.0,0.0,2026-09-06 23:07:56.780111+00:00
CBLOL/2026 Season/Split 2 Playoffs_Round 1_2,2026-09-06 16:00:00+00:00,CBLOL/2026 Season/Split 2 Playoffs,5,FURIA,RED Canids,elo,sweep_team2,0.03,2026-09-03 12:04:22.402041+00:00,75.93,,0.0,3.0,0.0,2026-09-06 23:07:56.780111+00:00
LCS/2026 Season/Summer Season_Week 7_3,2026-09-06 20:00:00+00:00,LCS/2026 Season/Summer Season,3,FlyQuest,Shopify Rebellion,lolcast,series,0.6107,2026-09-03 12:04:22.402041+00:00,79.93,,1.0,2.0,0.0,2026-09-06 23:07:56.780111+00:00
LCS/2026 Season/Summer Season_Week 7_3,2026-09-06 20:00:00+00:00,LCS/2026 Season/Summer Season,3,FlyQuest,Shopify Rebellion,elo,series,0.6106,2026-09-03 12:04:22.402041+00:00,79.93,,1.0,2.0,0.0,2026-09-06 23:07:56.780111+00:00
LCS/2026 Season/Summer Season_Week 7_3,2026-09-06 20:00:00+00:00,LCS/2026 Season/Summer Season,3,FlyQuest,Shopify Rebellion,lolcast,sweep_team1,0.3172,2026-09-03 12:04:22.402041+00:00,79.93,,1.0,2.0,0.0,2026-09-06 23:07:56.780111+00:00
LCS/2026 Season/Summer Season_Week 7_3,2026-09-06 20:00:00+00:00,LCS/2026 Season/Summer Season,3,FlyQuest,Shopify Rebellion,elo,sweep_team1,0.3233,2026-09-03 12:04:22.402041+00:00,79.93,,1.0,2.0,0.0,2026-09-06 23:07:56.780111+00:00
LCS/2026 Season/Summer Season_Week 7_3,2026-09-06 20:00:00+00:00,LCS/2026 Season/Summer Season,3,FlyQuest,Shopify Rebellion,lolcast,sweep_team2,0.1718,2026-09-03 12:04:22.402041+00:00,79.93,,0.0,2.0,0.0,2026-09-06 23:07:56.780111+00:00
LCS/2026 Season/Summer Season_Week 7_3,2026-09-06 20:00:00+00:00,LCS/2026 Season/Summer Season,3,FlyQuest,Shopify Rebellion,elo,sweep_team2,0.1765,2026-09-03 12:04:22.402041+00:00,79.93,,0.0,2.0,0.0,2026-09-06 23:07:56.780111+00:00
LCS/2026 Season/Summer Season_Week 7_4,2026-09-06 23:00:00+00:00,LCS/2026 Season/Summer Season,3,Disguised,LYON (2024 American Team),lolcast,series,0.0538,2026-09-03 12:04:22.402041+00:00,82.93,,0.0,0.0,2.0,2026-09-06 23:07:56.780111+00:00
LCS/2026 Season/Summer Season_Week 7_4,2026-09-06 23:00:00+00:00,LCS/2026 Season/Summer Season,3,Disguised,LYON (2024 American Team),elo,series,0.0639,2026-09-03 12:04:22.402041+00:00,82.93,,0.0,0.0,2.0,2026-09-06 23:07:56.780111+00:00
LCS/2026 Season/Summer Season_Week 7_4,2026-09-06 23:00:00+00:00,LCS/2026 Season/Summer Season,3,Disguised,LYON (2024 American Team),polymarket,series,0.17,2026-09-03 12:04:22.402041+00:00,82.93,1404.9872,0.0,0.0,2.0,2026-09-06 23:07:56.780111+00:00
LCS/2026 Season/Summer Season_Week 7_4,2026-09-06 23:00:00+00:00,LCS/2026 Season/Summer Season,3,Disguised,LYON (2024 American Team),lolcast,sweep_team1,0.0199,2026-09-03 12:04:22.402041+00:00,82.93,,0.0,0.0,2.0,2026-09-06 23:07:56.780111+00:00
LCS/2026 Season/Summer Season_Week 7_4,2026-09-06 23:00:00+00:00,LCS/2026 Season/Summer Season,3,Disguised,LYON (2024 American Team),elo,sweep_team1,0.0228,2026-09-03 12:04:22.402041+00:00,82.93,,0.0,0.0,2.0,2026-09-06 23:07:56.780111+00:00
LCS/2026 Season/Summer Season_Week 7_4,2026-09-06 23:00:00+00:00,LCS/2026 Season/Summer Season,3,Disguised,LYON (2024 American Team),lolcast,sweep_team2,0.7391,2026-09-03 12:04:22.402041+00:00,82.93,,1.0,0.0,2.0,2026-09-06 23:07:56.780111+00:00
LCS/2026 Season/Summer Season_Week 7_4,2026-09-06 23:00:00+00:00,LCS/2026 Season/Summer Season,3,Disguised,LYON (2024 American Team),elo,sweep_team2,0.7105,2026-09-03 12:04:22.402041+00:00,82.93,,1.0,0.0,2.0,2026-09-06 23:07:56.780111+00:00
North American Challengers League/2026 Season/Summer Playoffs_Round 2_4,2026-09-07 17:00:00+00:00,North American Challengers League/2026 Season/Summer Playoffs,5,NRG,Conviction,lolcast,series,0.4283,2026-09-03 12:04:22.402041+00:00,100.93,,1.0,3.0,2.0,2026-09-08 10:14:32.749756+00:00
North American Challengers League/2026 Season/Summer Playoffs_Round 2_4,2026-09-07 17:00:00+00:00,North American Challengers League/2026 Season/Summer Playoffs,5,NRG,Conviction,elo,series,0.3316,2026-09-03 12:04:22.402041+00:00,100.93,,1.0,3.0,2.0,2026-09-08 10:14:32.749756+00:00
North American Challengers League/2026 Season/Summer Playoffs_Round 2_4,2026-09-07 17:00:00+00:00,North American Challengers League/2026 Season/Summer Playoffs,5,NRG,Conviction,polymarket,series,0.615,2026-09-03 12:04:22.402041+00:00,100.93,709.3741,1.0,3.0,2.0,2026-09-08 10:14:32.749756+00:00
North American Challengers League/2026 Season/Summer Playoffs_Round 2_4,2026-09-07 17:00:00+00:00,North American Challengers League/2026 Season/Summer Playoffs,5,NRG,Conviction,lolcast,sweep_team1,0.0893,2026-09-03 12:04:22.402041+00:00,100.93,,0.0,3.0,2.0,2026-09-08 10:14:32.749756+00:00
North American Challengers League/2026 Season/Summer Playoffs_Round 2_4,2026-09-07 17:00:00+00:00,North American Challengers League/2026 Season/Summer Playoffs,5,NRG,Conviction,elo,sweep_team1,0.0643,2026-09-03 12:04:22.402041+00:00,100.93,,0.0,3.0,2.0,2026-09-08 10:14:32.749756+00:00
North American Challengers League/2026 Season/Summer Playoffs_Round 2_4,2026-09-07 17:00:00+00:00,North American Challengers League/2026 Season/Summer Playoffs,5,NRG,Conviction,lolcast,sweep_team2,0.1437,2026-09-03 12:04:22.402041+00:00,100.93,,0.0,3.0,2.0,2026-09-08 10:14:32.749756+00:00
North American Challengers League/2026 Season/Summer Playoffs_Round 2_4,2026-09-07 17:00:00+00:00,North American Challengers League/2026 Season/Summer Playoffs,5,NRG,Conviction,elo,sweep_team2,0.1995,2026-09-03 12:04:22.402041+00:00,100.93,,0.0,3.0,2.0,2026-09-08 10:14:32.749756+00:00
LPL/2026 Season/Grand Finals_Round 1_3,2026-09-05 06:00:00+00:00,LPL/2026 Season/Grand Finals,5,Invictus Gaming,Top Esports,lolcast,series,0.3959,2026-09-04 10:07:07.246588+00:00,19.88,,1.0,3.0,2.0,2026-09-05 23:20:31.061390+00:00
LPL/2026 Season/Grand Finals_Round 1_3,2026-09-05 06:00:00+00:00,LPL/2026 Season/Grand Finals,5,Invictus Gaming,Top Esports,elo,series,0.3744,2026-09-04 10:07:07.246588+00:00,19.88,,1.0,3.0,2.0,2026-09-05 23:20:31.061390+00:00
LPL/2026 Season/Grand Finals_Round 1_3,2026-09-05 06:00:00+00:00,LPL/2026 Season/Grand Finals,5,Invictus Gaming,Top Esports,polymarket,series,0.47,2026-09-04 10:07:07.246588+00:00,19.88,17084.0984,1.0,3.0,2.0,2026-09-05 23:20:31.061390+00:00
LPL/2026 Season/Grand Finals_Round 1_3,2026-09-05 06:00:00+00:00,LPL/2026 Season/Grand Finals,5,Invictus Gaming,Top Esports,lolcast,sweep_team1,0.0788,2026-09-04 10:07:07.246588+00:00,19.88,,0.0,3.0,2.0,2026-09-05 23:20:31.061390+00:00
LPL/2026 Season/Grand Finals_Round 1_3,2026-09-05 06:00:00+00:00,LPL/2026 Season/Grand Finals,5,Invictus Gaming,Top Esports,elo,sweep_team1,0.0765,2026-09-04 10:07:07.246588+00:00,19.88,,0.0,3.0,2.0,2026-09-05 23:20:31.061390+00:00
LPL/2026 Season/Grand Finals_Round 1_3,2026-09-05 06:00:00+00:00,LPL/2026 Season/Grand Finals,5,Invictus Gaming,Top Esports,lolcast,sweep_team2,0.158,2026-09-04 10:07:07.246588+00:00,19.88,,0.0,3.0,2.0,2026-09-05 23:20:31.061390+00:00
LPL/2026 Season/Grand Finals_Round 1_3,2026-09-05 06:00:00+00:00,LPL/2026 Season/Grand Finals,5,Invictus Gaming,Top Esports,elo,sweep_team2,0.1758,2026-09-04 10:07:07.246588+00:00,19.88,,0.0,3.0,2.0,2026-09-05 23:20:31.061390+00:00
LCK/2026 Season/Season Playoffs_Round 4_1,2026-09-05 08:00:00+00:00,LCK/2026 Season/Season Playoffs,5,Gen.G,Hanwha Life Esports,lolcast,series,0.6204,2026-09-04 10:07:07.246588+00:00,21.88,,1.0,3.0,1.0,2026-09-05 23:20:31.061390+00:00
LCK/2026 Season/Season Playoffs_Round 4_1,2026-09-05 08:00:00+00:00,LCK/2026 Season/Season Playoffs,5,Gen.G,Hanwha Life Esports,elo,series,0.5962,2026-09-04 10:07:07.246588+00:00,21.88,,1.0,3.0,1.0,2026-09-05 23:20:31.061390+00:00
LCK/2026 Season/Season Playoffs_Round 4_1,2026-09-05 08:00:00+00:00,LCK/2026 Season/Season Playoffs,5,Gen.G,Hanwha Life Esports,polymarket,series,0.575,2026-09-04 10:07:07.246588+00:00,21.88,25845.8479,1.0,3.0,1.0,2026-09-05 23:20:31.061390+00:00
LCK/2026 Season/Season Playoffs_Round 4_1,2026-09-05 08:00:00+00:00,LCK/2026 Season/Season Playoffs,5,Gen.G,Hanwha Life Esports,lolcast,sweep_team1,0.1644,2026-09-04 10:07:07.246588+00:00,21.88,,0.0,3.0,1.0,2026-09-05 23:20:31.061390+00:00
LCK/2026 Season/Season Playoffs_Round 4_1,2026-09-05 08:00:00+00:00,LCK/2026 Season/Season Playoffs,5,Gen.G,Hanwha Life Esports,elo,sweep_team1,0.161,2026-09-04 10:07:07.246588+00:00,21.88,,0.0,3.0,1.0,2026-09-05 23:20:31.061390+00:00
LCK/2026 Season/Season Playoffs_Round 4_1,2026-09-05 08:00:00+00:00,LCK/2026 Season/Season Playoffs,5,Gen.G,Hanwha Life Esports,lolcast,sweep_team2,0.0731,2026-09-04 10:07:07.246588+00:00,21.88,,0.0,3.0,1.0,2026-09-05 23:20:31.061390+00:00
LCK/2026 Season/Season Playoffs_Round 4_1,2026-09-05 08:00:00+00:00,LCK/2026 Season/Season Playoffs,5,Gen.G,Hanwha Life Esports,elo,sweep_team2,0.0856,2026-09-04 10:07:07.246588+00:00,21.88,,0.0,3.0,1.0,2026-09-05 23:20:31.061390+00:00
LPL/2026 Season/Grand Finals_Round 1_4,2026-09-05 09:00:00+00:00,LPL/2026 Season/Grand Finals,5,Ninjas in Pyjamas.CN,JD Gaming,lolcast,series,0.6697,2026-09-04 10:07:07.246588+00:00,22.88,,1.0,3.0,0.0,2026-09-05 23:20:31.061390+00:00
LPL/2026 Season/Grand Finals_Round 1_4,2026-09-05 09:00:00+00:00,LPL/2026 Season/Grand Finals,5,Ninjas in Pyjamas.CN,JD Gaming,elo,series,0.6209,2026-09-04 10:07:07.246588+00:00,22.88,,1.0,3.0,0.0,2026-09-05 23:20:31.061390+00:00
LPL/2026 Season/Grand Finals_Round 1_4,2026-09-05 09:00:00+00:00,LPL/2026 Season/Grand Finals,5,Ninjas in Pyjamas.CN,JD Gaming,polymarket,series,0.475,2026-09-04 10:07:07.246588+00:00,22.88,14297.7735,1.0,3.0,0.0,2026-09-05 23:20:31.061390+00:00
LPL/2026 Season/Grand Finals_Round 1_4,2026-09-05 09:00:00+00:00,LPL/2026 Season/Grand Finals,5,Ninjas in Pyjamas.CN,JD Gaming,lolcast,sweep_team1,0.194,2026-09-04 10:07:07.246588+00:00,22.88,,1.0,3.0,0.0,2026-09-05 23:20:31.061390+00:00
LPL/2026 Season/Grand Finals_Round 1_4,2026-09-05 09:00:00+00:00,LPL/2026 Season/Grand Finals,5,Ninjas in Pyjamas.CN,JD Gaming,elo,sweep_team1,0.1734,2026-09-04 10:07:07.246588+00:00,22.88,,1.0,3.0,0.0,2026-09-05 23:20:31.061390+00:00
LPL/2026 Season/Grand Finals_Round 1_4,2026-09-05 09:00:00+00:00,LPL/2026 Season/Grand Finals,5,Ninjas in Pyjamas.CN,JD Gaming,lolcast,sweep_team2,0.061,2026-09-04 10:07:07.246588+00:00,22.88,,0.0,3.0,0.0,2026-09-05 23:20:31.061390+00:00
LPL/2026 Season/Grand Finals_Round 1_4,2026-09-05 09:00:00+00:00,LPL/2026 Season/Grand Finals,5,Ninjas in Pyjamas.CN,JD Gaming,elo,sweep_team2,0.0779,2026-09-04 10:07:07.246588+00:00,22.88,,0.0,3.0,0.0,2026-09-05 23:20:31.061390+00:00
LEC/2026 Season/Summer Playoffs_Round 1_1,2026-09-05 10:00:00+00:00,LEC/2026 Season/Summer Playoffs,5,Team Vitality,G2 Esports,lolcast,series,0.3796,2026-09-04 10:07:07.246588+00:00,23.88,,0.0,0.0,3.0,2026-09-05 23:20:31.061390+00:00
LEC/2026 Season/Summer Playoffs_Round 1_1,2026-09-05 10:00:00+00:00,LEC/2026 Season/Summer Playoffs,5,Team Vitality,G2 Esports,elo,series,0.3704,2026-09-04 10:07:07.246588+00:00,23.88,,0.0,0.0,3.0,2026-09-05 23:20:31.061390+00:00
LEC/2026 Season/Summer Playoffs_Round 1_1,2026-09-05 10:00:00+00:00,LEC/2026 Season/Summer Playoffs,5,Team Vitality,G2 Esports,polymarket,series,0.345,2026-09-04 10:07:07.246588+00:00,23.88,4878.5522,0.0,0.0,3.0,2026-09-05 23:20:31.061390+00:00
LEC/2026 Season/Summer Playoffs_Round 1_1,2026-09-05 10:00:00+00:00,LEC/2026 Season/Summer Playoffs,5,Team Vitality,G2 Esports,lolcast,sweep_team1,0.0731,2026-09-04 10:07:07.246588+00:00,23.88,,0.0,0.0,3.0,2026-09-05 23:20:31.061390+00:00
LEC/2026 Season/Summer Playoffs_Round 1_1,2026-09-05 10:00:00+00:00,LEC/2026 Season/Summer Playoffs,5,Team Vitality,G2 Esports,elo,sweep_team1,0.0754,2026-09-04 10:07:07.246588+00:00,23.88,,0.0,0.0,3.0,2026-09-05 23:20:31.061390+00:00
LEC/2026 Season/Summer Playoffs_Round 1_1,2026-09-05 10:00:00+00:00,LEC/2026 Season/Summer Playoffs,5,Team Vitality,G2 Esports,lolcast,sweep_team2,0.1644,2026-09-04 10:07:07.246588+00:00,23.88,,1.0,0.0,3.0,2026-09-05 23:20:31.061390+00:00
LEC/2026 Season/Summer Playoffs_Round 1_1,2026-09-05 10:00:00+00:00,LEC/2026 Season/Summer Playoffs,5,Team Vitality,G2 Esports,elo,sweep_team2,0.1779,2026-09-04 10:07:07.246588+00:00,23.88,,1.0,0.0,3.0,2026-09-05 23:20:31.061390+00:00
LEC/2026 Season/Summer Playoffs_Round 1_2,2026-09-05 15:00:00+00:00,LEC/2026 Season/Summer Playoffs,5,Karmine Corp,GIANTX,lolcast,series,0.8792,2026-09-04 10:07:07.246588+00:00,28.88,,1.0,3.0,1.0,2026-09-05 23:20:31.061390+00:00
LEC/2026 Season/Summer Playoffs_Round 1_2,2026-09-05 15:00:00+00:00,LEC/2026 Season/Summer Playoffs,5,Karmine Corp,GIANTX,elo,series,0.8634,2026-09-04 10:07:07.246588+00:00,28.88,,1.0,3.0,1.0,2026-09-05 23:20:31.061390+00:00
LEC/2026 Season/Summer Playoffs_Round 1_2,2026-09-05 15:00:00+00:00,LEC/2026 Season/Summer Playoffs,5,Karmine Corp,GIANTX,polymarket,series,0.765,2026-09-04 10:07:07.246588+00:00,28.88,5993.9734,1.0,3.0,1.0,2026-09-05 23:20:31.061390+00:00
LEC/2026 Season/Summer Playoffs_Round 1_2,2026-09-05 15:00:00+00:00,LEC/2026 Season/Summer Playoffs,5,Karmine Corp,GIANTX,lolcast,sweep_team1,0.376,2026-09-04 10:07:07.246588+00:00,28.88,,0.0,3.0,1.0,2026-09-05 23:20:31.061390+00:00
LEC/2026 Season/Summer Playoffs_Round 1_2,2026-09-05 15:00:00+00:00,LEC/2026 Season/Summer Playoffs,5,Karmine Corp,GIANTX,elo,sweep_team1,0.3649,2026-09-04 10:07:07.246588+00:00,28.88,,0.0,3.0,1.0,2026-09-05 23:20:31.061390+00:00
LEC/2026 Season/Summer Playoffs_Round 1_2,2026-09-05 15:00:00+00:00,LEC/2026 Season/Summer Playoffs,5,Karmine Corp,GIANTX,lolcast,sweep_team2,0.0163,2026-09-04 10:07:07.246588+00:00,28.88,,0.0,3.0,1.0,2026-09-05 23:20:31.061390+00:00
LEC/2026 Season/Summer Playoffs_Round 1_2,2026-09-05 15:00:00+00:00,LEC/2026 Season/Summer Playoffs,5,Karmine Corp,GIANTX,elo,sweep_team2,0.0203,2026-09-04 10:07:07.246588+00:00,28.88,,0.0,3.0,1.0,2026-09-05 23:20:31.061390+00:00
CBLOL/2026 Season/Split 2 Playoffs_Round 1_1,2026-09-05 16:00:00+00:00,CBLOL/2026 Season/Split 2 Playoffs,5,Vivo Keyd Stars,paiN Gaming,lolcast,series,0.7398,2026-09-04 10:07:07.246588+00:00,29.88,,0.0,1.0,3.0,2026-09-05 23:20:31.061390+00:00
CBLOL/2026 Season/Split 2 Playoffs_Round 1_1,2026-09-05 16:00:00+00:00,CBLOL/2026 Season/Split 2 Playoffs,5,Vivo Keyd Stars,paiN Gaming,elo,series,0.7021,2026-09-04 10:07:07.246588+00:00,29.88,,0.0,1.0,3.0,2026-09-05 23:20:31.061390+00:00
CBLOL/2026 Season/Split 2 Playoffs_Round 1_1,2026-09-05 16:00:00+00:00,CBLOL/2026 Season/Split 2 Playoffs,5,Vivo Keyd Stars,paiN Gaming,polymarket,series,0.58,2026-09-04 10:07:07.246588+00:00,29.88,6411.5496,0.0,1.0,3.0,2026-09-05 23:20:31.061390+00:00
CBLOL/2026 Season/Split 2 Playoffs_Round 1_1,2026-09-05 16:00:00+00:00,CBLOL/2026 Season/Split 2 Playoffs,5,Vivo Keyd Stars,paiN Gaming,lolcast,sweep_team1,0.2426,2026-09-04 10:07:07.246588+00:00,29.88,,0.0,1.0,3.0,2026-09-05 23:20:31.061390+00:00
CBLOL/2026 Season/Split 2 Playoffs_Round 1_1,2026-09-05 16:00:00+00:00,CBLOL/2026 Season/Split 2 Playoffs,5,Vivo Keyd Stars,paiN Gaming,elo,sweep_team1,0.2204,2026-09-04 10:07:07.246588+00:00,29.88,,0.0,1.0,3.0,2026-09-05 23:20:31.061390+00:00
CBLOL/2026 Season/Split 2 Playoffs_Round 1_1,2026-09-05 16:00:00+00:00,CBLOL/2026 Season/Split 2 Playoffs,5,Vivo Keyd Stars,paiN Gaming,lolcast,sweep_team2,0.0448,2026-09-04 10:07:07.246588+00:00,29.88,,0.0,1.0,3.0,2026-09-05 23:20:31.061390+00:00
CBLOL/2026 Season/Split 2 Playoffs_Round 1_1,2026-09-05 16:00:00+00:00,CBLOL/2026 Season/Split 2 Playoffs,5,Vivo Keyd Stars,paiN Gaming,elo,sweep_team2,0.0554,2026-09-04 10:07:07.246588+00:00,29.88,,0.0,1.0,3.0,2026-09-05 23:20:31.061390+00:00
LCS/2026 Season/Summer Season_Week 7_1,2026-09-05 20:00:00+00:00,LCS/2026 Season/Summer Season,3,Sentinels,Cloud9,lolcast,series,0.3609,2026-09-04 10:07:07.246588+00:00,33.88,,0.0,0.0,2.0,2026-09-05 23:20:31.061390+00:00
LCS/2026 Season/Summer Season_Week 7_1,2026-09-05 20:00:00+00:00,LCS/2026 Season/Summer Season,3,Sentinels,Cloud9,elo,series,0.4145,2026-09-04 10:07:07.246588+00:00,33.88,,0.0,0.0,2.0,2026-09-05 23:20:31.061390+00:00
LCS/2026 Season/Summer Season_Week 7_1,2026-09-05 20:00:00+00:00,LCS/2026 Season/Summer Season,3,Sentinels,Cloud9,polymarket,series,0.4,2026-09-04 10:07:07.246588+00:00,33.88,7785.5224,0.0,0.0,2.0,2026-09-05 23:20:31.061390+00:00
LCS/2026 Season/Summer Season_Week 7_1,2026-09-05 20:00:00+00:00,LCS/2026 Season/Summer Season,3,Sentinels,Cloud9,lolcast,sweep_team1,0.1569,2026-09-04 10:07:07.246588+00:00,33.88,,0.0,0.0,2.0,2026-09-05 23:20:31.061390+00:00
LCS/2026 Season/Summer Season_Week 7_1,2026-09-05 20:00:00+00:00,LCS/2026 Season/Summer Season,3,Sentinels,Cloud9,elo,sweep_team1,0.191,2026-09-04 10:07:07.246588+00:00,33.88,,0.0,0.0,2.0,2026-09-05 23:20:31.061390+00:00
LCS/2026 Season/Summer Season_Week 7_1,2026-09-05 20:00:00+00:00,LCS/2026 Season/Summer Season,3,Sentinels,Cloud9,lolcast,sweep_team2,0.3407,2026-09-04 10:07:07.246588+00:00,33.88,,1.0,0.0,2.0,2026-09-05 23:20:31.061390+00:00
LCS/2026 Season/Summer Season_Week 7_1,2026-09-05 20:00:00+00:00,LCS/2026 Season/Summer Season,3,Sentinels,Cloud9,elo,sweep_team2,0.3041,2026-09-04 10:07:07.246588+00:00,33.88,,1.0,0.0,2.0,2026-09-05 23:20:31.061390+00:00
LCS/2026 Season/Summer Season_Week 7_2,2026-09-05 23:00:00+00:00,LCS/2026 Season/Summer Season,3,Dignitas,Team Liquid,lolcast,series,0.0623,2026-09-04 10:07:07.246588+00:00,36.88,,0.0,0.0,2.0,2026-09-05 23:20:31.061390+00:00
LCS/2026 Season/Summer Season_Week 7_2,2026-09-05 23:00:00+00:00,LCS/2026 Season/Summer Season,3,Dignitas,Team Liquid,elo,series,0.0749,2026-09-04 10:07:07.246588+00:00,36.88,,0.0,0.0,2.0,2026-09-05 23:20:31.061390+00:00
LCS/2026 Season/Summer Season_Week 7_2,2026-09-05 23:00:00+00:00,LCS/2026 Season/Summer Season,3,Dignitas,Team Liquid,polymarket,series,0.14,2026-09-04 10:07:07.246588+00:00,36.88,1664.8552,0.0,0.0,2.0,2026-09-05 23:20:31.061390+00:00
LCS/2026 Season/Summer Season_Week 7_2,2026-09-05 23:00:00+00:00,LCS/2026 Season/Summer Season,3,Dignitas,Team Liquid,lolcast,sweep_team1,0.0228,2026-09-04 10:07:07.246588+00:00,36.88,,0.0,0.0,2.0,2026-09-05 23:20:31.061390+00:00
LCS/2026 Season/Summer Season_Week 7_2,2026-09-05 23:00:00+00:00,LCS/2026 Season/Summer Season,3,Dignitas,Team Liquid,elo,sweep_team1,0.027,2026-09-04 10:07:07.246588+00:00,36.88,,0.0,0.0,2.0,2026-09-05 23:20:31.061390+00:00
LCS/2026 Season/Summer Season_Week 7_2,2026-09-05 23:00:00+00:00,LCS/2026 Season/Summer Season,3,Dignitas,Team Liquid,lolcast,sweep_team2,0.7172,2026-09-04 10:07:07.246588+00:00,36.88,,1.0,0.0,2.0,2026-09-05 23:20:31.061390+00:00
LCS/2026 Season/Summer Season_Week 7_2,2026-09-05 23:00:00+00:00,LCS/2026 Season/Summer Season,3,Dignitas,Team Liquid,elo,sweep_team2,0.6874,2026-09-04 10:07:07.246588+00:00,36.88,,1.0,0.0,2.0,2026-09-05 23:20:31.061390+00:00
CBLOL/2026 Season/Split 2 Playoffs_Round 1_2,2026-09-06 16:00:00+00:00,CBLOL/2026 Season/Split 2 Playoffs,5,FURIA,RED Canids,lolcast,series,0.8669,2026-09-04 10:07:07.246588+00:00,53.88,,1.0,3.0,0.0,2026-09-06 23:07:56.780111+00:00
CBLOL/2026 Season/Split 2 Playoffs_Round 1_2,2026-09-06 16:00:00+00:00,CBLOL/2026 Season/Split 2 Playoffs,5,FURIA,RED Canids,elo,series,0.8133,2026-09-04 10:07:07.246588+00:00,53.88,,1.0,3.0,0.0,2026-09-06 23:07:56.780111+00:00
CBLOL/2026 Season/Split 2 Playoffs_Round 1_2,2026-09-06 16:00:00+00:00,CBLOL/2026 Season/Split 2 Playoffs,5,FURIA,RED Canids,polymarket,series,0.515,2026-09-04 10:07:07.246588+00:00,53.88,1008.8088,1.0,3.0,0.0,2026-09-06 23:07:56.780111+00:00
CBLOL/2026 Season/Split 2 Playoffs_Round 1_2,2026-09-06 16:00:00+00:00,CBLOL/2026 Season/Split 2 Playoffs,5,FURIA,RED Canids,lolcast,sweep_team1,0.3629,2026-09-04 10:07:07.246588+00:00,53.88,,1.0,3.0,0.0,2026-09-06 23:07:56.780111+00:00
CBLOL/2026 Season/Split 2 Playoffs_Round 1_2,2026-09-06 16:00:00+00:00,CBLOL/2026 Season/Split 2 Playoffs,5,FURIA,RED Canids,elo,sweep_team1,0.3089,2026-09-04 10:07:07.246588+00:00,53.88,,1.0,3.0,0.0,2026-09-06 23:07:56.780111+00:00
CBLOL/2026 Season/Split 2 Playoffs_Round 1_2,2026-09-06 16:00:00+00:00,CBLOL/2026 Season/Split 2 Playoffs,5,FURIA,RED Canids,lolcast,sweep_team2,0.0188,2026-09-04 10:07:07.246588+00:00,53.88,,0.0,3.0,0.0,2026-09-06 23:07:56.780111+00:00
CBLOL/2026 Season/Split 2 Playoffs_Round 1_2,2026-09-06 16:00:00+00:00,CBLOL/2026 Season/Split 2 Playoffs,5,FURIA,RED Canids,elo,sweep_team2,0.03,2026-09-04 10:07:07.246588+00:00,53.88,,0.0,3.0,0.0,2026-09-06 23:07:56.780111+00:00
LCS/2026 Season/Summer Season_Week 7_3,2026-09-06 20:00:00+00:00,LCS/2026 Season/Summer Season,3,FlyQuest,Shopify Rebellion,lolcast,series,0.6063,2026-09-04 10:07:07.246588+00:00,57.88,,1.0,2.0,0.0,2026-09-06 23:07:56.780111+00:00
LCS/2026 Season/Summer Season_Week 7_3,2026-09-06 20:00:00+00:00,LCS/2026 Season/Summer Season,3,FlyQuest,Shopify Rebellion,elo,series,0.6106,2026-09-04 10:07:07.246588+00:00,57.88,,1.0,2.0,0.0,2026-09-06 23:07:56.780111+00:00
LCS/2026 Season/Summer Season_Week 7_3,2026-09-06 20:00:00+00:00,LCS/2026 Season/Summer Season,3,FlyQuest,Shopify Rebellion,lolcast,sweep_team1,0.3129,2026-09-04 10:07:07.246588+00:00,57.88,,1.0,2.0,0.0,2026-09-06 23:07:56.780111+00:00
LCS/2026 Season/Summer Season_Week 7_3,2026-09-06 20:00:00+00:00,LCS/2026 Season/Summer Season,3,FlyQuest,Shopify Rebellion,elo,sweep_team1,0.3233,2026-09-04 10:07:07.246588+00:00,57.88,,1.0,2.0,0.0,2026-09-06 23:07:56.780111+00:00
LCS/2026 Season/Summer Season_Week 7_3,2026-09-06 20:00:00+00:00,LCS/2026 Season/Summer Season,3,FlyQuest,Shopify Rebellion,lolcast,sweep_team2,0.1737,2026-09-04 10:07:07.246588+00:00,57.88,,0.0,2.0,0.0,2026-09-06 23:07:56.780111+00:00
LCS/2026 Season/Summer Season_Week 7_3,2026-09-06 20:00:00+00:00,LCS/2026 Season/Summer Season,3,FlyQuest,Shopify Rebellion,elo,sweep_team2,0.1764,2026-09-04 10:07:07.246588+00:00,57.88,,0.0,2.0,0.0,2026-09-06 23:07:56.780111+00:00
LCS/2026 Season/Summer Season_Week 7_4,2026-09-06 23:00:00+00:00,LCS/2026 Season/Summer Season,3,Disguised,LYON (2024 American Team),lolcast,series,0.0544,2026-09-04 10:07:07.246588+00:00,60.88,,0.0,0.0,2.0,2026-09-06 23:07:56.780111+00:00
LCS/2026 Season/Summer Season_Week 7_4,2026-09-06 23:00:00+00:00,LCS/2026 Season/Summer Season,3,Disguised,LYON (2024 American Team),elo,series,0.0639,2026-09-04 10:07:07.246588+00:00,60.88,,0.0,0.0,2.0,2026-09-06 23:07:56.780111+00:00
LCS/2026 Season/Summer Season_Week 7_4,2026-09-06 23:00:00+00:00,LCS/2026 Season/Summer Season,3,Disguised,LYON (2024 American Team),polymarket,series,0.14,2026-09-04 10:07:07.246588+00:00,60.88,1497.3089,0.0,0.0,2.0,2026-09-06 23:07:56.780111+00:00
LCS/2026 Season/Summer Season_Week 7_4,2026-09-06 23:00:00+00:00,LCS/2026 Season/Summer Season,3,Disguised,LYON (2024 American Team),lolcast,sweep_team1,0.0201,2026-09-04 10:07:07.246588+00:00,60.88,,0.0,0.0,2.0,2026-09-06 23:07:56.780111+00:00
LCS/2026 Season/Summer Season_Week 7_4,2026-09-06 23:00:00+00:00,LCS/2026 Season/Summer Season,3,Disguised,LYON (2024 American Team),elo,sweep_team1,0.0228,2026-09-04 10:07:07.246588+00:00,60.88,,0.0,0.0,2.0,2026-09-06 23:07:56.780111+00:00
LCS/2026 Season/Summer Season_Week 7_4,2026-09-06 23:00:00+00:00,LCS/2026 Season/Summer Season,3,Disguised,LYON (2024 American Team),lolcast,sweep_team2,0.7379,2026-09-04 10:07:07.246588+00:00,60.88,,1.0,0.0,2.0,2026-09-06 23:07:56.780111+00:00
LCS/2026 Season/Summer Season_Week 7_4,2026-09-06 23:00:00+00:00,LCS/2026 Season/Summer Season,3,Disguised,LYON (2024 American Team),elo,sweep_team2,0.7104,2026-09-04 10:07:07.246588+00:00,60.88,,1.0,0.0,2.0,2026-09-06 23:07:56.780111+00:00
North American Challengers League/2026 Season/Summer Playoffs_Round 2_4,2026-09-07 17:00:00+00:00,North American Challengers League/2026 Season/Summer Playoffs,5,NRG,Conviction,lolcast,series,0.4261,2026-09-04 10:07:07.246588+00:00,78.88,,1.0,3.0,2.0,2026-09-08 10:14:32.749756+00:00
North American Challengers League/2026 Season/Summer Playoffs_Round 2_4,2026-09-07 17:00:00+00:00,North American Challengers League/2026 Season/Summer Playoffs,5,NRG,Conviction,elo,series,0.3316,2026-09-04 10:07:07.246588+00:00,78.88,,1.0,3.0,2.0,2026-09-08 10:14:32.749756+00:00
North American Challengers League/2026 Season/Summer Playoffs_Round 2_4,2026-09-07 17:00:00+00:00,North American Challengers League/2026 Season/Summer Playoffs,5,NRG,Conviction,lolcast,sweep_team1,0.0885,2026-09-04 10:07:07.246588+00:00,78.88,,0.0,3.0,2.0,2026-09-08 10:14:32.749756+00:00
North American Challengers League/2026 Season/Summer Playoffs_Round 2_4,2026-09-07 17:00:00+00:00,North American Challengers League/2026 Season/Summer Playoffs,5,NRG,Conviction,elo,sweep_team1,0.0643,2026-09-04 10:07:07.246588+00:00,78.88,,0.0,3.0,2.0,2026-09-08 10:14:32.749756+00:00
North American Challengers League/2026 Season/Summer Playoffs_Round 2_4,2026-09-07 17:00:00+00:00,North American Challengers League/2026 Season/Summer Playoffs,5,NRG,Conviction,lolcast,sweep_team2,0.1445,2026-09-04 10:07:07.246588+00:00,78.88,,0.0,3.0,2.0,2026-09-08 10:14:32.749756+00:00
North American Challengers League/2026 Season/Summer Playoffs_Round 2_4,2026-09-07 17:00:00+00:00,North American Challengers League/2026 Season/Summer Playoffs,5,NRG,Conviction,elo,sweep_team2,0.1995,2026-09-04 10:07:07.246588+00:00,78.88,,0.0,3.0,2.0,2026-09-08 10:14:32.749756+00:00
LEC/2026 Season/Summer Playoffs_Round 1_1,2026-09-05 10:00:00+00:00,LEC/2026 Season/Summer Playoffs,5,Team Vitality,G2 Esports,lolcast,series,0.3844,2026-09-05 09:36:53.522770+00:00,0.39,,0.0,0.0,3.0,2026-09-05 23:20:31.061390+00:00
LEC/2026 Season/Summer Playoffs_Round 1_1,2026-09-05 10:00:00+00:00,LEC/2026 Season/Summer Playoffs,5,Team Vitality,G2 Esports,elo,series,0.3706,2026-09-05 09:36:53.522770+00:00,0.39,,0.0,0.0,3.0,2026-09-05 23:20:31.061390+00:00
LEC/2026 Season/Summer Playoffs_Round 1_1,2026-09-05 10:00:00+00:00,LEC/2026 Season/Summer Playoffs,5,Team Vitality,G2 Esports,polymarket,series,0.345,2026-09-05 09:36:53.522770+00:00,0.39,20254.3935,0.0,0.0,3.0,2026-09-05 23:20:31.061390+00:00
LEC/2026 Season/Summer Playoffs_Round 1_1,2026-09-05 10:00:00+00:00,LEC/2026 Season/Summer Playoffs,5,Team Vitality,G2 Esports,lolcast,sweep_team1,0.0731,2026-09-05 09:36:53.522770+00:00,0.39,,0.0,0.0,3.0,2026-09-05 23:20:31.061390+00:00
LEC/2026 Season/Summer Playoffs_Round 1_1,2026-09-05 10:00:00+00:00,LEC/2026 Season/Summer Playoffs,5,Team Vitality,G2 Esports,elo,sweep_team1,0.0754,2026-09-05 09:36:53.522770+00:00,0.39,,0.0,0.0,3.0,2026-09-05 23:20:31.061390+00:00
LEC/2026 Season/Summer Playoffs_Round 1_1,2026-09-05 10:00:00+00:00,LEC/2026 Season/Summer Playoffs,5,Team Vitality,G2 Esports,lolcast,sweep_team2,0.1598,2026-09-05 09:36:53.522770+00:00,0.39,,1.0,0.0,3.0,2026-09-05 23:20:31.061390+00:00
LEC/2026 Season/Summer Playoffs_Round 1_1,2026-09-05 10:00:00+00:00,LEC/2026 Season/Summer Playoffs,5,Team Vitality,G2 Esports,elo,sweep_team2,0.1777,2026-09-05 09:36:53.522770+00:00,0.39,,1.0,0.0,3.0,2026-09-05 23:20:31.061390+00:00
LPL/2026 Season/Grand Finals_Round 1_4,2026-09-05 11:00:00+00:00,LPL/2026 Season/Grand Finals,5,Ninjas in Pyjamas.CN,JD Gaming,lolcast,series,0.6518,2026-09-05 09:36:53.522770+00:00,1.39,,1.0,3.0,0.0,2026-09-05 23:20:31.061390+00:00
LPL/2026 Season/Grand Finals_Round 1_4,2026-09-05 11:00:00+00:00,LPL/2026 Season/Grand Finals,5,Ninjas in Pyjamas.CN,JD Gaming,elo,series,0.6209,2026-09-05 09:36:53.522770+00:00,1.39,,1.0,3.0,0.0,2026-09-05 23:20:31.061390+00:00
LPL/2026 Season/Grand Finals_Round 1_4,2026-09-05 11:00:00+00:00,LPL/2026 Season/Grand Finals,5,Ninjas in Pyjamas.CN,JD Gaming,polymarket,series,0.495,2026-09-05 09:36:53.522770+00:00,1.39,15433.2684,1.0,3.0,0.0,2026-09-05 23:20:31.061390+00:00
LPL/2026 Season/Grand Finals_Round 1_4,2026-09-05 11:00:00+00:00,LPL/2026 Season/Grand Finals,5,Ninjas in Pyjamas.CN,JD Gaming,lolcast,sweep_team1,0.1797,2026-09-05 09:36:53.522770+00:00,1.39,,1.0,3.0,0.0,2026-09-05 23:20:31.061390+00:00
LPL/2026 Season/Grand Finals_Round 1_4,2026-09-05 11:00:00+00:00,LPL/2026 Season/Grand Finals,5,Ninjas in Pyjamas.CN,JD Gaming,elo,sweep_team1,0.1733,2026-09-05 09:36:53.522770+00:00,1.39,,1.0,3.0,0.0,2026-09-05 23:20:31.061390+00:00
LPL/2026 Season/Grand Finals_Round 1_4,2026-09-05 11:00:00+00:00,LPL/2026 Season/Grand Finals,5,Ninjas in Pyjamas.CN,JD Gaming,lolcast,sweep_team2,0.0638,2026-09-05 09:36:53.522770+00:00,1.39,,0.0,3.0,0.0,2026-09-05 23:20:31.061390+00:00
LPL/2026 Season/Grand Finals_Round 1_4,2026-09-05 11:00:00+00:00,LPL/2026 Season/Grand Finals,5,Ninjas in Pyjamas.CN,JD Gaming,elo,sweep_team2,0.0779,2026-09-05 09:36:53.522770+00:00,1.39,,0.0,3.0,0.0,2026-09-05 23:20:31.061390+00:00
LEC/2026 Season/Summer Playoffs_Round 1_2,2026-09-05 15:00:00+00:00,LEC/2026 Season/Summer Playoffs,5,Karmine Corp,GIANTX,lolcast,series,0.8803,2026-09-05 09:36:53.522770+00:00,5.39,,1.0,3.0,1.0,2026-09-05 23:20:31.061390+00:00
LEC/2026 Season/Summer Playoffs_Round 1_2,2026-09-05 15:00:00+00:00,LEC/2026 Season/Summer Playoffs,5,Karmine Corp,GIANTX,elo,series,0.8634,2026-09-05 09:36:53.522770+00:00,5.39,,1.0,3.0,1.0,2026-09-05 23:20:31.061390+00:00
LEC/2026 Season/Summer Playoffs_Round 1_2,2026-09-05 15:00:00+00:00,LEC/2026 Season/Summer Playoffs,5,Karmine Corp,GIANTX,polymarket,series,0.755,2026-09-05 09:36:53.522770+00:00,5.39,13701.1749,1.0,3.0,1.0,2026-09-05 23:20:31.061390+00:00
LEC/2026 Season/Summer Playoffs_Round 1_2,2026-09-05 15:00:00+00:00,LEC/2026 Season/Summer Playoffs,5,Karmine Corp,GIANTX,lolcast,sweep_team1,0.377,2026-09-05 09:36:53.522770+00:00,5.39,,0.0,3.0,1.0,2026-09-05 23:20:31.061390+00:00
LEC/2026 Season/Summer Playoffs_Round 1_2,2026-09-05 15:00:00+00:00,LEC/2026 Season/Summer Playoffs,5,Karmine Corp,GIANTX,elo,sweep_team1,0.3648,2026-09-05 09:36:53.522770+00:00,5.39,,0.0,3.0,1.0,2026-09-05 23:20:31.061390+00:00
LEC/2026 Season/Summer Playoffs_Round 1_2,2026-09-05 15:00:00+00:00,LEC/2026 Season/Summer Playoffs,5,Karmine Corp,GIANTX,lolcast,sweep_team2,0.016,2026-09-05 09:36:53.522770+00:00,5.39,,0.0,3.0,1.0,2026-09-05 23:20:31.061390+00:00
LEC/2026 Season/Summer Playoffs_Round 1_2,2026-09-05 15:00:00+00:00,LEC/2026 Season/Summer Playoffs,5,Karmine Corp,GIANTX,elo,sweep_team2,0.0203,2026-09-05 09:36:53.522770+00:00,5.39,,0.0,3.0,1.0,2026-09-05 23:20:31.061390+00:00
CBLOL/2026 Season/Split 2 Playoffs_Round 1_1,2026-09-05 16:00:00+00:00,CBLOL/2026 Season/Split 2 Playoffs,5,Vivo Keyd Stars,paiN Gaming,lolcast,series,0.7622,2026-09-05 09:36:53.522770+00:00,6.39,,0.0,1.0,3.0,2026-09-05 23:20:31.061390+00:00
CBLOL/2026 Season/Split 2 Playoffs_Round 1_1,2026-09-05 16:00:00+00:00,CBLOL/2026 Season/Split 2 Playoffs,5,Vivo Keyd Stars,paiN Gaming,elo,series,0.702,2026-09-05 09:36:53.522770+00:00,6.39,,0.0,1.0,3.0,2026-09-05 23:20:31.061390+00:00
CBLOL/2026 Season/Split 2 Playoffs_Round 1_1,2026-09-05 16:00:00+00:00,CBLOL/2026 Season/Split 2 Playoffs,5,Vivo Keyd Stars,paiN Gaming,polymarket,series,0.595,2026-09-05 09:36:53.522770+00:00,6.39,12701.1964,0.0,1.0,3.0,2026-09-05 23:20:31.061390+00:00
CBLOL/2026 Season/Split 2 Playoffs_Round 1_1,2026-09-05 16:00:00+00:00,CBLOL/2026 Season/Split 2 Playoffs,5,Vivo Keyd Stars,paiN Gaming,lolcast,sweep_team1,0.2537,2026-09-05 09:36:53.522770+00:00,6.39,,0.0,1.0,3.0,2026-09-05 23:20:31.061390+00:00
CBLOL/2026 Season/Split 2 Playoffs_Round 1_1,2026-09-05 16:00:00+00:00,CBLOL/2026 Season/Split 2 Playoffs,5,Vivo Keyd Stars,paiN Gaming,elo,sweep_team1,0.2203,2026-09-05 09:36:53.522770+00:00,6.39,,0.0,1.0,3.0,2026-09-05 23:20:31.061390+00:00
CBLOL/2026 Season/Split 2 Playoffs_Round 1_1,2026-09-05 16:00:00+00:00,CBLOL/2026 Season/Split 2 Playoffs,5,Vivo Keyd Stars,paiN Gaming,lolcast,sweep_team2,0.0381,2026-09-05 09:36:53.522770+00:00,6.39,,0.0,1.0,3.0,2026-09-05 23:20:31.061390+00:00
CBLOL/2026 Season/Split 2 Playoffs_Round 1_1,2026-09-05 16:00:00+00:00,CBLOL/2026 Season/Split 2 Playoffs,5,Vivo Keyd Stars,paiN Gaming,elo,sweep_team2,0.0554,2026-09-05 09:36:53.522770+00:00,6.39,,0.0,1.0,3.0,2026-09-05 23:20:31.061390+00:00
LCS/2026 Season/Summer Season_Week 7_1,2026-09-05 20:00:00+00:00,LCS/2026 Season/Summer Season,3,Sentinels,Cloud9,lolcast,series,0.3869,2026-09-05 09:36:53.522770+00:00,10.39,,0.0,0.0,2.0,2026-09-05 23:20:31.061390+00:00
LCS/2026 Season/Summer Season_Week 7_1,2026-09-05 20:00:00+00:00,LCS/2026 Season/Summer Season,3,Sentinels,Cloud9,elo,series,0.4145,2026-09-05 09:36:53.522770+00:00,10.39,,0.0,0.0,2.0,2026-09-05 23:20:31.061390+00:00
LCS/2026 Season/Summer Season_Week 7_1,2026-09-05 20:00:00+00:00,LCS/2026 Season/Summer Season,3,Sentinels,Cloud9,polymarket,series,0.425,2026-09-05 09:36:53.522770+00:00,10.39,17953.5501,0.0,0.0,2.0,2026-09-05 23:20:31.061390+00:00
LCS/2026 Season/Summer Season_Week 7_1,2026-09-05 20:00:00+00:00,LCS/2026 Season/Summer Season,3,Sentinels,Cloud9,lolcast,sweep_team1,0.1678,2026-09-05 09:36:53.522770+00:00,10.39,,0.0,0.0,2.0,2026-09-05 23:20:31.061390+00:00
LCS/2026 Season/Summer Season_Week 7_1,2026-09-05 20:00:00+00:00,LCS/2026 Season/Summer Season,3,Sentinels,Cloud9,elo,sweep_team1,0.1909,2026-09-05 09:36:53.522770+00:00,10.39,,0.0,0.0,2.0,2026-09-05 23:20:31.061390+00:00
LCS/2026 Season/Summer Season_Week 7_1,2026-09-05 20:00:00+00:00,LCS/2026 Season/Summer Season,3,Sentinels,Cloud9,lolcast,sweep_team2,0.3153,2026-09-05 09:36:53.522770+00:00,10.39,,1.0,0.0,2.0,2026-09-05 23:20:31.061390+00:00
LCS/2026 Season/Summer Season_Week 7_1,2026-09-05 20:00:00+00:00,LCS/2026 Season/Summer Season,3,Sentinels,Cloud9,elo,sweep_team2,0.3041,2026-09-05 09:36:53.522770+00:00,10.39,,1.0,0.0,2.0,2026-09-05 23:20:31.061390+00:00
LCS/2026 Season/Summer Season_Week 7_2,2026-09-05 23:00:00+00:00,LCS/2026 Season/Summer Season,3,Dignitas,Team Liquid,lolcast,series,0.0647,2026-09-05 09:36:53.522770+00:00,13.39,,0.0,0.0,2.0,2026-09-05 23:20:31.061390+00:00
LCS/2026 Season/Summer Season_Week 7_2,2026-09-05 23:00:00+00:00,LCS/2026 Season/Summer Season,3,Dignitas,Team Liquid,elo,series,0.0749,2026-09-05 09:36:53.522770+00:00,13.39,,0.0,0.0,2.0,2026-09-05 23:20:31.061390+00:00
LCS/2026 Season/Summer Season_Week 7_2,2026-09-05 23:00:00+00:00,LCS/2026 Season/Summer Season,3,Dignitas,Team Liquid,polymarket,series,0.135,2026-09-05 09:36:53.522770+00:00,13.39,16705.7183,0.0,0.0,2.0,2026-09-05 23:20:31.061390+00:00
LCS/2026 Season/Summer Season_Week 7_2,2026-09-05 23:00:00+00:00,LCS/2026 Season/Summer Season,3,Dignitas,Team Liquid,lolcast,sweep_team1,0.0213,2026-09-05 09:36:53.522770+00:00,13.39,,0.0,0.0,2.0,2026-09-05 23:20:31.061390+00:00
LCS/2026 Season/Summer Season_Week 7_2,2026-09-05 23:00:00+00:00,LCS/2026 Season/Summer Season,3,Dignitas,Team Liquid,elo,sweep_team1,0.0271,2026-09-05 09:36:53.522770+00:00,13.39,,0.0,0.0,2.0,2026-09-05 23:20:31.061390+00:00
LCS/2026 Season/Summer Season_Week 7_2,2026-09-05 23:00:00+00:00,LCS/2026 Season/Summer Season,3,Dignitas,Team Liquid,lolcast,sweep_team2,0.6979,2026-09-05 09:36:53.522770+00:00,13.39,,1.0,0.0,2.0,2026-09-05 23:20:31.061390+00:00
LCS/2026 Season/Summer Season_Week 7_2,2026-09-05 23:00:00+00:00,LCS/2026 Season/Summer Season,3,Dignitas,Team Liquid,elo,sweep_team2,0.6873,2026-09-05 09:36:53.522770+00:00,13.39,,1.0,0.0,2.0,2026-09-05 23:20:31.061390+00:00
LCK/2026 Season/Season Playoffs_Round 3_1,2026-09-06 08:00:00+00:00,LCK/2026 Season/Season Playoffs,5,T1,Dplus Kia,lolcast,series,0.4882,2026-09-05 09:36:53.522770+00:00,22.39,,1.0,3.0,1.0,2026-09-06 23:07:56.780111+00:00
LCK/2026 Season/Season Playoffs_Round 3_1,2026-09-06 08:00:00+00:00,LCK/2026 Season/Season Playoffs,5,T1,Dplus Kia,elo,series,0.4936,2026-09-05 09:36:53.522770+00:00,22.39,,1.0,3.0,1.0,2026-09-06 23:07:56.780111+00:00
LCK/2026 Season/Season Playoffs_Round 3_1,2026-09-06 08:00:00+00:00,LCK/2026 Season/Season Playoffs,5,T1,Dplus Kia,polymarket,series,0.475,2026-09-05 09:36:53.522770+00:00,22.39,7529.939,1.0,3.0,1.0,2026-09-06 23:07:56.780111+00:00
LCK/2026 Season/Season Playoffs_Round 3_1,2026-09-06 08:00:00+00:00,LCK/2026 Season/Season Playoffs,5,T1,Dplus Kia,lolcast,sweep_team1,0.1054,2026-09-05 09:36:53.522770+00:00,22.39,,0.0,3.0,1.0,2026-09-06 23:07:56.780111+00:00
LCK/2026 Season/Season Playoffs_Round 3_1,2026-09-06 08:00:00+00:00,LCK/2026 Season/Season Playoffs,5,T1,Dplus Kia,elo,sweep_team1,0.1168,2026-09-05 09:36:53.522770+00:00,22.39,,0.0,3.0,1.0,2026-09-06 23:07:56.780111+00:00
LCK/2026 Season/Season Playoffs_Round 3_1,2026-09-06 08:00:00+00:00,LCK/2026 Season/Season Playoffs,5,T1,Dplus Kia,lolcast,sweep_team2,0.1141,2026-09-05 09:36:53.522770+00:00,22.39,,0.0,3.0,1.0,2026-09-06 23:07:56.780111+00:00
LCK/2026 Season/Season Playoffs_Round 3_1,2026-09-06 08:00:00+00:00,LCK/2026 Season/Season Playoffs,5,T1,Dplus Kia,elo,sweep_team2,0.1217,2026-09-05 09:36:53.522770+00:00,22.39,,0.0,3.0,1.0,2026-09-06 23:07:56.780111+00:00
CBLOL/2026 Season/Split 2 Playoffs_Round 1_2,2026-09-06 16:00:00+00:00,CBLOL/2026 Season/Split 2 Playoffs,5,FURIA,RED Canids,lolcast,series,0.8722,2026-09-05 09:36:53.522770+00:00,30.39,,1.0,3.0,0.0,2026-09-06 23:07:56.780111+00:00
CBLOL/2026 Season/Split 2 Playoffs_Round 1_2,2026-09-06 16:00:00+00:00,CBLOL/2026 Season/Split 2 Playoffs,5,FURIA,RED Canids,elo,series,0.8133,2026-09-05 09:36:53.522770+00:00,30.39,,1.0,3.0,0.0,2026-09-06 23:07:56.780111+00:00
CBLOL/2026 Season/Split 2 Playoffs_Round 1_2,2026-09-06 16:00:00+00:00,CBLOL/2026 Season/Split 2 Playoffs,5,FURIA,RED Canids,polymarket,series,0.515,2026-09-05 09:36:53.522770+00:00,30.39,812.747,1.0,3.0,0.0,2026-09-06 23:07:56.780111+00:00
CBLOL/2026 Season/Split 2 Playoffs_Round 1_2,2026-09-06 16:00:00+00:00,CBLOL/2026 Season/Split 2 Playoffs,5,FURIA,RED Canids,lolcast,sweep_team1,0.3651,2026-09-05 09:36:53.522770+00:00,30.39,,1.0,3.0,0.0,2026-09-06 23:07:56.780111+00:00
CBLOL/2026 Season/Split 2 Playoffs_Round 1_2,2026-09-06 16:00:00+00:00,CBLOL/2026 Season/Split 2 Playoffs,5,FURIA,RED Canids,elo,sweep_team1,0.3088,2026-09-05 09:36:53.522770+00:00,30.39,,1.0,3.0,0.0,2026-09-06 23:07:56.780111+00:00
CBLOL/2026 Season/Split 2 Playoffs_Round 1_2,2026-09-06 16:00:00+00:00,CBLOL/2026 Season/Split 2 Playoffs,5,FURIA,RED Canids,lolcast,sweep_team2,0.0173,2026-09-05 09:36:53.522770+00:00,30.39,,0.0,3.0,0.0,2026-09-06 23:07:56.780111+00:00
CBLOL/2026 Season/Split 2 Playoffs_Round 1_2,2026-09-06 16:00:00+00:00,CBLOL/2026 Season/Split 2 Playoffs,5,FURIA,RED Canids,elo,sweep_team2,0.03,2026-09-05 09:36:53.522770+00:00,30.39,,0.0,3.0,0.0,2026-09-06 23:07:56.780111+00:00
LCS/2026 Season/Summer Season_Week 7_3,2026-09-06 20:00:00+00:00,LCS/2026 Season/Summer Season,3,FlyQuest,Shopify Rebellion,lolcast,series,0.6075,2026-09-05 09:36:53.522770+00:00,34.39,,1.0,2.0,0.0,2026-09-06 23:07:56.780111+00:00
LCS/2026 Season/Summer Season_Week 7_3,2026-09-06 20:00:00+00:00,LCS/2026 Season/Summer Season,3,FlyQuest,Shopify Rebellion,elo,series,0.6108,2026-09-05 09:36:53.522770+00:00,34.39,,1.0,2.0,0.0,2026-09-06 23:07:56.780111+00:00
LCS/2026 Season/Summer Season_Week 7_3,2026-09-06 20:00:00+00:00,LCS/2026 Season/Summer Season,3,FlyQuest,Shopify Rebellion,polymarket,series,0.575,2026-09-05 09:36:53.522770+00:00,34.39,1105.8617,1.0,2.0,0.0,2026-09-06 23:07:56.780111+00:00
LCS/2026 Season/Summer Season_Week 7_3,2026-09-06 20:00:00+00:00,LCS/2026 Season/Summer Season,3,FlyQuest,Shopify Rebellion,lolcast,sweep_team1,0.3123,2026-09-05 09:36:53.522770+00:00,34.39,,1.0,2.0,0.0,2026-09-06 23:07:56.780111+00:00
LCS/2026 Season/Summer Season_Week 7_3,2026-09-06 20:00:00+00:00,LCS/2026 Season/Summer Season,3,FlyQuest,Shopify Rebellion,elo,sweep_team1,0.3234,2026-09-05 09:36:53.522770+00:00,34.39,,1.0,2.0,0.0,2026-09-06 23:07:56.780111+00:00
LCS/2026 Season/Summer Season_Week 7_3,2026-09-06 20:00:00+00:00,LCS/2026 Season/Summer Season,3,FlyQuest,Shopify Rebellion,lolcast,sweep_team2,0.1718,2026-09-05 09:36:53.522770+00:00,34.39,,0.0,2.0,0.0,2026-09-06 23:07:56.780111+00:00
LCS/2026 Season/Summer Season_Week 7_3,2026-09-06 20:00:00+00:00,LCS/2026 Season/Summer Season,3,FlyQuest,Shopify Rebellion,elo,sweep_team2,0.1763,2026-09-05 09:36:53.522770+00:00,34.39,,0.0,2.0,0.0,2026-09-06 23:07:56.780111+00:00
LCS/2026 Season/Summer Season_Week 7_4,2026-09-06 23:00:00+00:00,LCS/2026 Season/Summer Season,3,Disguised,LYON (2024 American Team),lolcast,series,0.0445,2026-09-05 09:36:53.522770+00:00,37.39,,0.0,0.0,2.0,2026-09-06 23:07:56.780111+00:00
LCS/2026 Season/Summer Season_Week 7_4,2026-09-06 23:00:00+00:00,LCS/2026 Season/Summer Season,3,Disguised,LYON (2024 American Team),elo,series,0.064,2026-09-05 09:36:53.522770+00:00,37.39,,0.0,0.0,2.0,2026-09-06 23:07:56.780111+00:00
LCS/2026 Season/Summer Season_Week 7_4,2026-09-06 23:00:00+00:00,LCS/2026 Season/Summer Season,3,Disguised,LYON (2024 American Team),polymarket,series,0.14,2026-09-05 09:36:53.522770+00:00,37.39,1479.8508,0.0,0.0,2.0,2026-09-06 23:07:56.780111+00:00
LCS/2026 Season/Summer Season_Week 7_4,2026-09-06 23:00:00+00:00,LCS/2026 Season/Summer Season,3,Disguised,LYON (2024 American Team),lolcast,sweep_team1,0.0146,2026-09-05 09:36:53.522770+00:00,37.39,,0.0,0.0,2.0,2026-09-06 23:07:56.780111+00:00
LCS/2026 Season/Summer Season_Week 7_4,2026-09-06 23:00:00+00:00,LCS/2026 Season/Summer Season,3,Disguised,LYON (2024 American Team),elo,sweep_team1,0.0228,2026-09-05 09:36:53.522770+00:00,37.39,,0.0,0.0,2.0,2026-09-06 23:07:56.780111+00:00
LCS/2026 Season/Summer Season_Week 7_4,2026-09-06 23:00:00+00:00,LCS/2026 Season/Summer Season,3,Disguised,LYON (2024 American Team),lolcast,sweep_team2,0.7498,2026-09-05 09:36:53.522770+00:00,37.39,,1.0,0.0,2.0,2026-09-06 23:07:56.780111+00:00
LCS/2026 Season/Summer Season_Week 7_4,2026-09-06 23:00:00+00:00,LCS/2026 Season/Summer Season,3,Disguised,LYON (2024 American Team),elo,sweep_team2,0.7102,2026-09-05 09:36:53.522770+00:00,37.39,,1.0,0.0,2.0,2026-09-06 23:07:56.780111+00:00
LPL/2026 Season/Grand Finals_Round 4_1,2026-09-07 09:00:00+00:00,LPL/2026 Season/Grand Finals,5,Anyone's Legend,Bilibili Gaming,lolcast,series,0.2078,2026-09-05 09:36:53.522770+00:00,47.39,,0.0,0.0,3.0,2026-09-07 11:41:37.670117+00:00
LPL/2026 Season/Grand Finals_Round 4_1,2026-09-07 09:00:00+00:00,LPL/2026 Season/Grand Finals,5,Anyone's Legend,Bilibili Gaming,elo,series,0.2241,2026-09-05 09:36:53.522770+00:00,47.39,,0.0,0.0,3.0,2026-09-07 11:41:37.670117+00:00
LPL/2026 Season/Grand Finals_Round 4_1,2026-09-07 09:00:00+00:00,LPL/2026 Season/Grand Finals,5,Anyone's Legend,Bilibili Gaming,polymarket,series,0.37,2026-09-05 09:36:53.522770+00:00,47.39,1318.6887,0.0,0.0,3.0,2026-09-07 11:41:37.670117+00:00
LPL/2026 Season/Grand Finals_Round 4_1,2026-09-07 09:00:00+00:00,LPL/2026 Season/Grand Finals,5,Anyone's Legend,Bilibili Gaming,lolcast,sweep_team1,0.0317,2026-09-05 09:36:53.522770+00:00,47.39,,0.0,0.0,3.0,2026-09-07 11:41:37.670117+00:00
LPL/2026 Season/Grand Finals_Round 4_1,2026-09-07 09:00:00+00:00,LPL/2026 Season/Grand Finals,5,Anyone's Legend,Bilibili Gaming,elo,sweep_team1,0.0379,2026-09-05 09:36:53.522770+00:00,47.39,,0.0,0.0,3.0,2026-09-07 11:41:37.670117+00:00
LPL/2026 Season/Grand Finals_Round 4_1,2026-09-07 09:00:00+00:00,LPL/2026 Season/Grand Finals,5,Anyone's Legend,Bilibili Gaming,lolcast,sweep_team2,0.2779,2026-09-05 09:36:53.522770+00:00,47.39,,1.0,0.0,3.0,2026-09-07 11:41:37.670117+00:00
LPL/2026 Season/Grand Finals_Round 4_1,2026-09-07 09:00:00+00:00,LPL/2026 Season/Grand Finals,5,Anyone's Legend,Bilibili Gaming,elo,sweep_team2,0.2748,2026-09-05 09:36:53.522770+00:00,47.39,,1.0,0.0,3.0,2026-09-07 11:41:37.670117+00:00
North American Challengers League/2026 Season/Summer Playoffs_Round 2_4,2026-09-07 17:00:00+00:00,North American Challengers League/2026 Season/Summer Playoffs,5,NRG,Conviction,lolcast,series,0.467,2026-09-05 09:36:53.522770+00:00,55.39,,1.0,3.0,2.0,2026-09-08 10:14:32.749756+00:00
North American Challengers League/2026 Season/Summer Playoffs_Round 2_4,2026-09-07 17:00:00+00:00,North American Challengers League/2026 Season/Summer Playoffs,5,NRG,Conviction,elo,series,0.3316,2026-09-05 09:36:53.522770+00:00,55.39,,1.0,3.0,2.0,2026-09-08 10:14:32.749756+00:00
North American Challengers League/2026 Season/Summer Playoffs_Round 2_4,2026-09-07 17:00:00+00:00,North American Challengers League/2026 Season/Summer Playoffs,5,NRG,Conviction,lolcast,sweep_team1,0.0995,2026-09-05 09:36:53.522770+00:00,55.39,,0.0,3.0,2.0,2026-09-08 10:14:32.749756+00:00
North American Challengers League/2026 Season/Summer Playoffs_Round 2_4,2026-09-07 17:00:00+00:00,North American Challengers League/2026 Season/Summer Playoffs,5,NRG,Conviction,elo,sweep_team1,0.0643,2026-09-05 09:36:53.522770+00:00,55.39,,0.0,3.0,2.0,2026-09-08 10:14:32.749756+00:00
North American Challengers League/2026 Season/Summer Playoffs_Round 2_4,2026-09-07 17:00:00+00:00,North American Challengers League/2026 Season/Summer Playoffs,5,NRG,Conviction,lolcast,sweep_team2,0.1239,2026-09-05 09:36:53.522770+00:00,55.39,,0.0,3.0,2.0,2026-09-08 10:14:32.749756+00:00
North American Challengers League/2026 Season/Summer Playoffs_Round 2_4,2026-09-07 17:00:00+00:00,North American Challengers League/2026 Season/Summer Playoffs,5,NRG,Conviction,elo,sweep_team2,0.1995,2026-09-05 09:36:53.522770+00:00,55.39,,0.0,3.0,2.0,2026-09-08 10:14:32.749756+00:00
LPL/2026 Season/Grand Finals_Round 2_3,2026-09-06 06:00:00+00:00,LPL/2026 Season/Grand Finals,5,Invictus Gaming,Team WE,lolcast,series,0.535,2026-09-05 23:20:32.634962+00:00,6.66,,1.0,3.0,1.0,2026-09-06 09:51:49.097677+00:00
LPL/2026 Season/Grand Finals_Round 2_3,2026-09-06 06:00:00+00:00,LPL/2026 Season/Grand Finals,5,Invictus Gaming,Team WE,elo,series,0.4955,2026-09-05 23:20:32.634962+00:00,6.66,,1.0,3.0,1.0,2026-09-06 09:51:49.097677+00:00
LPL/2026 Season/Grand Finals_Round 2_3,2026-09-06 06:00:00+00:00,LPL/2026 Season/Grand Finals,5,Invictus Gaming,Team WE,polymarket,series,0.555,2026-09-05 23:20:32.634962+00:00,6.66,38087.748,1.0,3.0,1.0,2026-09-06 09:51:49.097677+00:00
LPL/2026 Season/Grand Finals_Round 2_3,2026-09-06 06:00:00+00:00,LPL/2026 Season/Grand Finals,5,Invictus Gaming,Team WE,lolcast,sweep_team1,0.1279,2026-09-05 23:20:32.634962+00:00,6.66,,0.0,3.0,1.0,2026-09-06 09:51:49.097677+00:00
LPL/2026 Season/Grand Finals_Round 2_3,2026-09-06 06:00:00+00:00,LPL/2026 Season/Grand Finals,5,Invictus Gaming,Team WE,elo,sweep_team1,0.1176,2026-09-05 23:20:32.634962+00:00,6.66,,0.0,3.0,1.0,2026-09-06 09:51:49.097677+00:00
LPL/2026 Season/Grand Finals_Round 2_3,2026-09-06 06:00:00+00:00,LPL/2026 Season/Grand Finals,5,Invictus Gaming,Team WE,lolcast,sweep_team2,0.1015,2026-09-05 23:20:32.634962+00:00,6.66,,0.0,3.0,1.0,2026-09-06 09:51:49.097677+00:00
LPL/2026 Season/Grand Finals_Round 2_3,2026-09-06 06:00:00+00:00,LPL/2026 Season/Grand Finals,5,Invictus Gaming,Team WE,elo,sweep_team2,0.1211,2026-09-05 23:20:32.634962+00:00,6.66,,0.0,3.0,1.0,2026-09-06 09:51:49.097677+00:00
LCK/2026 Season/Season Playoffs_Round 3_1,2026-09-06 08:00:00+00:00,LCK/2026 Season/Season Playoffs,5,T1,Dplus Kia,lolcast,series,0.4548,2026-09-05 23:20:32.634962+00:00,8.66,,1.0,3.0,1.0,2026-09-06 23:07:56.780111+00:00
LCK/2026 Season/Season Playoffs_Round 3_1,2026-09-06 08:00:00+00:00,LCK/2026 Season/Season Playoffs,5,T1,Dplus Kia,elo,series,0.4937,2026-09-05 23:20:32.634962+00:00,8.66,,1.0,3.0,1.0,2026-09-06 23:07:56.780111+00:00
LCK/2026 Season/Season Playoffs_Round 3_1,2026-09-06 08:00:00+00:00,LCK/2026 Season/Season Playoffs,5,T1,Dplus Kia,polymarket,series,0.555,2026-09-05 23:20:32.634962+00:00,8.66,36733.4561,1.0,3.0,1.0,2026-09-06 23:07:56.780111+00:00
LCK/2026 Season/Season Playoffs_Round 3_1,2026-09-06 08:00:00+00:00,LCK/2026 Season/Season Playoffs,5,T1,Dplus Kia,lolcast,sweep_team1,0.0961,2026-09-05 23:20:32.634962+00:00,8.66,,0.0,3.0,1.0,2026-09-06 23:07:56.780111+00:00
LCK/2026 Season/Season Playoffs_Round 3_1,2026-09-06 08:00:00+00:00,LCK/2026 Season/Season Playoffs,5,T1,Dplus Kia,elo,sweep_team1,0.1169,2026-09-05 23:20:32.634962+00:00,8.66,,0.0,3.0,1.0,2026-09-06 23:07:56.780111+00:00
LCK/2026 Season/Season Playoffs_Round 3_1,2026-09-06 08:00:00+00:00,LCK/2026 Season/Season Playoffs,5,T1,Dplus Kia,lolcast,sweep_team2,0.1298,2026-09-05 23:20:32.634962+00:00,8.66,,0.0,3.0,1.0,2026-09-06 23:07:56.780111+00:00
LCK/2026 Season/Season Playoffs_Round 3_1,2026-09-06 08:00:00+00:00,LCK/2026 Season/Season Playoffs,5,T1,Dplus Kia,elo,sweep_team2,0.1218,2026-09-05 23:20:32.634962+00:00,8.66,,0.0,3.0,1.0,2026-09-06 23:07:56.780111+00:00
LPL/2026 Season/Grand Finals_Round 2_4,2026-09-06 09:00:00+00:00,LPL/2026 Season/Grand Finals,5,Ninjas in Pyjamas.CN,LGD Gaming,lolcast,series,0.7787,2026-09-05 23:20:32.634962+00:00,9.66,,0.0,2.0,3.0,2026-09-06 23:07:56.780111+00:00
LPL/2026 Season/Grand Finals_Round 2_4,2026-09-06 09:00:00+00:00,LPL/2026 Season/Grand Finals,5,Ninjas in Pyjamas.CN,LGD Gaming,elo,series,0.7364,2026-09-05 23:20:32.634962+00:00,9.66,,0.0,2.0,3.0,2026-09-06 23:07:56.780111+00:00
LPL/2026 Season/Grand Finals_Round 2_4,2026-09-06 09:00:00+00:00,LPL/2026 Season/Grand Finals,5,Ninjas in Pyjamas.CN,LGD Gaming,polymarket,series,0.585,2026-09-05 23:20:32.634962+00:00,9.66,34712.3102,0.0,2.0,3.0,2026-09-06 23:07:56.780111+00:00
LPL/2026 Season/Grand Finals_Round 2_4,2026-09-06 09:00:00+00:00,LPL/2026 Season/Grand Finals,5,Ninjas in Pyjamas.CN,LGD Gaming,lolcast,sweep_team1,0.2662,2026-09-05 23:20:32.634962+00:00,9.66,,0.0,2.0,3.0,2026-09-06 23:07:56.780111+00:00
LPL/2026 Season/Grand Finals_Round 2_4,2026-09-06 09:00:00+00:00,LPL/2026 Season/Grand Finals,5,Ninjas in Pyjamas.CN,LGD Gaming,elo,sweep_team1,0.2441,2026-09-05 23:20:32.634962+00:00,9.66,,0.0,2.0,3.0,2026-09-06 23:07:56.780111+00:00
LPL/2026 Season/Grand Finals_Round 2_4,2026-09-06 09:00:00+00:00,LPL/2026 Season/Grand Finals,5,Ninjas in Pyjamas.CN,LGD Gaming,lolcast,sweep_team2,0.0345,2026-09-05 23:20:32.634962+00:00,9.66,,0.0,2.0,3.0,2026-09-06 23:07:56.780111+00:00
LPL/2026 Season/Grand Finals_Round 2_4,2026-09-06 09:00:00+00:00,LPL/2026 Season/Grand Finals,5,Ninjas in Pyjamas.CN,LGD Gaming,elo,sweep_team2,0.047,2026-09-05 23:20:32.634962+00:00,9.66,,0.0,2.0,3.0,2026-09-06 23:07:56.780111+00:00
LEC/2026 Season/Summer Playoffs_Round 3_1,2026-09-06 15:00:00+00:00,LEC/2026 Season/Summer Playoffs,5,Karmine Corp,G2 Esports,lolcast,series,0.6515,2026-09-05 23:20:32.634962+00:00,15.66,,0.0,1.0,3.0,2026-09-06 23:07:56.780111+00:00
LEC/2026 Season/Summer Playoffs_Round 3_1,2026-09-06 15:00:00+00:00,LEC/2026 Season/Summer Playoffs,5,Karmine Corp,G2 Esports,elo,series,0.6156,2026-09-05 23:20:32.634962+00:00,15.66,,0.0,1.0,3.0,2026-09-06 23:07:56.780111+00:00
LEC/2026 Season/Summer Playoffs_Round 3_1,2026-09-06 15:00:00+00:00,LEC/2026 Season/Summer Playoffs,5,Karmine Corp,G2 Esports,polymarket,series,0.515,2026-09-05 23:20:32.634962+00:00,15.66,26031.8389,0.0,1.0,3.0,2026-09-06 23:07:56.780111+00:00
LEC/2026 Season/Summer Playoffs_Round 3_1,2026-09-06 15:00:00+00:00,LEC/2026 Season/Summer Playoffs,5,Karmine Corp,G2 Esports,lolcast,sweep_team1,0.1815,2026-09-05 23:20:32.634962+00:00,15.66,,0.0,1.0,3.0,2026-09-06 23:07:56.780111+00:00
LEC/2026 Season/Summer Playoffs_Round 3_1,2026-09-06 15:00:00+00:00,LEC/2026 Season/Summer Playoffs,5,Karmine Corp,G2 Esports,elo,sweep_team1,0.1707,2026-09-05 23:20:32.634962+00:00,15.66,,0.0,1.0,3.0,2026-09-06 23:07:56.780111+00:00
LEC/2026 Season/Summer Playoffs_Round 3_1,2026-09-06 15:00:00+00:00,LEC/2026 Season/Summer Playoffs,5,Karmine Corp,G2 Esports,lolcast,sweep_team2,0.0649,2026-09-05 23:20:32.634962+00:00,15.66,,0.0,1.0,3.0,2026-09-06 23:07:56.780111+00:00
LEC/2026 Season/Summer Playoffs_Round 3_1,2026-09-06 15:00:00+00:00,LEC/2026 Season/Summer Playoffs,5,Karmine Corp,G2 Esports,elo,sweep_team2,0.0796,2026-09-05 23:20:32.634962+00:00,15.66,,0.0,1.0,3.0,2026-09-06 23:07:56.780111+00:00
CBLOL/2026 Season/Split 2 Playoffs_Round 1_2,2026-09-06 16:00:00+00:00,CBLOL/2026 Season/Split 2 Playoffs,5,FURIA,RED Canids,lolcast,series,0.8786,2026-09-05 23:20:32.634962+00:00,16.66,,1.0,3.0,0.0,2026-09-06 23:07:56.780111+00:00
CBLOL/2026 Season/Split 2 Playoffs_Round 1_2,2026-09-06 16:00:00+00:00,CBLOL/2026 Season/Split 2 Playoffs,5,FURIA,RED Canids,elo,series,0.8133,2026-09-05 23:20:32.634962+00:00,16.66,,1.0,3.0,0.0,2026-09-06 23:07:56.780111+00:00
CBLOL/2026 Season/Split 2 Playoffs_Round 1_2,2026-09-06 16:00:00+00:00,CBLOL/2026 Season/Split 2 Playoffs,5,FURIA,RED Canids,polymarket,series,0.725,2026-09-05 23:20:32.634962+00:00,16.66,7143.44,1.0,3.0,0.0,2026-09-06 23:07:56.780111+00:00
CBLOL/2026 Season/Split 2 Playoffs_Round 1_2,2026-09-06 16:00:00+00:00,CBLOL/2026 Season/Split 2 Playoffs,5,FURIA,RED Canids,lolcast,sweep_team1,0.3755,2026-09-05 23:20:32.634962+00:00,16.66,,1.0,3.0,0.0,2026-09-06 23:07:56.780111+00:00
CBLOL/2026 Season/Split 2 Playoffs_Round 1_2,2026-09-06 16:00:00+00:00,CBLOL/2026 Season/Split 2 Playoffs,5,FURIA,RED Canids,elo,sweep_team1,0.309,2026-09-05 23:20:32.634962+00:00,16.66,,1.0,3.0,0.0,2026-09-06 23:07:56.780111+00:00
CBLOL/2026 Season/Split 2 Playoffs_Round 1_2,2026-09-06 16:00:00+00:00,CBLOL/2026 Season/Split 2 Playoffs,5,FURIA,RED Canids,lolcast,sweep_team2,0.0164,2026-09-05 23:20:32.634962+00:00,16.66,,0.0,3.0,0.0,2026-09-06 23:07:56.780111+00:00
CBLOL/2026 Season/Split 2 Playoffs_Round 1_2,2026-09-06 16:00:00+00:00,CBLOL/2026 Season/Split 2 Playoffs,5,FURIA,RED Canids,elo,sweep_team2,0.03,2026-09-05 23:20:32.634962+00:00,16.66,,0.0,3.0,0.0,2026-09-06 23:07:56.780111+00:00
LCS/2026 Season/Summer Season_Week 7_3,2026-09-06 20:00:00+00:00,LCS/2026 Season/Summer Season,3,FlyQuest,Shopify Rebellion,lolcast,series,0.616,2026-09-05 23:20:32.634962+00:00,20.66,,1.0,2.0,0.0,2026-09-06 23:07:56.780111+00:00
LCS/2026 Season/Summer Season_Week 7_3,2026-09-06 20:00:00+00:00,LCS/2026 Season/Summer Season,3,FlyQuest,Shopify Rebellion,elo,series,0.6107,2026-09-05 23:20:32.634962+00:00,20.66,,1.0,2.0,0.0,2026-09-06 23:07:56.780111+00:00
LCS/2026 Season/Summer Season_Week 7_3,2026-09-06 20:00:00+00:00,LCS/2026 Season/Summer Season,3,FlyQuest,Shopify Rebellion,polymarket,series,0.6,2026-09-05 23:20:32.634962+00:00,20.66,10855.5956,1.0,2.0,0.0,2026-09-06 23:07:56.780111+00:00
LCS/2026 Season/Summer Season_Week 7_3,2026-09-06 20:00:00+00:00,LCS/2026 Season/Summer Season,3,FlyQuest,Shopify Rebellion,lolcast,sweep_team1,0.3195,2026-09-05 23:20:32.634962+00:00,20.66,,1.0,2.0,0.0,2026-09-06 23:07:56.780111+00:00
LCS/2026 Season/Summer Season_Week 7_3,2026-09-06 20:00:00+00:00,LCS/2026 Season/Summer Season,3,FlyQuest,Shopify Rebellion,elo,sweep_team1,0.3234,2026-09-05 23:20:32.634962+00:00,20.66,,1.0,2.0,0.0,2026-09-06 23:07:56.780111+00:00
LCS/2026 Season/Summer Season_Week 7_3,2026-09-06 20:00:00+00:00,LCS/2026 Season/Summer Season,3,FlyQuest,Shopify Rebellion,lolcast,sweep_team2,0.1676,2026-09-05 23:20:32.634962+00:00,20.66,,0.0,2.0,0.0,2026-09-06 23:07:56.780111+00:00
LCS/2026 Season/Summer Season_Week 7_3,2026-09-06 20:00:00+00:00,LCS/2026 Season/Summer Season,3,FlyQuest,Shopify Rebellion,elo,sweep_team2,0.1764,2026-09-05 23:20:32.634962+00:00,20.66,,0.0,2.0,0.0,2026-09-06 23:07:56.780111+00:00
LCS/2026 Season/Summer Season_Week 7_4,2026-09-06 23:00:00+00:00,LCS/2026 Season/Summer Season,3,Disguised,LYON (2024 American Team),lolcast,series,0.0552,2026-09-05 23:20:32.634962+00:00,23.66,,0.0,0.0,2.0,2026-09-06 23:07:56.780111+00:00
LCS/2026 Season/Summer Season_Week 7_4,2026-09-06 23:00:00+00:00,LCS/2026 Season/Summer Season,3,Disguised,LYON (2024 American Team),elo,series,0.0639,2026-09-05 23:20:32.634962+00:00,23.66,,0.0,0.0,2.0,2026-09-06 23:07:56.780111+00:00
LCS/2026 Season/Summer Season_Week 7_4,2026-09-06 23:00:00+00:00,LCS/2026 Season/Summer Season,3,Disguised,LYON (2024 American Team),polymarket,series,0.14,2026-09-05 23:20:32.634962+00:00,23.66,4253.5145,0.0,0.0,2.0,2026-09-06 23:07:56.780111+00:00
LCS/2026 Season/Summer Season_Week 7_4,2026-09-06 23:00:00+00:00,LCS/2026 Season/Summer Season,3,Disguised,LYON (2024 American Team),lolcast,sweep_team1,0.0204,2026-09-05 23:20:32.634962+00:00,23.66,,0.0,0.0,2.0,2026-09-06 23:07:56.780111+00:00
LCS/2026 Season/Summer Season_Week 7_4,2026-09-06 23:00:00+00:00,LCS/2026 Season/Summer Season,3,Disguised,LYON (2024 American Team),elo,sweep_team1,0.0228,2026-09-05 23:20:32.634962+00:00,23.66,,0.0,0.0,2.0,2026-09-06 23:07:56.780111+00:00
LCS/2026 Season/Summer Season_Week 7_4,2026-09-06 23:00:00+00:00,LCS/2026 Season/Summer Season,3,Disguised,LYON (2024 American Team),lolcast,sweep_team2,0.7354,2026-09-05 23:20:32.634962+00:00,23.66,,1.0,0.0,2.0,2026-09-06 23:07:56.780111+00:00
LCS/2026 Season/Summer Season_Week 7_4,2026-09-06 23:00:00+00:00,LCS/2026 Season/Summer Season,3,Disguised,LYON (2024 American Team),elo,sweep_team2,0.7104,2026-09-05 23:20:32.634962+00:00,23.66,,1.0,0.0,2.0,2026-09-06 23:07:56.780111+00:00
LPL/2026 Season/Grand Finals_Round 4_1,2026-09-07 09:00:00+00:00,LPL/2026 Season/Grand Finals,5,Anyone's Legend,Bilibili Gaming,lolcast,series,0.2073,2026-09-05 23:20:32.634962+00:00,33.66,,0.0,0.0,3.0,2026-09-07 11:41:37.670117+00:00
LPL/2026 Season/Grand Finals_Round 4_1,2026-09-07 09:00:00+00:00,LPL/2026 Season/Grand Finals,5,Anyone's Legend,Bilibili Gaming,elo,series,0.2241,2026-09-05 23:20:32.634962+00:00,33.66,,0.0,0.0,3.0,2026-09-07 11:41:37.670117+00:00
LPL/2026 Season/Grand Finals_Round 4_1,2026-09-07 09:00:00+00:00,LPL/2026 Season/Grand Finals,5,Anyone's Legend,Bilibili Gaming,polymarket,series,0.365,2026-09-05 23:20:32.634962+00:00,33.66,6251.3383,0.0,0.0,3.0,2026-09-07 11:41:37.670117+00:00
LPL/2026 Season/Grand Finals_Round 4_1,2026-09-07 09:00:00+00:00,LPL/2026 Season/Grand Finals,5,Anyone's Legend,Bilibili Gaming,lolcast,sweep_team1,0.0316,2026-09-05 23:20:32.634962+00:00,33.66,,0.0,0.0,3.0,2026-09-07 11:41:37.670117+00:00
LPL/2026 Season/Grand Finals_Round 4_1,2026-09-07 09:00:00+00:00,LPL/2026 Season/Grand Finals,5,Anyone's Legend,Bilibili Gaming,elo,sweep_team1,0.0379,2026-09-05 23:20:32.634962+00:00,33.66,,0.0,0.0,3.0,2026-09-07 11:41:37.670117+00:00
LPL/2026 Season/Grand Finals_Round 4_1,2026-09-07 09:00:00+00:00,LPL/2026 Season/Grand Finals,5,Anyone's Legend,Bilibili Gaming,lolcast,sweep_team2,0.2783,2026-09-05 23:20:32.634962+00:00,33.66,,1.0,0.0,3.0,2026-09-07 11:41:37.670117+00:00
LPL/2026 Season/Grand Finals_Round 4_1,2026-09-07 09:00:00+00:00,LPL/2026 Season/Grand Finals,5,Anyone's Legend,Bilibili Gaming,elo,sweep_team2,0.2749,2026-09-05 23:20:32.634962+00:00,33.66,,1.0,0.0,3.0,2026-09-07 11:41:37.670117+00:00
North American Challengers League/2026 Season/Summer Playoffs_Round 2_4,2026-09-07 17:00:00+00:00,North American Challengers League/2026 Season/Summer Playoffs,5,NRG,Conviction,lolcast,series,0.4376,2026-09-05 23:20:32.634962+00:00,41.66,,1.0,3.0,2.0,2026-09-08 10:14:32.749756+00:00
North American Challengers League/2026 Season/Summer Playoffs_Round 2_4,2026-09-07 17:00:00+00:00,North American Challengers League/2026 Season/Summer Playoffs,5,NRG,Conviction,elo,series,0.3316,2026-09-05 23:20:32.634962+00:00,41.66,,1.0,3.0,2.0,2026-09-08 10:14:32.749756+00:00
North American Challengers League/2026 Season/Summer Playoffs_Round 2_4,2026-09-07 17:00:00+00:00,North American Challengers League/2026 Season/Summer Playoffs,5,NRG,Conviction,lolcast,sweep_team1,0.0915,2026-09-05 23:20:32.634962+00:00,41.66,,0.0,3.0,2.0,2026-09-08 10:14:32.749756+00:00
North American Challengers League/2026 Season/Summer Playoffs_Round 2_4,2026-09-07 17:00:00+00:00,North American Challengers League/2026 Season/Summer Playoffs,5,NRG,Conviction,elo,sweep_team1,0.0643,2026-09-05 23:20:32.634962+00:00,41.66,,0.0,3.0,2.0,2026-09-08 10:14:32.749756+00:00
North American Challengers League/2026 Season/Summer Playoffs_Round 2_4,2026-09-07 17:00:00+00:00,North American Challengers League/2026 Season/Summer Playoffs,5,NRG,Conviction,lolcast,sweep_team2,0.1384,2026-09-05 23:20:32.634962+00:00,41.66,,0.0,3.0,2.0,2026-09-08 10:14:32.749756+00:00
North American Challengers League/2026 Season/Summer Playoffs_Round 2_4,2026-09-07 17:00:00+00:00,North American Challengers League/2026 Season/Summer Playoffs,5,NRG,Conviction,elo,sweep_team2,0.1996,2026-09-05 23:20:32.634962+00:00,41.66,,0.0,3.0,2.0,2026-09-08 10:14:32.749756+00:00
LEC/2026 Season/Summer Playoffs_Round 1_3,2026-09-11 15:00:00+00:00,LEC/2026 Season/Summer Playoffs,5,GIANTX,Natus Vincere,lolcast,series,0.5141,2026-09-05 23:20:32.634962+00:00,135.66,,0,2,3,2026-09-12T09:44:20.060864+00:00
LEC/2026 Season/Summer Playoffs_Round 1_3,2026-09-11 15:00:00+00:00,LEC/2026 Season/Summer Playoffs,5,GIANTX,Natus Vincere,elo,series,0.5135,2026-09-05 23:20:32.634962+00:00,135.66,,0,2,3,2026-09-12T09:44:20.060864+00:00
LEC/2026 Season/Summer Playoffs_Round 1_3,2026-09-11 15:00:00+00:00,LEC/2026 Season/Summer Playoffs,5,GIANTX,Natus Vincere,polymarket,series,0.49,2026-09-05 23:20:32.634962+00:00,135.66,568.799,0,2,3,2026-09-12T09:44:20.060864+00:00
LEC/2026 Season/Summer Playoffs_Round 1_3,2026-09-11 15:00:00+00:00,LEC/2026 Season/Summer Playoffs,5,GIANTX,Natus Vincere,lolcast,sweep_team1,0.1198,2026-09-05 23:20:32.634962+00:00,135.66,,0,2,3,2026-09-12T09:44:20.060864+00:00
LEC/2026 Season/Summer Playoffs_Round 1_3,2026-09-11 15:00:00+00:00,LEC/2026 Season/Summer Playoffs,5,GIANTX,Natus Vincere,elo,sweep_team1,0.1246,2026-09-05 23:20:32.634962+00:00,135.66,,0,2,3,2026-09-12T09:44:20.060864+00:00
LEC/2026 Season/Summer Playoffs_Round 1_3,2026-09-11 15:00:00+00:00,LEC/2026 Season/Summer Playoffs,5,GIANTX,Natus Vincere,lolcast,sweep_team2,0.1091,2026-09-05 23:20:32.634962+00:00,135.66,,0,2,3,2026-09-12T09:44:20.060864+00:00
LEC/2026 Season/Summer Playoffs_Round 1_3,2026-09-11 15:00:00+00:00,LEC/2026 Season/Summer Playoffs,5,GIANTX,Natus Vincere,elo,sweep_team2,0.1142,2026-09-05 23:20:32.634962+00:00,135.66,,0,2,3,2026-09-12T09:44:20.060864+00:00
LEC/2026 Season/Summer Playoffs_Round 1_4,2026-09-12 15:00:00+00:00,LEC/2026 Season/Summer Playoffs,5,Team Vitality,Movistar KOI,lolcast,series,0.6175,2026-09-05 23:20:32.634962+00:00,159.66,,,,,
LEC/2026 Season/Summer Playoffs_Round 1_4,2026-09-12 15:00:00+00:00,LEC/2026 Season/Summer Playoffs,5,Team Vitality,Movistar KOI,elo,series,0.5932,2026-09-05 23:20:32.634962+00:00,159.66,,,,,
LEC/2026 Season/Summer Playoffs_Round 1_4,2026-09-12 15:00:00+00:00,LEC/2026 Season/Summer Playoffs,5,Team Vitality,Movistar KOI,polymarket,series,0.515,2026-09-05 23:20:32.634962+00:00,159.66,623.629,,,,
LEC/2026 Season/Summer Playoffs_Round 1_4,2026-09-12 15:00:00+00:00,LEC/2026 Season/Summer Playoffs,5,Team Vitality,Movistar KOI,lolcast,sweep_team1,0.1635,2026-09-05 23:20:32.634962+00:00,159.66,,,,,
LEC/2026 Season/Summer Playoffs_Round 1_4,2026-09-12 15:00:00+00:00,LEC/2026 Season/Summer Playoffs,5,Team Vitality,Movistar KOI,elo,sweep_team1,0.1596,2026-09-05 23:20:32.634962+00:00,159.66,,,,,
LEC/2026 Season/Summer Playoffs_Round 1_4,2026-09-12 15:00:00+00:00,LEC/2026 Season/Summer Playoffs,5,Team Vitality,Movistar KOI,lolcast,sweep_team2,0.0742,2026-09-05 23:20:32.634962+00:00,159.66,,,,,
LEC/2026 Season/Summer Playoffs_Round 1_4,2026-09-12 15:00:00+00:00,LEC/2026 Season/Summer Playoffs,5,Team Vitality,Movistar KOI,elo,sweep_team2,0.0866,2026-09-05 23:20:32.634962+00:00,159.66,,,,,
LPL/2026 Season/Grand Finals_Round 2_4,2026-09-06 10:00:00+00:00,LPL/2026 Season/Grand Finals,5,Ninjas in Pyjamas.CN,LGD Gaming,lolcast,series,0.7783,2026-09-06 09:51:50.611529+00:00,0.14,,0.0,2.0,3.0,2026-09-06 23:07:56.780111+00:00
LPL/2026 Season/Grand Finals_Round 2_4,2026-09-06 10:00:00+00:00,LPL/2026 Season/Grand Finals,5,Ninjas in Pyjamas.CN,LGD Gaming,elo,series,0.7364,2026-09-06 09:51:50.611529+00:00,0.14,,0.0,2.0,3.0,2026-09-06 23:07:56.780111+00:00
LPL/2026 Season/Grand Finals_Round 2_4,2026-09-06 10:00:00+00:00,LPL/2026 Season/Grand Finals,5,Ninjas in Pyjamas.CN,LGD Gaming,polymarket,series,0.615,2026-09-06 09:51:50.611529+00:00,0.14,63739.0187,0.0,2.0,3.0,2026-09-06 23:07:56.780111+00:00
LPL/2026 Season/Grand Finals_Round 2_4,2026-09-06 10:00:00+00:00,LPL/2026 Season/Grand Finals,5,Ninjas in Pyjamas.CN,LGD Gaming,lolcast,sweep_team1,0.266,2026-09-06 09:51:50.611529+00:00,0.14,,0.0,2.0,3.0,2026-09-06 23:07:56.780111+00:00
LPL/2026 Season/Grand Finals_Round 2_4,2026-09-06 10:00:00+00:00,LPL/2026 Season/Grand Finals,5,Ninjas in Pyjamas.CN,LGD Gaming,elo,sweep_team1,0.244,2026-09-06 09:51:50.611529+00:00,0.14,,0.0,2.0,3.0,2026-09-06 23:07:56.780111+00:00
LPL/2026 Season/Grand Finals_Round 2_4,2026-09-06 10:00:00+00:00,LPL/2026 Season/Grand Finals,5,Ninjas in Pyjamas.CN,LGD Gaming,lolcast,sweep_team2,0.0346,2026-09-06 09:51:50.611529+00:00,0.14,,0.0,2.0,3.0,2026-09-06 23:07:56.780111+00:00
LPL/2026 Season/Grand Finals_Round 2_4,2026-09-06 10:00:00+00:00,LPL/2026 Season/Grand Finals,5,Ninjas in Pyjamas.CN,LGD Gaming,elo,sweep_team2,0.0469,2026-09-06 09:51:50.611529+00:00,0.14,,0.0,2.0,3.0,2026-09-06 23:07:56.780111+00:00
LEC/2026 Season/Summer Playoffs_Round 3_1,2026-09-06 15:00:00+00:00,LEC/2026 Season/Summer Playoffs,5,Karmine Corp,G2 Esports,lolcast,series,0.6474,2026-09-06 09:51:50.611529+00:00,5.14,,0.0,1.0,3.0,2026-09-06 23:07:56.780111+00:00
LEC/2026 Season/Summer Playoffs_Round 3_1,2026-09-06 15:00:00+00:00,LEC/2026 Season/Summer Playoffs,5,Karmine Corp,G2 Esports,elo,series,0.6156,2026-09-06 09:51:50.611529+00:00,5.14,,0.0,1.0,3.0,2026-09-06 23:07:56.780111+00:00
LEC/2026 Season/Summer Playoffs_Round 3_1,2026-09-06 15:00:00+00:00,LEC/2026 Season/Summer Playoffs,5,Karmine Corp,G2 Esports,polymarket,series,0.495,2026-09-06 09:51:50.611529+00:00,5.14,31146.0531,0.0,1.0,3.0,2026-09-06 23:07:56.780111+00:00
LEC/2026 Season/Summer Playoffs_Round 3_1,2026-09-06 15:00:00+00:00,LEC/2026 Season/Summer Playoffs,5,Karmine Corp,G2 Esports,lolcast,sweep_team1,0.179,2026-09-06 09:51:50.611529+00:00,5.14,,0.0,1.0,3.0,2026-09-06 23:07:56.780111+00:00
LEC/2026 Season/Summer Playoffs_Round 3_1,2026-09-06 15:00:00+00:00,LEC/2026 Season/Summer Playoffs,5,Karmine Corp,G2 Esports,elo,sweep_team1,0.1707,2026-09-06 09:51:50.611529+00:00,5.14,,0.0,1.0,3.0,2026-09-06 23:07:56.780111+00:00
LEC/2026 Season/Summer Playoffs_Round 3_1,2026-09-06 15:00:00+00:00,LEC/2026 Season/Summer Playoffs,5,Karmine Corp,G2 Esports,lolcast,sweep_team2,0.0658,2026-09-06 09:51:50.611529+00:00,5.14,,0.0,1.0,3.0,2026-09-06 23:07:56.780111+00:00
LEC/2026 Season/Summer Playoffs_Round 3_1,2026-09-06 15:00:00+00:00,LEC/2026 Season/Summer Playoffs,5,Karmine Corp,G2 Esports,elo,sweep_team2,0.0796,2026-09-06 09:51:50.611529+00:00,5.14,,0.0,1.0,3.0,2026-09-06 23:07:56.780111+00:00
CBLOL/2026 Season/Split 2 Playoffs_Round 1_2,2026-09-06 16:00:00+00:00,CBLOL/2026 Season/Split 2 Playoffs,5,FURIA,RED Canids,lolcast,series,0.8785,2026-09-06 09:51:50.611529+00:00,6.14,,1.0,3.0,0.0,2026-09-06 23:07:56.780111+00:00
CBLOL/2026 Season/Split 2 Playoffs_Round 1_2,2026-09-06 16:00:00+00:00,CBLOL/2026 Season/Split 2 Playoffs,5,FURIA,RED Canids,elo,series,0.8133,2026-09-06 09:51:50.611529+00:00,6.14,,1.0,3.0,0.0,2026-09-06 23:07:56.780111+00:00
CBLOL/2026 Season/Split 2 Playoffs_Round 1_2,2026-09-06 16:00:00+00:00,CBLOL/2026 Season/Split 2 Playoffs,5,FURIA,RED Canids,polymarket,series,0.745,2026-09-06 09:51:50.611529+00:00,6.14,7622.4131,1.0,3.0,0.0,2026-09-06 23:07:56.780111+00:00
CBLOL/2026 Season/Split 2 Playoffs_Round 1_2,2026-09-06 16:00:00+00:00,CBLOL/2026 Season/Split 2 Playoffs,5,FURIA,RED Canids,lolcast,sweep_team1,0.3756,2026-09-06 09:51:50.611529+00:00,6.14,,1.0,3.0,0.0,2026-09-06 23:07:56.780111+00:00
CBLOL/2026 Season/Split 2 Playoffs_Round 1_2,2026-09-06 16:00:00+00:00,CBLOL/2026 Season/Split 2 Playoffs,5,FURIA,RED Canids,elo,sweep_team1,0.3089,2026-09-06 09:51:50.611529+00:00,6.14,,1.0,3.0,0.0,2026-09-06 23:07:56.780111+00:00
CBLOL/2026 Season/Split 2 Playoffs_Round 1_2,2026-09-06 16:00:00+00:00,CBLOL/2026 Season/Split 2 Playoffs,5,FURIA,RED Canids,lolcast,sweep_team2,0.0165,2026-09-06 09:51:50.611529+00:00,6.14,,0.0,3.0,0.0,2026-09-06 23:07:56.780111+00:00
CBLOL/2026 Season/Split 2 Playoffs_Round 1_2,2026-09-06 16:00:00+00:00,CBLOL/2026 Season/Split 2 Playoffs,5,FURIA,RED Canids,elo,sweep_team2,0.03,2026-09-06 09:51:50.611529+00:00,6.14,,0.0,3.0,0.0,2026-09-06 23:07:56.780111+00:00
LCS/2026 Season/Summer Season_Week 7_3,2026-09-06 20:00:00+00:00,LCS/2026 Season/Summer Season,3,FlyQuest,Shopify Rebellion,lolcast,series,0.6153,2026-09-06 09:51:50.611529+00:00,10.14,,1.0,2.0,0.0,2026-09-06 23:07:56.780111+00:00
LCS/2026 Season/Summer Season_Week 7_3,2026-09-06 20:00:00+00:00,LCS/2026 Season/Summer Season,3,FlyQuest,Shopify Rebellion,elo,series,0.6108,2026-09-06 09:51:50.611529+00:00,10.14,,1.0,2.0,0.0,2026-09-06 23:07:56.780111+00:00
LCS/2026 Season/Summer Season_Week 7_3,2026-09-06 20:00:00+00:00,LCS/2026 Season/Summer Season,3,FlyQuest,Shopify Rebellion,polymarket,series,0.605,2026-09-06 09:51:50.611529+00:00,10.14,11614.994,1.0,2.0,0.0,2026-09-06 23:07:56.780111+00:00
LCS/2026 Season/Summer Season_Week 7_3,2026-09-06 20:00:00+00:00,LCS/2026 Season/Summer Season,3,FlyQuest,Shopify Rebellion,lolcast,sweep_team1,0.319,2026-09-06 09:51:50.611529+00:00,10.14,,1.0,2.0,0.0,2026-09-06 23:07:56.780111+00:00
LCS/2026 Season/Summer Season_Week 7_3,2026-09-06 20:00:00+00:00,LCS/2026 Season/Summer Season,3,FlyQuest,Shopify Rebellion,elo,sweep_team1,0.3235,2026-09-06 09:51:50.611529+00:00,10.14,,1.0,2.0,0.0,2026-09-06 23:07:56.780111+00:00
LCS/2026 Season/Summer Season_Week 7_3,2026-09-06 20:00:00+00:00,LCS/2026 Season/Summer Season,3,FlyQuest,Shopify Rebellion,lolcast,sweep_team2,0.168,2026-09-06 09:51:50.611529+00:00,10.14,,0.0,2.0,0.0,2026-09-06 23:07:56.780111+00:00
LCS/2026 Season/Summer Season_Week 7_3,2026-09-06 20:00:00+00:00,LCS/2026 Season/Summer Season,3,FlyQuest,Shopify Rebellion,elo,sweep_team2,0.1763,2026-09-06 09:51:50.611529+00:00,10.14,,0.0,2.0,0.0,2026-09-06 23:07:56.780111+00:00
LCS/2026 Season/Summer Season_Week 7_4,2026-09-06 23:00:00+00:00,LCS/2026 Season/Summer Season,3,Disguised,LYON (2024 American Team),lolcast,series,0.0482,2026-09-06 09:51:50.611529+00:00,13.14,,0.0,0.0,2.0,2026-09-06 23:07:56.780111+00:00
LCS/2026 Season/Summer Season_Week 7_4,2026-09-06 23:00:00+00:00,LCS/2026 Season/Summer Season,3,Disguised,LYON (2024 American Team),elo,series,0.064,2026-09-06 09:51:50.611529+00:00,13.14,,0.0,0.0,2.0,2026-09-06 23:07:56.780111+00:00
LCS/2026 Season/Summer Season_Week 7_4,2026-09-06 23:00:00+00:00,LCS/2026 Season/Summer Season,3,Disguised,LYON (2024 American Team),polymarket,series,0.135,2026-09-06 09:51:50.611529+00:00,13.14,10257.7065,0.0,0.0,2.0,2026-09-06 23:07:56.780111+00:00
LCS/2026 Season/Summer Season_Week 7_4,2026-09-06 23:00:00+00:00,LCS/2026 Season/Summer Season,3,Disguised,LYON (2024 American Team),lolcast,sweep_team1,0.0161,2026-09-06 09:51:50.611529+00:00,13.14,,0.0,0.0,2.0,2026-09-06 23:07:56.780111+00:00
LCS/2026 Season/Summer Season_Week 7_4,2026-09-06 23:00:00+00:00,LCS/2026 Season/Summer Season,3,Disguised,LYON (2024 American Team),elo,sweep_team1,0.0229,2026-09-06 09:51:50.611529+00:00,13.14,,0.0,0.0,2.0,2026-09-06 23:07:56.780111+00:00
LCS/2026 Season/Summer Season_Week 7_4,2026-09-06 23:00:00+00:00,LCS/2026 Season/Summer Season,3,Disguised,LYON (2024 American Team),lolcast,sweep_team2,0.7414,2026-09-06 09:51:50.611529+00:00,13.14,,1.0,0.0,2.0,2026-09-06 23:07:56.780111+00:00
LCS/2026 Season/Summer Season_Week 7_4,2026-09-06 23:00:00+00:00,LCS/2026 Season/Summer Season,3,Disguised,LYON (2024 American Team),elo,sweep_team2,0.7103,2026-09-06 09:51:50.611529+00:00,13.14,,1.0,0.0,2.0,2026-09-06 23:07:56.780111+00:00
LPL/2026 Season/Grand Finals_Round 4_1,2026-09-07 09:00:00+00:00,LPL/2026 Season/Grand Finals,5,Anyone's Legend,Bilibili Gaming,lolcast,series,0.207,2026-09-06 09:51:50.611529+00:00,23.14,,0.0,0.0,3.0,2026-09-07 11:41:37.670117+00:00
LPL/2026 Season/Grand Finals_Round 4_1,2026-09-07 09:00:00+00:00,LPL/2026 Season/Grand Finals,5,Anyone's Legend,Bilibili Gaming,elo,series,0.2241,2026-09-06 09:51:50.611529+00:00,23.14,,0.0,0.0,3.0,2026-09-07 11:41:37.670117+00:00
LPL/2026 Season/Grand Finals_Round 4_1,2026-09-07 09:00:00+00:00,LPL/2026 Season/Grand Finals,5,Anyone's Legend,Bilibili Gaming,polymarket,series,0.355,2026-09-06 09:51:50.611529+00:00,23.14,16394.2438,0.0,0.0,3.0,2026-09-07 11:41:37.670117+00:00
LPL/2026 Season/Grand Finals_Round 4_1,2026-09-07 09:00:00+00:00,LPL/2026 Season/Grand Finals,5,Anyone's Legend,Bilibili Gaming,lolcast,sweep_team1,0.0316,2026-09-06 09:51:50.611529+00:00,23.14,,0.0,0.0,3.0,2026-09-07 11:41:37.670117+00:00
LPL/2026 Season/Grand Finals_Round 4_1,2026-09-07 09:00:00+00:00,LPL/2026 Season/Grand Finals,5,Anyone's Legend,Bilibili Gaming,elo,sweep_team1,0.0379,2026-09-06 09:51:50.611529+00:00,23.14,,0.0,0.0,3.0,2026-09-07 11:41:37.670117+00:00
LPL/2026 Season/Grand Finals_Round 4_1,2026-09-07 09:00:00+00:00,LPL/2026 Season/Grand Finals,5,Anyone's Legend,Bilibili Gaming,lolcast,sweep_team2,0.2785,2026-09-06 09:51:50.611529+00:00,23.14,,1.0,0.0,3.0,2026-09-07 11:41:37.670117+00:00
LPL/2026 Season/Grand Finals_Round 4_1,2026-09-07 09:00:00+00:00,LPL/2026 Season/Grand Finals,5,Anyone's Legend,Bilibili Gaming,elo,sweep_team2,0.2749,2026-09-06 09:51:50.611529+00:00,23.14,,1.0,0.0,3.0,2026-09-07 11:41:37.670117+00:00
North American Challengers League/2026 Season/Summer Playoffs_Round 2_4,2026-09-07 17:00:00+00:00,North American Challengers League/2026 Season/Summer Playoffs,5,NRG,Conviction,lolcast,series,0.4575,2026-09-06 09:51:50.611529+00:00,31.14,,1.0,3.0,2.0,2026-09-08 10:14:32.749756+00:00
North American Challengers League/2026 Season/Summer Playoffs_Round 2_4,2026-09-07 17:00:00+00:00,North American Challengers League/2026 Season/Summer Playoffs,5,NRG,Conviction,elo,series,0.3316,2026-09-06 09:51:50.611529+00:00,31.14,,1.0,3.0,2.0,2026-09-08 10:14:32.749756+00:00
North American Challengers League/2026 Season/Summer Playoffs_Round 2_4,2026-09-07 17:00:00+00:00,North American Challengers League/2026 Season/Summer Playoffs,5,NRG,Conviction,lolcast,sweep_team1,0.0969,2026-09-06 09:51:50.611529+00:00,31.14,,0.0,3.0,2.0,2026-09-08 10:14:32.749756+00:00
North American Challengers League/2026 Season/Summer Playoffs_Round 2_4,2026-09-07 17:00:00+00:00,North American Challengers League/2026 Season/Summer Playoffs,5,NRG,Conviction,elo,sweep_team1,0.0643,2026-09-06 09:51:50.611529+00:00,31.14,,0.0,3.0,2.0,2026-09-08 10:14:32.749756+00:00
North American Challengers League/2026 Season/Summer Playoffs_Round 2_4,2026-09-07 17:00:00+00:00,North American Challengers League/2026 Season/Summer Playoffs,5,NRG,Conviction,lolcast,sweep_team2,0.1286,2026-09-06 09:51:50.611529+00:00,31.14,,0.0,3.0,2.0,2026-09-08 10:14:32.749756+00:00
North American Challengers League/2026 Season/Summer Playoffs_Round 2_4,2026-09-07 17:00:00+00:00,North American Challengers League/2026 Season/Summer Playoffs,5,NRG,Conviction,elo,sweep_team2,0.1996,2026-09-06 09:51:50.611529+00:00,31.14,,0.0,3.0,2.0,2026-09-08 10:14:32.749756+00:00
LEC/2026 Season/Summer Playoffs_Round 1_3,2026-09-11 15:00:00+00:00,LEC/2026 Season/Summer Playoffs,5,GIANTX,Natus Vincere,lolcast,series,0.4998,2026-09-06 09:51:50.611529+00:00,125.14,,0,2,3,2026-09-12T09:44:20.060864+00:00
LEC/2026 Season/Summer Playoffs_Round 1_3,2026-09-11 15:00:00+00:00,LEC/2026 Season/Summer Playoffs,5,GIANTX,Natus Vincere,elo,series,0.5135,2026-09-06 09:51:50.611529+00:00,125.14,,0,2,3,2026-09-12T09:44:20.060864+00:00
LEC/2026 Season/Summer Playoffs_Round 1_3,2026-09-11 15:00:00+00:00,LEC/2026 Season/Summer Playoffs,5,GIANTX,Natus Vincere,polymarket,series,0.49,2026-09-06 09:51:50.611529+00:00,125.14,609.2493,0,2,3,2026-09-12T09:44:20.060864+00:00
LEC/2026 Season/Summer Playoffs_Round 1_3,2026-09-11 15:00:00+00:00,LEC/2026 Season/Summer Playoffs,5,GIANTX,Natus Vincere,lolcast,sweep_team1,0.1117,2026-09-06 09:51:50.611529+00:00,125.14,,0,2,3,2026-09-12T09:44:20.060864+00:00
LEC/2026 Season/Summer Playoffs_Round 1_3,2026-09-11 15:00:00+00:00,LEC/2026 Season/Summer Playoffs,5,GIANTX,Natus Vincere,elo,sweep_team1,0.1246,2026-09-06 09:51:50.611529+00:00,125.14,,0,2,3,2026-09-12T09:44:20.060864+00:00
LEC/2026 Season/Summer Playoffs_Round 1_3,2026-09-11 15:00:00+00:00,LEC/2026 Season/Summer Playoffs,5,GIANTX,Natus Vincere,lolcast,sweep_team2,0.1118,2026-09-06 09:51:50.611529+00:00,125.14,,0,2,3,2026-09-12T09:44:20.060864+00:00
LEC/2026 Season/Summer Playoffs_Round 1_3,2026-09-11 15:00:00+00:00,LEC/2026 Season/Summer Playoffs,5,GIANTX,Natus Vincere,elo,sweep_team2,0.1142,2026-09-06 09:51:50.611529+00:00,125.14,,0,2,3,2026-09-12T09:44:20.060864+00:00
LEC/2026 Season/Summer Playoffs_Round 1_4,2026-09-12 15:00:00+00:00,LEC/2026 Season/Summer Playoffs,5,Team Vitality,Movistar KOI,lolcast,series,0.6171,2026-09-06 09:51:50.611529+00:00,149.14,,,,,
LEC/2026 Season/Summer Playoffs_Round 1_4,2026-09-12 15:00:00+00:00,LEC/2026 Season/Summer Playoffs,5,Team Vitality,Movistar KOI,elo,series,0.5932,2026-09-06 09:51:50.611529+00:00,149.14,,,,,
LEC/2026 Season/Summer Playoffs_Round 1_4,2026-09-12 15:00:00+00:00,LEC/2026 Season/Summer Playoffs,5,Team Vitality,Movistar KOI,polymarket,series,0.515,2026-09-06 09:51:50.611529+00:00,149.14,789.6787,,,,
LEC/2026 Season/Summer Playoffs_Round 1_4,2026-09-12 15:00:00+00:00,LEC/2026 Season/Summer Playoffs,5,Team Vitality,Movistar KOI,lolcast,sweep_team1,0.1631,2026-09-06 09:51:50.611529+00:00,149.14,,,,,
LEC/2026 Season/Summer Playoffs_Round 1_4,2026-09-12 15:00:00+00:00,LEC/2026 Season/Summer Playoffs,5,Team Vitality,Movistar KOI,elo,sweep_team1,0.1596,2026-09-06 09:51:50.611529+00:00,149.14,,,,,
LEC/2026 Season/Summer Playoffs_Round 1_4,2026-09-12 15:00:00+00:00,LEC/2026 Season/Summer Playoffs,5,Team Vitality,Movistar KOI,lolcast,sweep_team2,0.0742,2026-09-06 09:51:50.611529+00:00,149.14,,,,,
LEC/2026 Season/Summer Playoffs_Round 1_4,2026-09-12 15:00:00+00:00,LEC/2026 Season/Summer Playoffs,5,Team Vitality,Movistar KOI,elo,sweep_team2,0.0865,2026-09-06 09:51:50.611529+00:00,149.14,,,,,
LPL/2026 Season/Grand Finals_Round 4_1,2026-09-07 09:00:00+00:00,LPL/2026 Season/Grand Finals,5,Anyone's Legend,Bilibili Gaming,lolcast,series,0.1803,2026-09-06 23:07:58.313161+00:00,9.87,,0.0,0.0,3.0,2026-09-07 11:41:37.670117+00:00
LPL/2026 Season/Grand Finals_Round 4_1,2026-09-07 09:00:00+00:00,LPL/2026 Season/Grand Finals,5,Anyone's Legend,Bilibili Gaming,elo,series,0.2241,2026-09-06 23:07:58.313161+00:00,9.87,,0.0,0.0,3.0,2026-09-07 11:41:37.670117+00:00
LPL/2026 Season/Grand Finals_Round 4_1,2026-09-07 09:00:00+00:00,LPL/2026 Season/Grand Finals,5,Anyone's Legend,Bilibili Gaming,polymarket,series,0.335,2026-09-06 23:07:58.313161+00:00,9.87,41146.0712,0.0,0.0,3.0,2026-09-07 11:41:37.670117+00:00
LPL/2026 Season/Grand Finals_Round 4_1,2026-09-07 09:00:00+00:00,LPL/2026 Season/Grand Finals,5,Anyone's Legend,Bilibili Gaming,lolcast,sweep_team1,0.0274,2026-09-06 23:07:58.313161+00:00,9.87,,0.0,0.0,3.0,2026-09-07 11:41:37.670117+00:00
LPL/2026 Season/Grand Finals_Round 4_1,2026-09-07 09:00:00+00:00,LPL/2026 Season/Grand Finals,5,Anyone's Legend,Bilibili Gaming,elo,sweep_team1,0.0379,2026-09-06 23:07:58.313161+00:00,9.87,,0.0,0.0,3.0,2026-09-07 11:41:37.670117+00:00
LPL/2026 Season/Grand Finals_Round 4_1,2026-09-07 09:00:00+00:00,LPL/2026 Season/Grand Finals,5,Anyone's Legend,Bilibili Gaming,lolcast,sweep_team2,0.3088,2026-09-06 23:07:58.313161+00:00,9.87,,1.0,0.0,3.0,2026-09-07 11:41:37.670117+00:00
LPL/2026 Season/Grand Finals_Round 4_1,2026-09-07 09:00:00+00:00,LPL/2026 Season/Grand Finals,5,Anyone's Legend,Bilibili Gaming,elo,sweep_team2,0.275,2026-09-06 23:07:58.313161+00:00,9.87,,1.0,0.0,3.0,2026-09-07 11:41:37.670117+00:00
North American Challengers League/2026 Season/Summer Playoffs_Round 2_4,2026-09-07 17:00:00+00:00,North American Challengers League/2026 Season/Summer Playoffs,5,NRG,Conviction,lolcast,series,0.4784,2026-09-06 23:07:58.313161+00:00,17.87,,1.0,3.0,2.0,2026-09-08 10:14:32.749756+00:00
North American Challengers League/2026 Season/Summer Playoffs_Round 2_4,2026-09-07 17:00:00+00:00,North American Challengers League/2026 Season/Summer Playoffs,5,NRG,Conviction,elo,series,0.3316,2026-09-06 23:07:58.313161+00:00,17.87,,1.0,3.0,2.0,2026-09-08 10:14:32.749756+00:00
North American Challengers League/2026 Season/Summer Playoffs_Round 2_4,2026-09-07 17:00:00+00:00,North American Challengers League/2026 Season/Summer Playoffs,5,NRG,Conviction,lolcast,sweep_team1,0.1111,2026-09-06 23:07:58.313161+00:00,17.87,,0.0,3.0,2.0,2026-09-08 10:14:32.749756+00:00
North American Challengers League/2026 Season/Summer Playoffs_Round 2_4,2026-09-07 17:00:00+00:00,North American Challengers League/2026 Season/Summer Playoffs,5,NRG,Conviction,elo,sweep_team1,0.0644,2026-09-06 23:07:58.313161+00:00,17.87,,0.0,3.0,2.0,2026-09-08 10:14:32.749756+00:00
North American Challengers League/2026 Season/Summer Playoffs_Round 2_4,2026-09-07 17:00:00+00:00,North American Challengers League/2026 Season/Summer Playoffs,5,NRG,Conviction,lolcast,sweep_team2,0.1278,2026-09-06 23:07:58.313161+00:00,17.87,,0.0,3.0,2.0,2026-09-08 10:14:32.749756+00:00
North American Challengers League/2026 Season/Summer Playoffs_Round 2_4,2026-09-07 17:00:00+00:00,North American Challengers League/2026 Season/Summer Playoffs,5,NRG,Conviction,elo,sweep_team2,0.1997,2026-09-06 23:07:58.313161+00:00,17.87,,0.0,3.0,2.0,2026-09-08 10:14:32.749756+00:00
LPL/2026 Season/Grand Finals_Round 3_1,2026-09-08 09:00:00+00:00,LPL/2026 Season/Grand Finals,5,Invictus Gaming,LGD Gaming,lolcast,series,0.5346,2026-09-06 23:07:58.313161+00:00,33.87,,1.0,3.0,0.0,2026-09-09 10:19:18.281616+00:00
LPL/2026 Season/Grand Finals_Round 3_1,2026-09-08 09:00:00+00:00,LPL/2026 Season/Grand Finals,5,Invictus Gaming,LGD Gaming,elo,series,0.5305,2026-09-06 23:07:58.313161+00:00,33.87,,1.0,3.0,0.0,2026-09-09 10:19:18.281616+00:00
LPL/2026 Season/Grand Finals_Round 3_1,2026-09-08 09:00:00+00:00,LPL/2026 Season/Grand Finals,5,Invictus Gaming,LGD Gaming,polymarket,series,0.575,2026-09-06 23:07:58.313161+00:00,33.87,5052.9454,1.0,3.0,0.0,2026-09-09 10:19:18.281616+00:00
LPL/2026 Season/Grand Finals_Round 3_1,2026-09-08 09:00:00+00:00,LPL/2026 Season/Grand Finals,5,Invictus Gaming,LGD Gaming,lolcast,sweep_team1,0.1321,2026-09-06 23:07:58.313161+00:00,33.87,,1.0,3.0,0.0,2026-09-09 10:19:18.281616+00:00
LPL/2026 Season/Grand Finals_Round 3_1,2026-09-08 09:00:00+00:00,LPL/2026 Season/Grand Finals,5,Invictus Gaming,LGD Gaming,elo,sweep_team1,0.1316,2026-09-06 23:07:58.313161+00:00,33.87,,1.0,3.0,0.0,2026-09-09 10:19:18.281616+00:00
LPL/2026 Season/Grand Finals_Round 3_1,2026-09-08 09:00:00+00:00,LPL/2026 Season/Grand Finals,5,Invictus Gaming,LGD Gaming,lolcast,sweep_team2,0.1054,2026-09-06 23:07:58.313161+00:00,33.87,,0.0,3.0,0.0,2026-09-09 10:19:18.281616+00:00
LPL/2026 Season/Grand Finals_Round 3_1,2026-09-08 09:00:00+00:00,LPL/2026 Season/Grand Finals,5,Invictus Gaming,LGD Gaming,elo,sweep_team2,0.108,2026-09-06 23:07:58.313161+00:00,33.87,,0.0,3.0,0.0,2026-09-09 10:19:18.281616+00:00
LEC/2026 Season/Summer Playoffs_Round 1_3,2026-09-11 15:00:00+00:00,LEC/2026 Season/Summer Playoffs,5,GIANTX,Natus Vincere,lolcast,series,0.5,2026-09-06 23:07:58.313161+00:00,111.87,,0,2,3,2026-09-12T09:44:20.060864+00:00
LEC/2026 Season/Summer Playoffs_Round 1_3,2026-09-11 15:00:00+00:00,LEC/2026 Season/Summer Playoffs,5,GIANTX,Natus Vincere,elo,series,0.5136,2026-09-06 23:07:58.313161+00:00,111.87,,0,2,3,2026-09-12T09:44:20.060864+00:00
LEC/2026 Season/Summer Playoffs_Round 1_3,2026-09-11 15:00:00+00:00,LEC/2026 Season/Summer Playoffs,5,GIANTX,Natus Vincere,polymarket,series,0.475,2026-09-06 23:07:58.313161+00:00,111.87,732.8792,0,2,3,2026-09-12T09:44:20.060864+00:00
LEC/2026 Season/Summer Playoffs_Round 1_3,2026-09-11 15:00:00+00:00,LEC/2026 Season/Summer Playoffs,5,GIANTX,Natus Vincere,lolcast,sweep_team1,0.1198,2026-09-06 23:07:58.313161+00:00,111.87,,0,2,3,2026-09-12T09:44:20.060864+00:00
LEC/2026 Season/Summer Playoffs_Round 1_3,2026-09-11 15:00:00+00:00,LEC/2026 Season/Summer Playoffs,5,GIANTX,Natus Vincere,elo,sweep_team1,0.1248,2026-09-06 23:07:58.313161+00:00,111.87,,0,2,3,2026-09-12T09:44:20.060864+00:00
LEC/2026 Season/Summer Playoffs_Round 1_3,2026-09-11 15:00:00+00:00,LEC/2026 Season/Summer Playoffs,5,GIANTX,Natus Vincere,lolcast,sweep_team2,0.1198,2026-09-06 23:07:58.313161+00:00,111.87,,0,2,3,2026-09-12T09:44:20.060864+00:00
LEC/2026 Season/Summer Playoffs_Round 1_3,2026-09-11 15:00:00+00:00,LEC/2026 Season/Summer Playoffs,5,GIANTX,Natus Vincere,elo,sweep_team2,0.1142,2026-09-06 23:07:58.313161+00:00,111.87,,0,2,3,2026-09-12T09:44:20.060864+00:00
LCK/2026 Season/Season Playoffs_Round 4_2,2026-09-12 05:00:00+00:00,LCK/2026 Season/Season Playoffs,5,Hanwha Life Esports,T1,lolcast,series,0.5147,2026-09-06 23:07:58.313161+00:00,125.87,,1,3,1,2026-09-12T09:44:20.060864+00:00
LCK/2026 Season/Season Playoffs_Round 4_2,2026-09-12 05:00:00+00:00,LCK/2026 Season/Season Playoffs,5,Hanwha Life Esports,T1,elo,series,0.545,2026-09-06 23:07:58.313161+00:00,125.87,,1,3,1,2026-09-12T09:44:20.060864+00:00
LCK/2026 Season/Season Playoffs_Round 4_2,2026-09-12 05:00:00+00:00,LCK/2026 Season/Season Playoffs,5,Hanwha Life Esports,T1,polymarket,series,0.6,2026-09-06 23:07:58.313161+00:00,125.87,1158.4249,1,3,1,2026-09-12T09:44:20.060864+00:00
LCK/2026 Season/Season Playoffs_Round 4_2,2026-09-12 05:00:00+00:00,LCK/2026 Season/Season Playoffs,5,Hanwha Life Esports,T1,lolcast,sweep_team1,0.1245,2026-09-06 23:07:58.313161+00:00,125.87,,0,3,1,2026-09-12T09:44:20.060864+00:00
LCK/2026 Season/Season Playoffs_Round 4_2,2026-09-12 05:00:00+00:00,LCK/2026 Season/Season Playoffs,5,Hanwha Life Esports,T1,elo,sweep_team1,0.1378,2026-09-06 23:07:58.313161+00:00,125.87,,0,3,1,2026-09-12T09:44:20.060864+00:00
LCK/2026 Season/Season Playoffs_Round 4_2,2026-09-12 05:00:00+00:00,LCK/2026 Season/Season Playoffs,5,Hanwha Life Esports,T1,lolcast,sweep_team2,0.1131,2026-09-06 23:07:58.313161+00:00,125.87,,0,3,1,2026-09-12T09:44:20.060864+00:00
LCK/2026 Season/Season Playoffs_Round 4_2,2026-09-12 05:00:00+00:00,LCK/2026 Season/Season Playoffs,5,Hanwha Life Esports,T1,elo,sweep_team2,0.1028,2026-09-06 23:07:58.313161+00:00,125.87,,0,3,1,2026-09-12T09:44:20.060864+00:00
LEC/2026 Season/Summer Playoffs_Round 1_4,2026-09-12 15:00:00+00:00,LEC/2026 Season/Summer Playoffs,5,Team Vitality,Movistar KOI,lolcast,series,0.6674,2026-09-06 23:07:58.313161+00:00,135.87,,,,,
LEC/2026 Season/Summer Playoffs_Round 1_4,2026-09-12 15:00:00+00:00,LEC/2026 Season/Summer Playoffs,5,Team Vitality,Movistar KOI,elo,series,0.5931,2026-09-06 23:07:58.313161+00:00,135.87,,,,,
LEC/2026 Season/Summer Playoffs_Round 1_4,2026-09-12 15:00:00+00:00,LEC/2026 Season/Summer Playoffs,5,Team Vitality,Movistar KOI,polymarket,series,0.485,2026-09-06 23:07:58.313161+00:00,135.87,1632.9196,,,,
LEC/2026 Season/Summer Playoffs_Round 1_4,2026-09-12 15:00:00+00:00,LEC/2026 Season/Summer Playoffs,5,Team Vitality,Movistar KOI,lolcast,sweep_team1,0.1979,2026-09-06 23:07:58.313161+00:00,135.87,,,,,
LEC/2026 Season/Summer Playoffs_Round 1_4,2026-09-12 15:00:00+00:00,LEC/2026 Season/Summer Playoffs,5,Team Vitality,Movistar KOI,elo,sweep_team1,0.1596,2026-09-06 23:07:58.313161+00:00,135.87,,,,,
LEC/2026 Season/Summer Playoffs_Round 1_4,2026-09-12 15:00:00+00:00,LEC/2026 Season/Summer Playoffs,5,Team Vitality,Movistar KOI,lolcast,sweep_team2,0.0641,2026-09-06 23:07:58.313161+00:00,135.87,,,,,
LEC/2026 Season/Summer Playoffs_Round 1_4,2026-09-12 15:00:00+00:00,LEC/2026 Season/Summer Playoffs,5,Team Vitality,Movistar KOI,elo,sweep_team2,0.0867,2026-09-06 23:07:58.313161+00:00,135.87,,,,,
CBLOL/2026 Season/Split 2 Playoffs_Round 2_1,2026-09-12 16:00:00+00:00,CBLOL/2026 Season/Split 2 Playoffs,5,LØS,FURIA,lolcast,series,0.2902,2026-09-06 23:07:58.313161+00:00,136.87,,,,,
CBLOL/2026 Season/Split 2 Playoffs_Round 2_1,2026-09-12 16:00:00+00:00,CBLOL/2026 Season/Split 2 Playoffs,5,LØS,FURIA,elo,series,0.3596,2026-09-06 23:07:58.313161+00:00,136.87,,,,,
CBLOL/2026 Season/Split 2 Playoffs_Round 2_1,2026-09-12 16:00:00+00:00,CBLOL/2026 Season/Split 2 Playoffs,5,LØS,FURIA,lolcast,sweep_team1,0.0524,2026-09-06 23:07:58.313161+00:00,136.87,,,,,
CBLOL/2026 Season/Split 2 Playoffs_Round 2_1,2026-09-12 16:00:00+00:00,CBLOL/2026 Season/Split 2 Playoffs,5,LØS,FURIA,elo,sweep_team1,0.0723,2026-09-06 23:07:58.313161+00:00,136.87,,,,,
CBLOL/2026 Season/Split 2 Playoffs_Round 2_1,2026-09-12 16:00:00+00:00,CBLOL/2026 Season/Split 2 Playoffs,5,LØS,FURIA,lolcast,sweep_team2,0.2226,2026-09-06 23:07:58.313161+00:00,136.87,,,,,
CBLOL/2026 Season/Split 2 Playoffs_Round 2_1,2026-09-12 16:00:00+00:00,CBLOL/2026 Season/Split 2 Playoffs,5,LØS,FURIA,elo,sweep_team2,0.1839,2026-09-06 23:07:58.313161+00:00,136.87,,,,,
LCS/2026 Season/Summer Playoffs_Round 1_1,2026-09-12 20:00:00+00:00,LCS/2026 Season/Summer Playoffs,5,Sentinels,FlyQuest,lolcast,series,0.4853,2026-09-06 23:07:58.313161+00:00,140.87,,,,,
LCS/2026 Season/Summer Playoffs_Round 1_1,2026-09-12 20:00:00+00:00,LCS/2026 Season/Summer Playoffs,5,Sentinels,FlyQuest,elo,series,0.451,2026-09-06 23:07:58.313161+00:00,140.87,,,,,
LCS/2026 Season/Summer Playoffs_Round 1_1,2026-09-12 20:00:00+00:00,LCS/2026 Season/Summer Playoffs,5,Sentinels,FlyQuest,lolcast,sweep_team1,0.1131,2026-09-06 23:07:58.313161+00:00,140.87,,,,,
LCS/2026 Season/Summer Playoffs_Round 1_1,2026-09-12 20:00:00+00:00,LCS/2026 Season/Summer Playoffs,5,Sentinels,FlyQuest,elo,sweep_team1,0.1014,2026-09-06 23:07:58.313161+00:00,140.87,,,,,
LCS/2026 Season/Summer Playoffs_Round 1_1,2026-09-12 20:00:00+00:00,LCS/2026 Season/Summer Playoffs,5,Sentinels,FlyQuest,lolcast,sweep_team2,0.1245,2026-09-06 23:07:58.313161+00:00,140.87,,,,,
LCS/2026 Season/Summer Playoffs_Round 1_1,2026-09-12 20:00:00+00:00,LCS/2026 Season/Summer Playoffs,5,Sentinels,FlyQuest,elo,sweep_team2,0.1395,2026-09-06 23:07:58.313161+00:00,140.87,,,,,
CBLOL/2026 Season/Split 2 Playoffs_Round 2_2,2026-09-13 16:00:00+00:00,CBLOL/2026 Season/Split 2 Playoffs,5,LOUD,paiN Gaming,lolcast,series,0.8602,2026-09-06 23:07:58.313161+00:00,160.87,,,,,
CBLOL/2026 Season/Split 2 Playoffs_Round 2_2,2026-09-13 16:00:00+00:00,CBLOL/2026 Season/Split 2 Playoffs,5,LOUD,paiN Gaming,elo,series,0.824,2026-09-06 23:07:58.313161+00:00,160.87,,,,,
CBLOL/2026 Season/Split 2 Playoffs_Round 2_2,2026-09-13 16:00:00+00:00,CBLOL/2026 Season/Split 2 Playoffs,5,LOUD,paiN Gaming,lolcast,sweep_team1,0.3569,2026-09-06 23:07:58.313161+00:00,160.87,,,,,
CBLOL/2026 Season/Split 2 Playoffs_Round 2_2,2026-09-13 16:00:00+00:00,CBLOL/2026 Season/Split 2 Playoffs,5,LOUD,paiN Gaming,elo,sweep_team1,0.3199,2026-09-06 23:07:58.313161+00:00,160.87,,,,,
CBLOL/2026 Season/Split 2 Playoffs_Round 2_2,2026-09-13 16:00:00+00:00,CBLOL/2026 Season/Split 2 Playoffs,5,LOUD,paiN Gaming,lolcast,sweep_team2,0.0203,2026-09-06 23:07:58.313161+00:00,160.87,,,,,
CBLOL/2026 Season/Split 2 Playoffs_Round 2_2,2026-09-13 16:00:00+00:00,CBLOL/2026 Season/Split 2 Playoffs,5,LOUD,paiN Gaming,elo,sweep_team2,0.0279,2026-09-06 23:07:58.313161+00:00,160.87,,,,,
LCS/2026 Season/Summer Playoffs_Round 1_2,2026-09-13 20:00:00+00:00,LCS/2026 Season/Summer Playoffs,5,Cloud9,Shopify Rebellion,lolcast,series,0.8667,2026-09-06 23:07:58.313161+00:00,164.87,,,,,
LCS/2026 Season/Summer Playoffs_Round 1_2,2026-09-13 20:00:00+00:00,LCS/2026 Season/Summer Playoffs,5,Cloud9,Shopify Rebellion,elo,series,0.8472,2026-09-06 23:07:58.313161+00:00,164.87,,,,,
LCS/2026 Season/Summer Playoffs_Round 1_2,2026-09-13 20:00:00+00:00,LCS/2026 Season/Summer Playoffs,5,Cloud9,Shopify Rebellion,lolcast,sweep_team1,0.3652,2026-09-06 23:07:58.313161+00:00,164.87,,,,,
LCS/2026 Season/Summer Playoffs_Round 1_2,2026-09-13 20:00:00+00:00,LCS/2026 Season/Summer Playoffs,5,Cloud9,Shopify Rebellion,elo,sweep_team1,0.3454,2026-09-06 23:07:58.313161+00:00,164.87,,,,,
LCS/2026 Season/Summer Playoffs_Round 1_2,2026-09-13 20:00:00+00:00,LCS/2026 Season/Summer Playoffs,5,Cloud9,Shopify Rebellion,lolcast,sweep_team2,0.0192,2026-09-06 23:07:58.313161+00:00,164.87,,,,,
LCS/2026 Season/Summer Playoffs_Round 1_2,2026-09-13 20:00:00+00:00,LCS/2026 Season/Summer Playoffs,5,Cloud9,Shopify Rebellion,elo,sweep_team2,0.0234,2026-09-06 23:07:58.313161+00:00,164.87,,,,,
North American Challengers League/2026 Season/Summer Playoffs_Round 2_4,2026-09-07 17:00:00+00:00,North American Challengers League/2026 Season/Summer Playoffs,5,NRG,Conviction,lolcast,series,0.4789,2026-09-07 10:58:27.980912+00:00,6.03,,1.0,3.0,2.0,2026-09-08 10:14:32.749756+00:00
North American Challengers League/2026 Season/Summer Playoffs_Round 2_4,2026-09-07 17:00:00+00:00,North American Challengers League/2026 Season/Summer Playoffs,5,NRG,Conviction,elo,series,0.3316,2026-09-07 10:58:27.980912+00:00,6.03,,1.0,3.0,2.0,2026-09-08 10:14:32.749756+00:00
North American Challengers League/2026 Season/Summer Playoffs_Round 2_4,2026-09-07 17:00:00+00:00,North American Challengers League/2026 Season/Summer Playoffs,5,NRG,Conviction,lolcast,sweep_team1,0.1113,2026-09-07 10:58:27.980912+00:00,6.03,,0.0,3.0,2.0,2026-09-08 10:14:32.749756+00:00
North American Challengers League/2026 Season/Summer Playoffs_Round 2_4,2026-09-07 17:00:00+00:00,North American Challengers League/2026 Season/Summer Playoffs,5,NRG,Conviction,elo,sweep_team1,0.0644,2026-09-07 10:58:27.980912+00:00,6.03,,0.0,3.0,2.0,2026-09-08 10:14:32.749756+00:00
North American Challengers League/2026 Season/Summer Playoffs_Round 2_4,2026-09-07 17:00:00+00:00,North American Challengers League/2026 Season/Summer Playoffs,5,NRG,Conviction,lolcast,sweep_team2,0.1277,2026-09-07 10:58:27.980912+00:00,6.03,,0.0,3.0,2.0,2026-09-08 10:14:32.749756+00:00
North American Challengers League/2026 Season/Summer Playoffs_Round 2_4,2026-09-07 17:00:00+00:00,North American Challengers League/2026 Season/Summer Playoffs,5,NRG,Conviction,elo,sweep_team2,0.1997,2026-09-07 10:58:27.980912+00:00,6.03,,0.0,3.0,2.0,2026-09-08 10:14:32.749756+00:00
LPL/2026 Season/Grand Finals_Round 3_1,2026-09-08 09:00:00+00:00,LPL/2026 Season/Grand Finals,5,Invictus Gaming,LGD Gaming,lolcast,series,0.5342,2026-09-07 10:58:27.980912+00:00,22.03,,1.0,3.0,0.0,2026-09-09 10:19:18.281616+00:00
LPL/2026 Season/Grand Finals_Round 3_1,2026-09-08 09:00:00+00:00,LPL/2026 Season/Grand Finals,5,Invictus Gaming,LGD Gaming,elo,series,0.5305,2026-09-07 10:58:27.980912+00:00,22.03,,1.0,3.0,0.0,2026-09-09 10:19:18.281616+00:00
LPL/2026 Season/Grand Finals_Round 3_1,2026-09-08 09:00:00+00:00,LPL/2026 Season/Grand Finals,5,Invictus Gaming,LGD Gaming,polymarket,series,0.58,2026-09-07 10:58:27.980912+00:00,22.03,19680.5221,1.0,3.0,0.0,2026-09-09 10:19:18.281616+00:00
LPL/2026 Season/Grand Finals_Round 3_1,2026-09-08 09:00:00+00:00,LPL/2026 Season/Grand Finals,5,Invictus Gaming,LGD Gaming,lolcast,sweep_team1,0.132,2026-09-07 10:58:27.980912+00:00,22.03,,1.0,3.0,0.0,2026-09-09 10:19:18.281616+00:00
LPL/2026 Season/Grand Finals_Round 3_1,2026-09-08 09:00:00+00:00,LPL/2026 Season/Grand Finals,5,Invictus Gaming,LGD Gaming,elo,sweep_team1,0.1316,2026-09-07 10:58:27.980912+00:00,22.03,,1.0,3.0,0.0,2026-09-09 10:19:18.281616+00:00
LPL/2026 Season/Grand Finals_Round 3_1,2026-09-08 09:00:00+00:00,LPL/2026 Season/Grand Finals,5,Invictus Gaming,LGD Gaming,lolcast,sweep_team2,0.1056,2026-09-07 10:58:27.980912+00:00,22.03,,0.0,3.0,0.0,2026-09-09 10:19:18.281616+00:00
LPL/2026 Season/Grand Finals_Round 3_1,2026-09-08 09:00:00+00:00,LPL/2026 Season/Grand Finals,5,Invictus Gaming,LGD Gaming,elo,sweep_team2,0.108,2026-09-07 10:58:27.980912+00:00,22.03,,0.0,3.0,0.0,2026-09-09 10:19:18.281616+00:00
LEC/2026 Season/Summer Playoffs_Round 1_3,2026-09-11 15:00:00+00:00,LEC/2026 Season/Summer Playoffs,5,GIANTX,Natus Vincere,lolcast,series,0.5,2026-09-07 10:58:27.980912+00:00,100.03,,0,2,3,2026-09-12T09:44:20.060864+00:00
LEC/2026 Season/Summer Playoffs_Round 1_3,2026-09-11 15:00:00+00:00,LEC/2026 Season/Summer Playoffs,5,GIANTX,Natus Vincere,elo,series,0.5136,2026-09-07 10:58:27.980912+00:00,100.03,,0,2,3,2026-09-12T09:44:20.060864+00:00
LEC/2026 Season/Summer Playoffs_Round 1_3,2026-09-11 15:00:00+00:00,LEC/2026 Season/Summer Playoffs,5,GIANTX,Natus Vincere,polymarket,series,0.475,2026-09-07 10:58:27.980912+00:00,100.03,885.5386,0,2,3,2026-09-12T09:44:20.060864+00:00
LEC/2026 Season/Summer Playoffs_Round 1_3,2026-09-11 15:00:00+00:00,LEC/2026 Season/Summer Playoffs,5,GIANTX,Natus Vincere,lolcast,sweep_team1,0.1199,2026-09-07 10:58:27.980912+00:00,100.03,,0,2,3,2026-09-12T09:44:20.060864+00:00
LEC/2026 Season/Summer Playoffs_Round 1_3,2026-09-11 15:00:00+00:00,LEC/2026 Season/Summer Playoffs,5,GIANTX,Natus Vincere,elo,sweep_team1,0.1248,2026-09-07 10:58:27.980912+00:00,100.03,,0,2,3,2026-09-12T09:44:20.060864+00:00
LEC/2026 Season/Summer Playoffs_Round 1_3,2026-09-11 15:00:00+00:00,LEC/2026 Season/Summer Playoffs,5,GIANTX,Natus Vincere,lolcast,sweep_team2,0.1199,2026-09-07 10:58:27.980912+00:00,100.03,,0,2,3,2026-09-12T09:44:20.060864+00:00
LEC/2026 Season/Summer Playoffs_Round 1_3,2026-09-11 15:00:00+00:00,LEC/2026 Season/Summer Playoffs,5,GIANTX,Natus Vincere,elo,sweep_team2,0.1142,2026-09-07 10:58:27.980912+00:00,100.03,,0,2,3,2026-09-12T09:44:20.060864+00:00
LCK/2026 Season/Season Playoffs_Round 4_2,2026-09-12 05:00:00+00:00,LCK/2026 Season/Season Playoffs,5,Hanwha Life Esports,T1,lolcast,series,0.5143,2026-09-07 10:58:27.980912+00:00,114.03,,1,3,1,2026-09-12T09:44:20.060864+00:00
LCK/2026 Season/Season Playoffs_Round 4_2,2026-09-12 05:00:00+00:00,LCK/2026 Season/Season Playoffs,5,Hanwha Life Esports,T1,elo,series,0.545,2026-09-07 10:58:27.980912+00:00,114.03,,1,3,1,2026-09-12T09:44:20.060864+00:00
LCK/2026 Season/Season Playoffs_Round 4_2,2026-09-12 05:00:00+00:00,LCK/2026 Season/Season Playoffs,5,Hanwha Life Esports,T1,polymarket,series,0.585,2026-09-07 10:58:27.980912+00:00,114.03,9079.0318,1,3,1,2026-09-12T09:44:20.060864+00:00
LCK/2026 Season/Season Playoffs_Round 4_2,2026-09-12 05:00:00+00:00,LCK/2026 Season/Season Playoffs,5,Hanwha Life Esports,T1,lolcast,sweep_team1,0.1244,2026-09-07 10:58:27.980912+00:00,114.03,,0,3,1,2026-09-12T09:44:20.060864+00:00
LCK/2026 Season/Season Playoffs_Round 4_2,2026-09-12 05:00:00+00:00,LCK/2026 Season/Season Playoffs,5,Hanwha Life Esports,T1,elo,sweep_team1,0.1378,2026-09-07 10:58:27.980912+00:00,114.03,,0,3,1,2026-09-12T09:44:20.060864+00:00
LCK/2026 Season/Season Playoffs_Round 4_2,2026-09-12 05:00:00+00:00,LCK/2026 Season/Season Playoffs,5,Hanwha Life Esports,T1,lolcast,sweep_team2,0.1134,2026-09-07 10:58:27.980912+00:00,114.03,,0,3,1,2026-09-12T09:44:20.060864+00:00
LCK/2026 Season/Season Playoffs_Round 4_2,2026-09-12 05:00:00+00:00,LCK/2026 Season/Season Playoffs,5,Hanwha Life Esports,T1,elo,sweep_team2,0.1028,2026-09-07 10:58:27.980912+00:00,114.03,,0,3,1,2026-09-12T09:44:20.060864+00:00
LEC/2026 Season/Summer Playoffs_Round 1_4,2026-09-12 15:00:00+00:00,LEC/2026 Season/Summer Playoffs,5,Team Vitality,Movistar KOI,lolcast,series,0.6648,2026-09-07 10:58:27.980912+00:00,124.03,,,,,
LEC/2026 Season/Summer Playoffs_Round 1_4,2026-09-12 15:00:00+00:00,LEC/2026 Season/Summer Playoffs,5,Team Vitality,Movistar KOI,elo,series,0.5931,2026-09-07 10:58:27.980912+00:00,124.03,,,,,
LEC/2026 Season/Summer Playoffs_Round 1_4,2026-09-12 15:00:00+00:00,LEC/2026 Season/Summer Playoffs,5,Team Vitality,Movistar KOI,polymarket,series,0.49,2026-09-07 10:58:27.980912+00:00,124.03,1971.0786,,,,
LEC/2026 Season/Summer Playoffs_Round 1_4,2026-09-12 15:00:00+00:00,LEC/2026 Season/Summer Playoffs,5,Team Vitality,Movistar KOI,lolcast,sweep_team1,0.1967,2026-09-07 10:58:27.980912+00:00,124.03,,,,,
LEC/2026 Season/Summer Playoffs_Round 1_4,2026-09-12 15:00:00+00:00,LEC/2026 Season/Summer Playoffs,5,Team Vitality,Movistar KOI,elo,sweep_team1,0.1596,2026-09-07 10:58:27.980912+00:00,124.03,,,,,
LEC/2026 Season/Summer Playoffs_Round 1_4,2026-09-12 15:00:00+00:00,LEC/2026 Season/Summer Playoffs,5,Team Vitality,Movistar KOI,lolcast,sweep_team2,0.0649,2026-09-07 10:58:27.980912+00:00,124.03,,,,,
LEC/2026 Season/Summer Playoffs_Round 1_4,2026-09-12 15:00:00+00:00,LEC/2026 Season/Summer Playoffs,5,Team Vitality,Movistar KOI,elo,sweep_team2,0.0867,2026-09-07 10:58:27.980912+00:00,124.03,,,,,
CBLOL/2026 Season/Split 2 Playoffs_Round 2_1,2026-09-12 16:00:00+00:00,CBLOL/2026 Season/Split 2 Playoffs,5,LØS,FURIA,lolcast,series,0.292,2026-09-07 10:58:27.980912+00:00,125.03,,,,,
CBLOL/2026 Season/Split 2 Playoffs_Round 2_1,2026-09-12 16:00:00+00:00,CBLOL/2026 Season/Split 2 Playoffs,5,LØS,FURIA,elo,series,0.3596,2026-09-07 10:58:27.980912+00:00,125.03,,,,,
CBLOL/2026 Season/Split 2 Playoffs_Round 2_1,2026-09-12 16:00:00+00:00,CBLOL/2026 Season/Split 2 Playoffs,5,LØS,FURIA,lolcast,sweep_team1,0.0527,2026-09-07 10:58:27.980912+00:00,125.03,,,,,
CBLOL/2026 Season/Split 2 Playoffs_Round 2_1,2026-09-12 16:00:00+00:00,CBLOL/2026 Season/Split 2 Playoffs,5,LØS,FURIA,elo,sweep_team1,0.0723,2026-09-07 10:58:27.980912+00:00,125.03,,,,,
CBLOL/2026 Season/Split 2 Playoffs_Round 2_1,2026-09-12 16:00:00+00:00,CBLOL/2026 Season/Split 2 Playoffs,5,LØS,FURIA,lolcast,sweep_team2,0.2212,2026-09-07 10:58:27.980912+00:00,125.03,,,,,
CBLOL/2026 Season/Split 2 Playoffs_Round 2_1,2026-09-12 16:00:00+00:00,CBLOL/2026 Season/Split 2 Playoffs,5,LØS,FURIA,elo,sweep_team2,0.1839,2026-09-07 10:58:27.980912+00:00,125.03,,,,,
LCS/2026 Season/Summer Playoffs_Round 1_1,2026-09-12 20:00:00+00:00,LCS/2026 Season/Summer Playoffs,5,Cloud9,Shopify Rebellion,lolcast,series,0.8656,2026-09-07 10:58:27.980912+00:00,129.03,,,,,
LCS/2026 Season/Summer Playoffs_Round 1_1,2026-09-12 20:00:00+00:00,LCS/2026 Season/Summer Playoffs,5,Cloud9,Shopify Rebellion,elo,series,0.8472,2026-09-07 10:58:27.980912+00:00,129.03,,,,,
LCS/2026 Season/Summer Playoffs_Round 1_1,2026-09-12 20:00:00+00:00,LCS/2026 Season/Summer Playoffs,5,Cloud9,Shopify Rebellion,polymarket,series,0.5,2026-09-07 10:58:27.980912+00:00,129.03,657.8198,,,,
LCS/2026 Season/Summer Playoffs_Round 1_1,2026-09-12 20:00:00+00:00,LCS/2026 Season/Summer Playoffs,5,Cloud9,Shopify Rebellion,lolcast,sweep_team1,0.3636,2026-09-07 10:58:27.980912+00:00,129.03,,,,,
LCS/2026 Season/Summer Playoffs_Round 1_1,2026-09-12 20:00:00+00:00,LCS/2026 Season/Summer Playoffs,5,Cloud9,Shopify Rebellion,elo,sweep_team1,0.3454,2026-09-07 10:58:27.980912+00:00,129.03,,,,,
LCS/2026 Season/Summer Playoffs_Round 1_1,2026-09-12 20:00:00+00:00,LCS/2026 Season/Summer Playoffs,5,Cloud9,Shopify Rebellion,lolcast,sweep_team2,0.0193,2026-09-07 10:58:27.980912+00:00,129.03,,,,,
LCS/2026 Season/Summer Playoffs_Round 1_1,2026-09-12 20:00:00+00:00,LCS/2026 Season/Summer Playoffs,5,Cloud9,Shopify Rebellion,elo,sweep_team2,0.0234,2026-09-07 10:58:27.980912+00:00,129.03,,,,,
CBLOL/2026 Season/Split 2 Playoffs_Round 2_2,2026-09-13 16:00:00+00:00,CBLOL/2026 Season/Split 2 Playoffs,5,LOUD,paiN Gaming,lolcast,series,0.8606,2026-09-07 10:58:27.980912+00:00,149.03,,,,,
CBLOL/2026 Season/Split 2 Playoffs_Round 2_2,2026-09-13 16:00:00+00:00,CBLOL/2026 Season/Split 2 Playoffs,5,LOUD,paiN Gaming,elo,series,0.824,2026-09-07 10:58:27.980912+00:00,149.03,,,,,
CBLOL/2026 Season/Split 2 Playoffs_Round 2_2,2026-09-13 16:00:00+00:00,CBLOL/2026 Season/Split 2 Playoffs,5,LOUD,paiN Gaming,lolcast,sweep_team1,0.3574,2026-09-07 10:58:27.980912+00:00,149.03,,,,,
CBLOL/2026 Season/Split 2 Playoffs_Round 2_2,2026-09-13 16:00:00+00:00,CBLOL/2026 Season/Split 2 Playoffs,5,LOUD,paiN Gaming,elo,sweep_team1,0.3199,2026-09-07 10:58:27.980912+00:00,149.03,,,,,
CBLOL/2026 Season/Split 2 Playoffs_Round 2_2,2026-09-13 16:00:00+00:00,CBLOL/2026 Season/Split 2 Playoffs,5,LOUD,paiN Gaming,lolcast,sweep_team2,0.0203,2026-09-07 10:58:27.980912+00:00,149.03,,,,,
CBLOL/2026 Season/Split 2 Playoffs_Round 2_2,2026-09-13 16:00:00+00:00,CBLOL/2026 Season/Split 2 Playoffs,5,LOUD,paiN Gaming,elo,sweep_team2,0.0279,2026-09-07 10:58:27.980912+00:00,149.03,,,,,
LCS/2026 Season/Summer Playoffs_Round 1_2,2026-09-13 20:00:00+00:00,LCS/2026 Season/Summer Playoffs,5,Sentinels,FlyQuest,lolcast,series,0.4857,2026-09-07 10:58:27.980912+00:00,153.03,,,,,
LCS/2026 Season/Summer Playoffs_Round 1_2,2026-09-13 20:00:00+00:00,LCS/2026 Season/Summer Playoffs,5,Sentinels,FlyQuest,elo,series,0.451,2026-09-07 10:58:27.980912+00:00,153.03,,,,,
LCS/2026 Season/Summer Playoffs_Round 1_2,2026-09-13 20:00:00+00:00,LCS/2026 Season/Summer Playoffs,5,Sentinels,FlyQuest,polymarket,series,0.55,2026-09-07 10:58:27.980912+00:00,153.03,1162.1396,,,,
LCS/2026 Season/Summer Playoffs_Round 1_2,2026-09-13 20:00:00+00:00,LCS/2026 Season/Summer Playoffs,5,Sentinels,FlyQuest,lolcast,sweep_team1,0.1134,2026-09-07 10:58:27.980912+00:00,153.03,,,,,
LCS/2026 Season/Summer Playoffs_Round 1_2,2026-09-13 20:00:00+00:00,LCS/2026 Season/Summer Playoffs,5,Sentinels,FlyQuest,elo,sweep_team1,0.1014,2026-09-07 10:58:27.980912+00:00,153.03,,,,,
LCS/2026 Season/Summer Playoffs_Round 1_2,2026-09-13 20:00:00+00:00,LCS/2026 Season/Summer Playoffs,5,Sentinels,FlyQuest,lolcast,sweep_team2,0.1244,2026-09-07 10:58:27.980912+00:00,153.03,,,,,
LCS/2026 Season/Summer Playoffs_Round 1_2,2026-09-13 20:00:00+00:00,LCS/2026 Season/Summer Playoffs,5,Sentinels,FlyQuest,elo,sweep_team2,0.1395,2026-09-07 10:58:27.980912+00:00,153.03,,,,,
North American Challengers League/2026 Season/Summer Playoffs_Round 2_4,2026-09-07 17:00:00+00:00,North American Challengers League/2026 Season/Summer Playoffs,5,NRG,Conviction,lolcast,series,0.4774,2026-09-07 11:41:39.190901+00:00,5.31,,1.0,3.0,2.0,2026-09-08 10:14:32.749756+00:00
North American Challengers League/2026 Season/Summer Playoffs_Round 2_4,2026-09-07 17:00:00+00:00,North American Challengers League/2026 Season/Summer Playoffs,5,NRG,Conviction,elo,series,0.3316,2026-09-07 11:41:39.190901+00:00,5.31,,1.0,3.0,2.0,2026-09-08 10:14:32.749756+00:00
North American Challengers League/2026 Season/Summer Playoffs_Round 2_4,2026-09-07 17:00:00+00:00,North American Challengers League/2026 Season/Summer Playoffs,5,NRG,Conviction,lolcast,sweep_team1,0.1107,2026-09-07 11:41:39.190901+00:00,5.31,,0.0,3.0,2.0,2026-09-08 10:14:32.749756+00:00
North American Challengers League/2026 Season/Summer Playoffs_Round 2_4,2026-09-07 17:00:00+00:00,North American Challengers League/2026 Season/Summer Playoffs,5,NRG,Conviction,elo,sweep_team1,0.0644,2026-09-07 11:41:39.190901+00:00,5.31,,0.0,3.0,2.0,2026-09-08 10:14:32.749756+00:00
North American Challengers League/2026 Season/Summer Playoffs_Round 2_4,2026-09-07 17:00:00+00:00,North American Challengers League/2026 Season/Summer Playoffs,5,NRG,Conviction,lolcast,sweep_team2,0.1283,2026-09-07 11:41:39.190901+00:00,5.31,,0.0,3.0,2.0,2026-09-08 10:14:32.749756+00:00
North American Challengers League/2026 Season/Summer Playoffs_Round 2_4,2026-09-07 17:00:00+00:00,North American Challengers League/2026 Season/Summer Playoffs,5,NRG,Conviction,elo,sweep_team2,0.1997,2026-09-07 11:41:39.190901+00:00,5.31,,0.0,3.0,2.0,2026-09-08 10:14:32.749756+00:00
LPL/2026 Season/Grand Finals_Round 3_1,2026-09-08 09:00:00+00:00,LPL/2026 Season/Grand Finals,5,Invictus Gaming,LGD Gaming,lolcast,series,0.5436,2026-09-07 11:41:39.190901+00:00,21.31,,1.0,3.0,0.0,2026-09-09 10:19:18.281616+00:00
LPL/2026 Season/Grand Finals_Round 3_1,2026-09-08 09:00:00+00:00,LPL/2026 Season/Grand Finals,5,Invictus Gaming,LGD Gaming,elo,series,0.5305,2026-09-07 11:41:39.190901+00:00,21.31,,1.0,3.0,0.0,2026-09-09 10:19:18.281616+00:00
LPL/2026 Season/Grand Finals_Round 3_1,2026-09-08 09:00:00+00:00,LPL/2026 Season/Grand Finals,5,Invictus Gaming,LGD Gaming,polymarket,series,0.575,2026-09-07 11:41:39.190901+00:00,21.31,30330.0699,1.0,3.0,0.0,2026-09-09 10:19:18.281616+00:00
LPL/2026 Season/Grand Finals_Round 3_1,2026-09-08 09:00:00+00:00,LPL/2026 Season/Grand Finals,5,Invictus Gaming,LGD Gaming,lolcast,sweep_team1,0.1366,2026-09-07 11:41:39.190901+00:00,21.31,,1.0,3.0,0.0,2026-09-09 10:19:18.281616+00:00
LPL/2026 Season/Grand Finals_Round 3_1,2026-09-08 09:00:00+00:00,LPL/2026 Season/Grand Finals,5,Invictus Gaming,LGD Gaming,elo,sweep_team1,0.1317,2026-09-07 11:41:39.190901+00:00,21.31,,1.0,3.0,0.0,2026-09-09 10:19:18.281616+00:00
LPL/2026 Season/Grand Finals_Round 3_1,2026-09-08 09:00:00+00:00,LPL/2026 Season/Grand Finals,5,Invictus Gaming,LGD Gaming,lolcast,sweep_team2,0.1028,2026-09-07 11:41:39.190901+00:00,21.31,,0.0,3.0,0.0,2026-09-09 10:19:18.281616+00:00
LPL/2026 Season/Grand Finals_Round 3_1,2026-09-08 09:00:00+00:00,LPL/2026 Season/Grand Finals,5,Invictus Gaming,LGD Gaming,elo,sweep_team2,0.108,2026-09-07 11:41:39.190901+00:00,21.31,,0.0,3.0,0.0,2026-09-09 10:19:18.281616+00:00
LEC/2026 Season/Summer Playoffs_Round 1_3,2026-09-11 15:00:00+00:00,LEC/2026 Season/Summer Playoffs,5,GIANTX,Natus Vincere,lolcast,series,0.5,2026-09-07 11:41:39.190901+00:00,99.31,,0,2,3,2026-09-12T09:44:20.060864+00:00
LEC/2026 Season/Summer Playoffs_Round 1_3,2026-09-11 15:00:00+00:00,LEC/2026 Season/Summer Playoffs,5,GIANTX,Natus Vincere,elo,series,0.5136,2026-09-07 11:41:39.190901+00:00,99.31,,0,2,3,2026-09-12T09:44:20.060864+00:00
LEC/2026 Season/Summer Playoffs_Round 1_3,2026-09-11 15:00:00+00:00,LEC/2026 Season/Summer Playoffs,5,GIANTX,Natus Vincere,polymarket,series,0.475,2026-09-07 11:41:39.190901+00:00,99.31,880.1786,0,2,3,2026-09-12T09:44:20.060864+00:00
LEC/2026 Season/Summer Playoffs_Round 1_3,2026-09-11 15:00:00+00:00,LEC/2026 Season/Summer Playoffs,5,GIANTX,Natus Vincere,lolcast,sweep_team1,0.1197,2026-09-07 11:41:39.190901+00:00,99.31,,0,2,3,2026-09-12T09:44:20.060864+00:00
LEC/2026 Season/Summer Playoffs_Round 1_3,2026-09-11 15:00:00+00:00,LEC/2026 Season/Summer Playoffs,5,GIANTX,Natus Vincere,elo,sweep_team1,0.1248,2026-09-07 11:41:39.190901+00:00,99.31,,0,2,3,2026-09-12T09:44:20.060864+00:00
LEC/2026 Season/Summer Playoffs_Round 1_3,2026-09-11 15:00:00+00:00,LEC/2026 Season/Summer Playoffs,5,GIANTX,Natus Vincere,lolcast,sweep_team2,0.1197,2026-09-07 11:41:39.190901+00:00,99.31,,0,2,3,2026-09-12T09:44:20.060864+00:00
LEC/2026 Season/Summer Playoffs_Round 1_3,2026-09-11 15:00:00+00:00,LEC/2026 Season/Summer Playoffs,5,GIANTX,Natus Vincere,elo,sweep_team2,0.1142,2026-09-07 11:41:39.190901+00:00,99.31,,0,2,3,2026-09-12T09:44:20.060864+00:00
LCK/2026 Season/Season Playoffs_Round 4_2,2026-09-12 05:00:00+00:00,LCK/2026 Season/Season Playoffs,5,Hanwha Life Esports,T1,lolcast,series,0.506,2026-09-07 11:41:39.190901+00:00,113.31,,1,3,1,2026-09-12T09:44:20.060864+00:00
LCK/2026 Season/Season Playoffs_Round 4_2,2026-09-12 05:00:00+00:00,LCK/2026 Season/Season Playoffs,5,Hanwha Life Esports,T1,elo,series,0.545,2026-09-07 11:41:39.190901+00:00,113.31,,1,3,1,2026-09-12T09:44:20.060864+00:00
LCK/2026 Season/Season Playoffs_Round 4_2,2026-09-12 05:00:00+00:00,LCK/2026 Season/Season Playoffs,5,Hanwha Life Esports,T1,polymarket,series,0.56,2026-09-07 11:41:39.190901+00:00,113.31,8931.3186,1,3,1,2026-09-12T09:44:20.060864+00:00
LCK/2026 Season/Season Playoffs_Round 4_2,2026-09-12 05:00:00+00:00,LCK/2026 Season/Season Playoffs,5,Hanwha Life Esports,T1,lolcast,sweep_team1,0.1216,2026-09-07 11:41:39.190901+00:00,113.31,,0,3,1,2026-09-12T09:44:20.060864+00:00
LCK/2026 Season/Season Playoffs_Round 4_2,2026-09-12 05:00:00+00:00,LCK/2026 Season/Season Playoffs,5,Hanwha Life Esports,T1,elo,sweep_team1,0.1378,2026-09-07 11:41:39.190901+00:00,113.31,,0,3,1,2026-09-12T09:44:20.060864+00:00
LCK/2026 Season/Season Playoffs_Round 4_2,2026-09-12 05:00:00+00:00,LCK/2026 Season/Season Playoffs,5,Hanwha Life Esports,T1,lolcast,sweep_team2,0.117,2026-09-07 11:41:39.190901+00:00,113.31,,0,3,1,2026-09-12T09:44:20.060864+00:00
LCK/2026 Season/Season Playoffs_Round 4_2,2026-09-12 05:00:00+00:00,LCK/2026 Season/Season Playoffs,5,Hanwha Life Esports,T1,elo,sweep_team2,0.1028,2026-09-07 11:41:39.190901+00:00,113.31,,0,3,1,2026-09-12T09:44:20.060864+00:00
LEC/2026 Season/Summer Playoffs_Round 1_4,2026-09-12 15:00:00+00:00,LEC/2026 Season/Summer Playoffs,5,Team Vitality,Movistar KOI,lolcast,series,0.6485,2026-09-07 11:41:39.190901+00:00,123.31,,,,,
LEC/2026 Season/Summer Playoffs_Round 1_4,2026-09-12 15:00:00+00:00,LEC/2026 Season/Summer Playoffs,5,Team Vitality,Movistar KOI,elo,series,0.593,2026-09-07 11:41:39.190901+00:00,123.31,,,,,
LEC/2026 Season/Summer Playoffs_Round 1_4,2026-09-12 15:00:00+00:00,LEC/2026 Season/Summer Playoffs,5,Team Vitality,Movistar KOI,polymarket,series,0.49,2026-09-07 11:41:39.190901+00:00,123.31,1958.5385,,,,
LEC/2026 Season/Summer Playoffs_Round 1_4,2026-09-12 15:00:00+00:00,LEC/2026 Season/Summer Playoffs,5,Team Vitality,Movistar KOI,lolcast,sweep_team1,0.1892,2026-09-07 11:41:39.190901+00:00,123.31,,,,,
LEC/2026 Season/Summer Playoffs_Round 1_4,2026-09-12 15:00:00+00:00,LEC/2026 Season/Summer Playoffs,5,Team Vitality,Movistar KOI,elo,sweep_team1,0.1596,2026-09-07 11:41:39.190901+00:00,123.31,,,,,
LEC/2026 Season/Summer Playoffs_Round 1_4,2026-09-12 15:00:00+00:00,LEC/2026 Season/Summer Playoffs,5,Team Vitality,Movistar KOI,lolcast,sweep_team2,0.0704,2026-09-07 11:41:39.190901+00:00,123.31,,,,,
LEC/2026 Season/Summer Playoffs_Round 1_4,2026-09-12 15:00:00+00:00,LEC/2026 Season/Summer Playoffs,5,Team Vitality,Movistar KOI,elo,sweep_team2,0.0867,2026-09-07 11:41:39.190901+00:00,123.31,,,,,
CBLOL/2026 Season/Split 2 Playoffs_Round 2_1,2026-09-12 16:00:00+00:00,CBLOL/2026 Season/Split 2 Playoffs,5,LØS,FURIA,lolcast,series,0.2903,2026-09-07 11:41:39.190901+00:00,124.31,,,,,
CBLOL/2026 Season/Split 2 Playoffs_Round 2_1,2026-09-12 16:00:00+00:00,CBLOL/2026 Season/Split 2 Playoffs,5,LØS,FURIA,elo,series,0.3596,2026-09-07 11:41:39.190901+00:00,124.31,,,,,
CBLOL/2026 Season/Split 2 Playoffs_Round 2_1,2026-09-12 16:00:00+00:00,CBLOL/2026 Season/Split 2 Playoffs,5,LØS,FURIA,lolcast,sweep_team1,0.0524,2026-09-07 11:41:39.190901+00:00,124.31,,,,,
CBLOL/2026 Season/Split 2 Playoffs_Round 2_1,2026-09-12 16:00:00+00:00,CBLOL/2026 Season/Split 2 Playoffs,5,LØS,FURIA,elo,sweep_team1,0.0723,2026-09-07 11:41:39.190901+00:00,124.31,,,,,
CBLOL/2026 Season/Split 2 Playoffs_Round 2_1,2026-09-12 16:00:00+00:00,CBLOL/2026 Season/Split 2 Playoffs,5,LØS,FURIA,lolcast,sweep_team2,0.2225,2026-09-07 11:41:39.190901+00:00,124.31,,,,,
CBLOL/2026 Season/Split 2 Playoffs_Round 2_1,2026-09-12 16:00:00+00:00,CBLOL/2026 Season/Split 2 Playoffs,5,LØS,FURIA,elo,sweep_team2,0.1839,2026-09-07 11:41:39.190901+00:00,124.31,,,,,
LCS/2026 Season/Summer Playoffs_Round 1_1,2026-09-12 20:00:00+00:00,LCS/2026 Season/Summer Playoffs,5,Cloud9,Shopify Rebellion,lolcast,series,0.866,2026-09-07 11:41:39.190901+00:00,128.31,,,,,
LCS/2026 Season/Summer Playoffs_Round 1_1,2026-09-12 20:00:00+00:00,LCS/2026 Season/Summer Playoffs,5,Cloud9,Shopify Rebellion,elo,series,0.8472,2026-09-07 11:41:39.190901+00:00,128.31,,,,,
LCS/2026 Season/Summer Playoffs_Round 1_1,2026-09-12 20:00:00+00:00,LCS/2026 Season/Summer Playoffs,5,Cloud9,Shopify Rebellion,polymarket,series,0.49,2026-09-07 11:41:39.190901+00:00,128.31,601.4094,,,,
LCS/2026 Season/Summer Playoffs_Round 1_1,2026-09-12 20:00:00+00:00,LCS/2026 Season/Summer Playoffs,5,Cloud9,Shopify Rebellion,lolcast,sweep_team1,0.364,2026-09-07 11:41:39.190901+00:00,128.31,,,,,
LCS/2026 Season/Summer Playoffs_Round 1_1,2026-09-12 20:00:00+00:00,LCS/2026 Season/Summer Playoffs,5,Cloud9,Shopify Rebellion,elo,sweep_team1,0.3454,2026-09-07 11:41:39.190901+00:00,128.31,,,,,
LCS/2026 Season/Summer Playoffs_Round 1_1,2026-09-12 20:00:00+00:00,LCS/2026 Season/Summer Playoffs,5,Cloud9,Shopify Rebellion,lolcast,sweep_team2,0.0193,2026-09-07 11:41:39.190901+00:00,128.31,,,,,
LCS/2026 Season/Summer Playoffs_Round 1_1,2026-09-12 20:00:00+00:00,LCS/2026 Season/Summer Playoffs,5,Cloud9,Shopify Rebellion,elo,sweep_team2,0.0234,2026-09-07 11:41:39.190901+00:00,128.31,,,,,
CBLOL/2026 Season/Split 2 Playoffs_Round 2_2,2026-09-13 16:00:00+00:00,CBLOL/2026 Season/Split 2 Playoffs,5,LOUD,paiN Gaming,lolcast,series,0.861,2026-09-07 11:41:39.190901+00:00,148.31,,,,,
CBLOL/2026 Season/Split 2 Playoffs_Round 2_2,2026-09-13 16:00:00+00:00,CBLOL/2026 Season/Split 2 Playoffs,5,LOUD,paiN Gaming,elo,series,0.824,2026-09-07 11:41:39.190901+00:00,148.31,,,,,
CBLOL/2026 Season/Split 2 Playoffs_Round 2_2,2026-09-13 16:00:00+00:00,CBLOL/2026 Season/Split 2 Playoffs,5,LOUD,paiN Gaming,lolcast,sweep_team1,0.358,2026-09-07 11:41:39.190901+00:00,148.31,,,,,
CBLOL/2026 Season/Split 2 Playoffs_Round 2_2,2026-09-13 16:00:00+00:00,CBLOL/2026 Season/Split 2 Playoffs,5,LOUD,paiN Gaming,elo,sweep_team1,0.32,2026-09-07 11:41:39.190901+00:00,148.31,,,,,
CBLOL/2026 Season/Split 2 Playoffs_Round 2_2,2026-09-13 16:00:00+00:00,CBLOL/2026 Season/Split 2 Playoffs,5,LOUD,paiN Gaming,lolcast,sweep_team2,0.0202,2026-09-07 11:41:39.190901+00:00,148.31,,,,,
CBLOL/2026 Season/Split 2 Playoffs_Round 2_2,2026-09-13 16:00:00+00:00,CBLOL/2026 Season/Split 2 Playoffs,5,LOUD,paiN Gaming,elo,sweep_team2,0.0279,2026-09-07 11:41:39.190901+00:00,148.31,,,,,
LCS/2026 Season/Summer Playoffs_Round 1_2,2026-09-13 20:00:00+00:00,LCS/2026 Season/Summer Playoffs,5,Sentinels,FlyQuest,lolcast,series,0.4856,2026-09-07 11:41:39.190901+00:00,152.31,,,,,
LCS/2026 Season/Summer Playoffs_Round 1_2,2026-09-13 20:00:00+00:00,LCS/2026 Season/Summer Playoffs,5,Sentinels,FlyQuest,elo,series,0.451,2026-09-07 11:41:39.190901+00:00,152.31,,,,,
LCS/2026 Season/Summer Playoffs_Round 1_2,2026-09-13 20:00:00+00:00,LCS/2026 Season/Summer Playoffs,5,Sentinels,FlyQuest,polymarket,series,0.435,2026-09-07 11:41:39.190901+00:00,152.31,1350.7692,,,,
LCS/2026 Season/Summer Playoffs_Round 1_2,2026-09-13 20:00:00+00:00,LCS/2026 Season/Summer Playoffs,5,Sentinels,FlyQuest,lolcast,sweep_team1,0.1132,2026-09-07 11:41:39.190901+00:00,152.31,,,,,
LCS/2026 Season/Summer Playoffs_Round 1_2,2026-09-13 20:00:00+00:00,LCS/2026 Season/Summer Playoffs,5,Sentinels,FlyQuest,elo,sweep_team1,0.1014,2026-09-07 11:41:39.190901+00:00,152.31,,,,,
LCS/2026 Season/Summer Playoffs_Round 1_2,2026-09-13 20:00:00+00:00,LCS/2026 Season/Summer Playoffs,5,Sentinels,FlyQuest,lolcast,sweep_team2,0.1243,2026-09-07 11:41:39.190901+00:00,152.31,,,,,
LCS/2026 Season/Summer Playoffs_Round 1_2,2026-09-13 20:00:00+00:00,LCS/2026 Season/Summer Playoffs,5,Sentinels,FlyQuest,elo,sweep_team2,0.1395,2026-09-07 11:41:39.190901+00:00,152.31,,,,,
LEC/2026 Season/Summer Playoffs_Round 1_3,2026-09-11 15:00:00+00:00,LEC/2026 Season/Summer Playoffs,5,GIANTX,Natus Vincere,lolcast,series,0.5,2026-09-08 10:14:33.902790+00:00,76.76,,0,2,3,2026-09-12T09:44:20.060864+00:00
LEC/2026 Season/Summer Playoffs_Round 1_3,2026-09-11 15:00:00+00:00,LEC/2026 Season/Summer Playoffs,5,GIANTX,Natus Vincere,elo,series,0.5136,2026-09-08 10:14:33.902790+00:00,76.76,,0,2,3,2026-09-12T09:44:20.060864+00:00
LEC/2026 Season/Summer Playoffs_Round 1_3,2026-09-11 15:00:00+00:00,LEC/2026 Season/Summer Playoffs,5,GIANTX,Natus Vincere,polymarket,series,0.41,2026-09-08 10:14:33.902790+00:00,76.76,2330.2139,0,2,3,2026-09-12T09:44:20.060864+00:00
LEC/2026 Season/Summer Playoffs_Round 1_3,2026-09-11 15:00:00+00:00,LEC/2026 Season/Summer Playoffs,5,GIANTX,Natus Vincere,lolcast,sweep_team1,0.1197,2026-09-08 10:14:33.902790+00:00,76.76,,0,2,3,2026-09-12T09:44:20.060864+00:00
LEC/2026 Season/Summer Playoffs_Round 1_3,2026-09-11 15:00:00+00:00,LEC/2026 Season/Summer Playoffs,5,GIANTX,Natus Vincere,elo,sweep_team1,0.1248,2026-09-08 10:14:33.902790+00:00,76.76,,0,2,3,2026-09-12T09:44:20.060864+00:00
LEC/2026 Season/Summer Playoffs_Round 1_3,2026-09-11 15:00:00+00:00,LEC/2026 Season/Summer Playoffs,5,GIANTX,Natus Vincere,lolcast,sweep_team2,0.1197,2026-09-08 10:14:33.902790+00:00,76.76,,0,2,3,2026-09-12T09:44:20.060864+00:00
LEC/2026 Season/Summer Playoffs_Round 1_3,2026-09-11 15:00:00+00:00,LEC/2026 Season/Summer Playoffs,5,GIANTX,Natus Vincere,elo,sweep_team2,0.1142,2026-09-08 10:14:33.902790+00:00,76.76,,0,2,3,2026-09-12T09:44:20.060864+00:00
LCK/2026 Season/Season Playoffs_Round 4_2,2026-09-12 05:00:00+00:00,LCK/2026 Season/Season Playoffs,5,Hanwha Life Esports,T1,lolcast,series,0.506,2026-09-08 10:14:33.902790+00:00,90.76,,1,3,1,2026-09-12T09:44:20.060864+00:00
LCK/2026 Season/Season Playoffs_Round 4_2,2026-09-12 05:00:00+00:00,LCK/2026 Season/Season Playoffs,5,Hanwha Life Esports,T1,elo,series,0.545,2026-09-08 10:14:33.902790+00:00,90.76,,1,3,1,2026-09-12T09:44:20.060864+00:00
LCK/2026 Season/Season Playoffs_Round 4_2,2026-09-12 05:00:00+00:00,LCK/2026 Season/Season Playoffs,5,Hanwha Life Esports,T1,polymarket,series,0.555,2026-09-08 10:14:33.902790+00:00,90.76,10205.1949,1,3,1,2026-09-12T09:44:20.060864+00:00
LCK/2026 Season/Season Playoffs_Round 4_2,2026-09-12 05:00:00+00:00,LCK/2026 Season/Season Playoffs,5,Hanwha Life Esports,T1,lolcast,sweep_team1,0.1216,2026-09-08 10:14:33.902790+00:00,90.76,,0,3,1,2026-09-12T09:44:20.060864+00:00
LCK/2026 Season/Season Playoffs_Round 4_2,2026-09-12 05:00:00+00:00,LCK/2026 Season/Season Playoffs,5,Hanwha Life Esports,T1,elo,sweep_team1,0.1378,2026-09-08 10:14:33.902790+00:00,90.76,,0,3,1,2026-09-12T09:44:20.060864+00:00
LCK/2026 Season/Season Playoffs_Round 4_2,2026-09-12 05:00:00+00:00,LCK/2026 Season/Season Playoffs,5,Hanwha Life Esports,T1,lolcast,sweep_team2,0.117,2026-09-08 10:14:33.902790+00:00,90.76,,0,3,1,2026-09-12T09:44:20.060864+00:00
LCK/2026 Season/Season Playoffs_Round 4_2,2026-09-12 05:00:00+00:00,LCK/2026 Season/Season Playoffs,5,Hanwha Life Esports,T1,elo,sweep_team2,0.1028,2026-09-08 10:14:33.902790+00:00,90.76,,0,3,1,2026-09-12T09:44:20.060864+00:00
LEC/2026 Season/Summer Playoffs_Round 1_4,2026-09-12 15:00:00+00:00,LEC/2026 Season/Summer Playoffs,5,Team Vitality,Movistar KOI,lolcast,series,0.6485,2026-09-08 10:14:33.902790+00:00,100.76,,,,,
LEC/2026 Season/Summer Playoffs_Round 1_4,2026-09-12 15:00:00+00:00,LEC/2026 Season/Summer Playoffs,5,Team Vitality,Movistar KOI,elo,series,0.593,2026-09-08 10:14:33.902790+00:00,100.76,,,,,
LEC/2026 Season/Summer Playoffs_Round 1_4,2026-09-12 15:00:00+00:00,LEC/2026 Season/Summer Playoffs,5,Team Vitality,Movistar KOI,polymarket,series,0.445,2026-09-08 10:14:33.902790+00:00,100.76,2798.8148,,,,
LEC/2026 Season/Summer Playoffs_Round 1_4,2026-09-12 15:00:00+00:00,LEC/2026 Season/Summer Playoffs,5,Team Vitality,Movistar KOI,lolcast,sweep_team1,0.1892,2026-09-08 10:14:33.902790+00:00,100.76,,,,,
LEC/2026 Season/Summer Playoffs_Round 1_4,2026-09-12 15:00:00+00:00,LEC/2026 Season/Summer Playoffs,5,Team Vitality,Movistar KOI,elo,sweep_team1,0.1596,2026-09-08 10:14:33.902790+00:00,100.76,,,,,
LEC/2026 Season/Summer Playoffs_Round 1_4,2026-09-12 15:00:00+00:00,LEC/2026 Season/Summer Playoffs,5,Team Vitality,Movistar KOI,lolcast,sweep_team2,0.0704,2026-09-08 10:14:33.902790+00:00,100.76,,,,,
LEC/2026 Season/Summer Playoffs_Round 1_4,2026-09-12 15:00:00+00:00,LEC/2026 Season/Summer Playoffs,5,Team Vitality,Movistar KOI,elo,sweep_team2,0.0867,2026-09-08 10:14:33.902790+00:00,100.76,,,,,
CBLOL/2026 Season/Split 2 Playoffs_Round 2_1,2026-09-12 16:00:00+00:00,CBLOL/2026 Season/Split 2 Playoffs,5,LØS,FURIA,lolcast,series,0.2903,2026-09-08 10:14:33.902790+00:00,101.76,,,,,
CBLOL/2026 Season/Split 2 Playoffs_Round 2_1,2026-09-12 16:00:00+00:00,CBLOL/2026 Season/Split 2 Playoffs,5,LØS,FURIA,elo,series,0.3596,2026-09-08 10:14:33.902790+00:00,101.76,,,,,
CBLOL/2026 Season/Split 2 Playoffs_Round 2_1,2026-09-12 16:00:00+00:00,CBLOL/2026 Season/Split 2 Playoffs,5,LØS,FURIA,lolcast,sweep_team1,0.0524,2026-09-08 10:14:33.902790+00:00,101.76,,,,,
CBLOL/2026 Season/Split 2 Playoffs_Round 2_1,2026-09-12 16:00:00+00:00,CBLOL/2026 Season/Split 2 Playoffs,5,LØS,FURIA,elo,sweep_team1,0.0723,2026-09-08 10:14:33.902790+00:00,101.76,,,,,
CBLOL/2026 Season/Split 2 Playoffs_Round 2_1,2026-09-12 16:00:00+00:00,CBLOL/2026 Season/Split 2 Playoffs,5,LØS,FURIA,lolcast,sweep_team2,0.2225,2026-09-08 10:14:33.902790+00:00,101.76,,,,,
CBLOL/2026 Season/Split 2 Playoffs_Round 2_1,2026-09-12 16:00:00+00:00,CBLOL/2026 Season/Split 2 Playoffs,5,LØS,FURIA,elo,sweep_team2,0.1839,2026-09-08 10:14:33.902790+00:00,101.76,,,,,
LCS/2026 Season/Summer Playoffs_Round 1_1,2026-09-12 20:00:00+00:00,LCS/2026 Season/Summer Playoffs,5,Cloud9,Shopify Rebellion,lolcast,series,0.866,2026-09-08 10:14:33.902790+00:00,105.76,,,,,
LCS/2026 Season/Summer Playoffs_Round 1_1,2026-09-12 20:00:00+00:00,LCS/2026 Season/Summer Playoffs,5,Cloud9,Shopify Rebellion,elo,series,0.8472,2026-09-08 10:14:33.902790+00:00,105.76,,,,,
LCS/2026 Season/Summer Playoffs_Round 1_1,2026-09-12 20:00:00+00:00,LCS/2026 Season/Summer Playoffs,5,Cloud9,Shopify Rebellion,polymarket,series,0.72,2026-09-08 10:14:33.902790+00:00,105.76,2053.1858,,,,
LCS/2026 Season/Summer Playoffs_Round 1_1,2026-09-12 20:00:00+00:00,LCS/2026 Season/Summer Playoffs,5,Cloud9,Shopify Rebellion,lolcast,sweep_team1,0.364,2026-09-08 10:14:33.902790+00:00,105.76,,,,,
LCS/2026 Season/Summer Playoffs_Round 1_1,2026-09-12 20:00:00+00:00,LCS/2026 Season/Summer Playoffs,5,Cloud9,Shopify Rebellion,elo,sweep_team1,0.3454,2026-09-08 10:14:33.902790+00:00,105.76,,,,,
LCS/2026 Season/Summer Playoffs_Round 1_1,2026-09-12 20:00:00+00:00,LCS/2026 Season/Summer Playoffs,5,Cloud9,Shopify Rebellion,lolcast,sweep_team2,0.0193,2026-09-08 10:14:33.902790+00:00,105.76,,,,,
LCS/2026 Season/Summer Playoffs_Round 1_1,2026-09-12 20:00:00+00:00,LCS/2026 Season/Summer Playoffs,5,Cloud9,Shopify Rebellion,elo,sweep_team2,0.0234,2026-09-08 10:14:33.902790+00:00,105.76,,,,,
CBLOL/2026 Season/Split 2 Playoffs_Round 2_2,2026-09-13 16:00:00+00:00,CBLOL/2026 Season/Split 2 Playoffs,5,LOUD,paiN Gaming,lolcast,series,0.861,2026-09-08 10:14:33.902790+00:00,125.76,,,,,
CBLOL/2026 Season/Split 2 Playoffs_Round 2_2,2026-09-13 16:00:00+00:00,CBLOL/2026 Season/Split 2 Playoffs,5,LOUD,paiN Gaming,elo,series,0.824,2026-09-08 10:14:33.902790+00:00,125.76,,,,,
CBLOL/2026 Season/Split 2 Playoffs_Round 2_2,2026-09-13 16:00:00+00:00,CBLOL/2026 Season/Split 2 Playoffs,5,LOUD,paiN Gaming,lolcast,sweep_team1,0.358,2026-09-08 10:14:33.902790+00:00,125.76,,,,,
CBLOL/2026 Season/Split 2 Playoffs_Round 2_2,2026-09-13 16:00:00+00:00,CBLOL/2026 Season/Split 2 Playoffs,5,LOUD,paiN Gaming,elo,sweep_team1,0.32,2026-09-08 10:14:33.902790+00:00,125.76,,,,,
CBLOL/2026 Season/Split 2 Playoffs_Round 2_2,2026-09-13 16:00:00+00:00,CBLOL/2026 Season/Split 2 Playoffs,5,LOUD,paiN Gaming,lolcast,sweep_team2,0.0202,2026-09-08 10:14:33.902790+00:00,125.76,,,,,
CBLOL/2026 Season/Split 2 Playoffs_Round 2_2,2026-09-13 16:00:00+00:00,CBLOL/2026 Season/Split 2 Playoffs,5,LOUD,paiN Gaming,elo,sweep_team2,0.0279,2026-09-08 10:14:33.902790+00:00,125.76,,,,,
LCS/2026 Season/Summer Playoffs_Round 1_2,2026-09-13 20:00:00+00:00,LCS/2026 Season/Summer Playoffs,5,Sentinels,FlyQuest,lolcast,series,0.4856,2026-09-08 10:14:33.902790+00:00,129.76,,,,,
LCS/2026 Season/Summer Playoffs_Round 1_2,2026-09-13 20:00:00+00:00,LCS/2026 Season/Summer Playoffs,5,Sentinels,FlyQuest,elo,series,0.451,2026-09-08 10:14:33.902790+00:00,129.76,,,,,
LCS/2026 Season/Summer Playoffs_Round 1_2,2026-09-13 20:00:00+00:00,LCS/2026 Season/Summer Playoffs,5,Sentinels,FlyQuest,polymarket,series,0.525,2026-09-08 10:14:33.902790+00:00,129.76,1386.7546,,,,
LCS/2026 Season/Summer Playoffs_Round 1_2,2026-09-13 20:00:00+00:00,LCS/2026 Season/Summer Playoffs,5,Sentinels,FlyQuest,lolcast,sweep_team1,0.1132,2026-09-08 10:14:33.902790+00:00,129.76,,,,,
LCS/2026 Season/Summer Playoffs_Round 1_2,2026-09-13 20:00:00+00:00,LCS/2026 Season/Summer Playoffs,5,Sentinels,FlyQuest,elo,sweep_team1,0.1014,2026-09-08 10:14:33.902790+00:00,129.76,,,,,
LCS/2026 Season/Summer Playoffs_Round 1_2,2026-09-13 20:00:00+00:00,LCS/2026 Season/Summer Playoffs,5,Sentinels,FlyQuest,lolcast,sweep_team2,0.1243,2026-09-08 10:14:33.902790+00:00,129.76,,,,,
LCS/2026 Season/Summer Playoffs_Round 1_2,2026-09-13 20:00:00+00:00,LCS/2026 Season/Summer Playoffs,5,Sentinels,FlyQuest,elo,sweep_team2,0.1395,2026-09-08 10:14:33.902790+00:00,129.76,,,,,
LEC/2026 Season/Summer Playoffs_Round 1_3,2026-09-11 15:00:00+00:00,LEC/2026 Season/Summer Playoffs,5,GIANTX,Natus Vincere,lolcast,series,0.5,2026-09-09 10:19:19.428086+00:00,52.68,,0,2,3,2026-09-12T09:44:20.060864+00:00
LEC/2026 Season/Summer Playoffs_Round 1_3,2026-09-11 15:00:00+00:00,LEC/2026 Season/Summer Playoffs,5,GIANTX,Natus Vincere,elo,series,0.5136,2026-09-09 10:19:19.428086+00:00,52.68,,0,2,3,2026-09-12T09:44:20.060864+00:00
LEC/2026 Season/Summer Playoffs_Round 1_3,2026-09-11 15:00:00+00:00,LEC/2026 Season/Summer Playoffs,5,GIANTX,Natus Vincere,polymarket,series,0.465,2026-09-09 10:19:19.428086+00:00,52.68,4011.8684,0,2,3,2026-09-12T09:44:20.060864+00:00
LEC/2026 Season/Summer Playoffs_Round 1_3,2026-09-11 15:00:00+00:00,LEC/2026 Season/Summer Playoffs,5,GIANTX,Natus Vincere,lolcast,sweep_team1,0.1196,2026-09-09 10:19:19.428086+00:00,52.68,,0,2,3,2026-09-12T09:44:20.060864+00:00
LEC/2026 Season/Summer Playoffs_Round 1_3,2026-09-11 15:00:00+00:00,LEC/2026 Season/Summer Playoffs,5,GIANTX,Natus Vincere,elo,sweep_team1,0.1248,2026-09-09 10:19:19.428086+00:00,52.68,,0,2,3,2026-09-12T09:44:20.060864+00:00
LEC/2026 Season/Summer Playoffs_Round 1_3,2026-09-11 15:00:00+00:00,LEC/2026 Season/Summer Playoffs,5,GIANTX,Natus Vincere,lolcast,sweep_team2,0.1196,2026-09-09 10:19:19.428086+00:00,52.68,,0,2,3,2026-09-12T09:44:20.060864+00:00
LEC/2026 Season/Summer Playoffs_Round 1_3,2026-09-11 15:00:00+00:00,LEC/2026 Season/Summer Playoffs,5,GIANTX,Natus Vincere,elo,sweep_team2,0.1142,2026-09-09 10:19:19.428086+00:00,52.68,,0,2,3,2026-09-12T09:44:20.060864+00:00
LCK/2026 Season/Season Playoffs_Round 4_2,2026-09-12 05:00:00+00:00,LCK/2026 Season/Season Playoffs,5,Hanwha Life Esports,T1,lolcast,series,0.5061,2026-09-09 10:19:19.428086+00:00,66.68,,1,3,1,2026-09-12T09:44:20.060864+00:00
LCK/2026 Season/Season Playoffs_Round 4_2,2026-09-12 05:00:00+00:00,LCK/2026 Season/Season Playoffs,5,Hanwha Life Esports,T1,elo,series,0.545,2026-09-09 10:19:19.428086+00:00,66.68,,1,3,1,2026-09-12T09:44:20.060864+00:00
LCK/2026 Season/Season Playoffs_Round 4_2,2026-09-12 05:00:00+00:00,LCK/2026 Season/Season Playoffs,5,Hanwha Life Esports,T1,polymarket,series,0.575,2026-09-09 10:19:19.428086+00:00,66.68,10733.761,1,3,1,2026-09-12T09:44:20.060864+00:00
LCK/2026 Season/Season Playoffs_Round 4_2,2026-09-12 05:00:00+00:00,LCK/2026 Season/Season Playoffs,5,Hanwha Life Esports,T1,lolcast,sweep_team1,0.1215,2026-09-09 10:19:19.428086+00:00,66.68,,0,3,1,2026-09-12T09:44:20.060864+00:00
LCK/2026 Season/Season Playoffs_Round 4_2,2026-09-12 05:00:00+00:00,LCK/2026 Season/Season Playoffs,5,Hanwha Life Esports,T1,elo,sweep_team1,0.1378,2026-09-09 10:19:19.428086+00:00,66.68,,0,3,1,2026-09-12T09:44:20.060864+00:00
LCK/2026 Season/Season Playoffs_Round 4_2,2026-09-12 05:00:00+00:00,LCK/2026 Season/Season Playoffs,5,Hanwha Life Esports,T1,lolcast,sweep_team2,0.1168,2026-09-09 10:19:19.428086+00:00,66.68,,0,3,1,2026-09-12T09:44:20.060864+00:00
LCK/2026 Season/Season Playoffs_Round 4_2,2026-09-12 05:00:00+00:00,LCK/2026 Season/Season Playoffs,5,Hanwha Life Esports,T1,elo,sweep_team2,0.1028,2026-09-09 10:19:19.428086+00:00,66.68,,0,3,1,2026-09-12T09:44:20.060864+00:00
LPL/2026 Season/Grand Finals_Round 4_2,2026-09-12 09:00:00+00:00,LPL/2026 Season/Grand Finals,5,Anyone's Legend,Invictus Gaming,lolcast,series,0.4253,2026-09-09 10:19:19.428086+00:00,70.68,,,,,
LPL/2026 Season/Grand Finals_Round 4_2,2026-09-12 09:00:00+00:00,LPL/2026 Season/Grand Finals,5,Anyone's Legend,Invictus Gaming,elo,series,0.465,2026-09-09 10:19:19.428086+00:00,70.68,,,,,
LPL/2026 Season/Grand Finals_Round 4_2,2026-09-12 09:00:00+00:00,LPL/2026 Season/Grand Finals,5,Anyone's Legend,Invictus Gaming,polymarket,series,0.5,2026-09-09 10:19:19.428086+00:00,70.68,14199.6799,,,,
LPL/2026 Season/Grand Finals_Round 4_2,2026-09-12 09:00:00+00:00,LPL/2026 Season/Grand Finals,5,Anyone's Legend,Invictus Gaming,lolcast,sweep_team1,0.0937,2026-09-09 10:19:19.428086+00:00,70.68,,,,,
LPL/2026 Season/Grand Finals_Round 4_2,2026-09-12 09:00:00+00:00,LPL/2026 Season/Grand Finals,5,Anyone's Legend,Invictus Gaming,elo,sweep_team1,0.1064,2026-09-09 10:19:19.428086+00:00,70.68,,,,,
LPL/2026 Season/Grand Finals_Round 4_2,2026-09-12 09:00:00+00:00,LPL/2026 Season/Grand Finals,5,Anyone's Legend,Invictus Gaming,lolcast,sweep_team2,0.1525,2026-09-09 10:19:19.428086+00:00,70.68,,,,,
LPL/2026 Season/Grand Finals_Round 4_2,2026-09-12 09:00:00+00:00,LPL/2026 Season/Grand Finals,5,Anyone's Legend,Invictus Gaming,elo,sweep_team2,0.1335,2026-09-09 10:19:19.428086+00:00,70.68,,,,,
LEC/2026 Season/Summer Playoffs_Round 1_4,2026-09-12 15:00:00+00:00,LEC/2026 Season/Summer Playoffs,5,Team Vitality,Movistar KOI,lolcast,series,0.6553,2026-09-09 10:19:19.428086+00:00,76.68,,,,,
LEC/2026 Season/Summer Playoffs_Round 1_4,2026-09-12 15:00:00+00:00,LEC/2026 Season/Summer Playoffs,5,Team Vitality,Movistar KOI,elo,series,0.593,2026-09-09 10:19:19.428086+00:00,76.68,,,,,
LEC/2026 Season/Summer Playoffs_Round 1_4,2026-09-12 15:00:00+00:00,LEC/2026 Season/Summer Playoffs,5,Team Vitality,Movistar KOI,polymarket,series,0.485,2026-09-09 10:19:19.428086+00:00,76.68,3056.781,,,,
LEC/2026 Season/Summer Playoffs_Round 1_4,2026-09-12 15:00:00+00:00,LEC/2026 Season/Summer Playoffs,5,Team Vitality,Movistar KOI,lolcast,sweep_team1,0.1925,2026-09-09 10:19:19.428086+00:00,76.68,,,,,
LEC/2026 Season/Summer Playoffs_Round 1_4,2026-09-12 15:00:00+00:00,LEC/2026 Season/Summer Playoffs,5,Team Vitality,Movistar KOI,elo,sweep_team1,0.1597,2026-09-09 10:19:19.428086+00:00,76.68,,,,,
LEC/2026 Season/Summer Playoffs_Round 1_4,2026-09-12 15:00:00+00:00,LEC/2026 Season/Summer Playoffs,5,Team Vitality,Movistar KOI,lolcast,sweep_team2,0.0682,2026-09-09 10:19:19.428086+00:00,76.68,,,,,
LEC/2026 Season/Summer Playoffs_Round 1_4,2026-09-12 15:00:00+00:00,LEC/2026 Season/Summer Playoffs,5,Team Vitality,Movistar KOI,elo,sweep_team2,0.0867,2026-09-09 10:19:19.428086+00:00,76.68,,,,,
CBLOL/2026 Season/Split 2 Playoffs_Round 2_1,2026-09-12 16:00:00+00:00,CBLOL/2026 Season/Split 2 Playoffs,5,LØS,FURIA,lolcast,series,0.2912,2026-09-09 10:19:19.428086+00:00,77.68,,,,,
CBLOL/2026 Season/Split 2 Playoffs_Round 2_1,2026-09-12 16:00:00+00:00,CBLOL/2026 Season/Split 2 Playoffs,5,LØS,FURIA,elo,series,0.3596,2026-09-09 10:19:19.428086+00:00,77.68,,,,,
CBLOL/2026 Season/Split 2 Playoffs_Round 2_1,2026-09-12 16:00:00+00:00,CBLOL/2026 Season/Split 2 Playoffs,5,LØS,FURIA,lolcast,sweep_team1,0.0526,2026-09-09 10:19:19.428086+00:00,77.68,,,,,
CBLOL/2026 Season/Split 2 Playoffs_Round 2_1,2026-09-12 16:00:00+00:00,CBLOL/2026 Season/Split 2 Playoffs,5,LØS,FURIA,elo,sweep_team1,0.0723,2026-09-09 10:19:19.428086+00:00,77.68,,,,,
CBLOL/2026 Season/Split 2 Playoffs_Round 2_1,2026-09-12 16:00:00+00:00,CBLOL/2026 Season/Split 2 Playoffs,5,LØS,FURIA,lolcast,sweep_team2,0.2219,2026-09-09 10:19:19.428086+00:00,77.68,,,,,
CBLOL/2026 Season/Split 2 Playoffs_Round 2_1,2026-09-12 16:00:00+00:00,CBLOL/2026 Season/Split 2 Playoffs,5,LØS,FURIA,elo,sweep_team2,0.1839,2026-09-09 10:19:19.428086+00:00,77.68,,,,,
LCS/2026 Season/Summer Playoffs_Round 1_1,2026-09-12 20:00:00+00:00,LCS/2026 Season/Summer Playoffs,5,Cloud9,Shopify Rebellion,lolcast,series,0.8662,2026-09-09 10:19:19.428086+00:00,81.68,,,,,
LCS/2026 Season/Summer Playoffs_Round 1_1,2026-09-12 20:00:00+00:00,LCS/2026 Season/Summer Playoffs,5,Cloud9,Shopify Rebellion,elo,series,0.8472,2026-09-09 10:19:19.428086+00:00,81.68,,,,,
LCS/2026 Season/Summer Playoffs_Round 1_1,2026-09-12 20:00:00+00:00,LCS/2026 Season/Summer Playoffs,5,Cloud9,Shopify Rebellion,polymarket,series,0.695,2026-09-09 10:19:19.428086+00:00,81.68,3353.8674,,,,
LCS/2026 Season/Summer Playoffs_Round 1_1,2026-09-12 20:00:00+00:00,LCS/2026 Season/Summer Playoffs,5,Cloud9,Shopify Rebellion,lolcast,sweep_team1,0.3644,2026-09-09 10:19:19.428086+00:00,81.68,,,,,
LCS/2026 Season/Summer Playoffs_Round 1_1,2026-09-12 20:00:00+00:00,LCS/2026 Season/Summer Playoffs,5,Cloud9,Shopify Rebellion,elo,sweep_team1,0.3454,2026-09-09 10:19:19.428086+00:00,81.68,,,,,
LCS/2026 Season/Summer Playoffs_Round 1_1,2026-09-12 20:00:00+00:00,LCS/2026 Season/Summer Playoffs,5,Cloud9,Shopify Rebellion,lolcast,sweep_team2,0.0193,2026-09-09 10:19:19.428086+00:00,81.68,,,,,
LCS/2026 Season/Summer Playoffs_Round 1_1,2026-09-12 20:00:00+00:00,LCS/2026 Season/Summer Playoffs,5,Cloud9,Shopify Rebellion,elo,sweep_team2,0.0234,2026-09-09 10:19:19.428086+00:00,81.68,,,,,
CBLOL/2026 Season/Split 2 Playoffs_Round 2_2,2026-09-13 16:00:00+00:00,CBLOL/2026 Season/Split 2 Playoffs,5,LOUD,paiN Gaming,lolcast,series,0.8635,2026-09-09 10:19:19.428086+00:00,101.68,,,,,
CBLOL/2026 Season/Split 2 Playoffs_Round 2_2,2026-09-13 16:00:00+00:00,CBLOL/2026 Season/Split 2 Playoffs,5,LOUD,paiN Gaming,elo,series,0.824,2026-09-09 10:19:19.428086+00:00,101.68,,,,,
CBLOL/2026 Season/Split 2 Playoffs_Round 2_2,2026-09-13 16:00:00+00:00,CBLOL/2026 Season/Split 2 Playoffs,5,LOUD,paiN Gaming,polymarket,series,0.575,2026-09-09 10:19:19.428086+00:00,101.68,1152.6889,,,,
CBLOL/2026 Season/Split 2 Playoffs_Round 2_2,2026-09-13 16:00:00+00:00,CBLOL/2026 Season/Split 2 Playoffs,5,LOUD,paiN Gaming,lolcast,sweep_team1,0.3608,2026-09-09 10:19:19.428086+00:00,101.68,,,,,
CBLOL/2026 Season/Split 2 Playoffs_Round 2_2,2026-09-13 16:00:00+00:00,CBLOL/2026 Season/Split 2 Playoffs,5,LOUD,paiN Gaming,elo,sweep_team1,0.32,2026-09-09 10:19:19.428086+00:00,101.68,,,,,
CBLOL/2026 Season/Split 2 Playoffs_Round 2_2,2026-09-13 16:00:00+00:00,CBLOL/2026 Season/Split 2 Playoffs,5,LOUD,paiN Gaming,lolcast,sweep_team2,0.0197,2026-09-09 10:19:19.428086+00:00,101.68,,,,,
CBLOL/2026 Season/Split 2 Playoffs_Round 2_2,2026-09-13 16:00:00+00:00,CBLOL/2026 Season/Split 2 Playoffs,5,LOUD,paiN Gaming,elo,sweep_team2,0.0279,2026-09-09 10:19:19.428086+00:00,101.68,,,,,
LCS/2026 Season/Summer Playoffs_Round 1_2,2026-09-13 20:00:00+00:00,LCS/2026 Season/Summer Playoffs,5,Sentinels,FlyQuest,lolcast,series,0.4888,2026-09-09 10:19:19.428086+00:00,105.68,,,,,
LCS/2026 Season/Summer Playoffs_Round 1_2,2026-09-13 20:00:00+00:00,LCS/2026 Season/Summer Playoffs,5,Sentinels,FlyQuest,elo,series,0.451,2026-09-09 10:19:19.428086+00:00,105.68,,,,,
LCS/2026 Season/Summer Playoffs_Round 1_2,2026-09-13 20:00:00+00:00,LCS/2026 Season/Summer Playoffs,5,Sentinels,FlyQuest,polymarket,series,0.515,2026-09-09 10:19:19.428086+00:00,105.68,2514.4613,,,,
LCS/2026 Season/Summer Playoffs_Round 1_2,2026-09-13 20:00:00+00:00,LCS/2026 Season/Summer Playoffs,5,Sentinels,FlyQuest,lolcast,sweep_team1,0.1145,2026-09-09 10:19:19.428086+00:00,105.68,,,,,
LCS/2026 Season/Summer Playoffs_Round 1_2,2026-09-13 20:00:00+00:00,LCS/2026 Season/Summer Playoffs,5,Sentinels,FlyQuest,elo,sweep_team1,0.1014,2026-09-09 10:19:19.428086+00:00,105.68,,,,,
LCS/2026 Season/Summer Playoffs_Round 1_2,2026-09-13 20:00:00+00:00,LCS/2026 Season/Summer Playoffs,5,Sentinels,FlyQuest,lolcast,sweep_team2,0.1232,2026-09-09 10:19:19.428086+00:00,105.68,,,,,
LCS/2026 Season/Summer Playoffs_Round 1_2,2026-09-13 20:00:00+00:00,LCS/2026 Season/Summer Playoffs,5,Sentinels,FlyQuest,elo,sweep_team2,0.1395,2026-09-09 10:19:19.428086+00:00,105.68,,,,,
LEC/2026 Season/Summer Playoffs_Round 1_3,2026-09-11 15:00:00+00:00,LEC/2026 Season/Summer Playoffs,5,GIANTX,Natus Vincere,lolcast,series,0.5,2026-09-10 08:49:49.152282+00:00,30.17,,0,2,3,2026-09-12T09:44:20.060864+00:00
LEC/2026 Season/Summer Playoffs_Round 1_3,2026-09-11 15:00:00+00:00,LEC/2026 Season/Summer Playoffs,5,GIANTX,Natus Vincere,elo,series,0.5136,2026-09-10 08:49:49.152282+00:00,30.17,,0,2,3,2026-09-12T09:44:20.060864+00:00
LEC/2026 Season/Summer Playoffs_Round 1_3,2026-09-11 15:00:00+00:00,LEC/2026 Season/Summer Playoffs,5,GIANTX,Natus Vincere,polymarket,series,0.47,2026-09-10 08:49:49.152282+00:00,30.17,15922.6948,0,2,3,2026-09-12T09:44:20.060864+00:00
LEC/2026 Season/Summer Playoffs_Round 1_3,2026-09-11 15:00:00+00:00,LEC/2026 Season/Summer Playoffs,5,GIANTX,Natus Vincere,lolcast,sweep_team1,0.1196,2026-09-10 08:49:49.152282+00:00,30.17,,0,2,3,2026-09-12T09:44:20.060864+00:00
LEC/2026 Season/Summer Playoffs_Round 1_3,2026-09-11 15:00:00+00:00,LEC/2026 Season/Summer Playoffs,5,GIANTX,Natus Vincere,elo,sweep_team1,0.1248,2026-09-10 08:49:49.152282+00:00,30.17,,0,2,3,2026-09-12T09:44:20.060864+00:00
LEC/2026 Season/Summer Playoffs_Round 1_3,2026-09-11 15:00:00+00:00,LEC/2026 Season/Summer Playoffs,5,GIANTX,Natus Vincere,lolcast,sweep_team2,0.1196,2026-09-10 08:49:49.152282+00:00,30.17,,0,2,3,2026-09-12T09:44:20.060864+00:00
LEC/2026 Season/Summer Playoffs_Round 1_3,2026-09-11 15:00:00+00:00,LEC/2026 Season/Summer Playoffs,5,GIANTX,Natus Vincere,elo,sweep_team2,0.1142,2026-09-10 08:49:49.152282+00:00,30.17,,0,2,3,2026-09-12T09:44:20.060864+00:00
LCK/2026 Season/Season Playoffs_Round 4_2,2026-09-12 05:00:00+00:00,LCK/2026 Season/Season Playoffs,5,Hanwha Life Esports,T1,lolcast,series,0.5061,2026-09-10 08:49:49.152282+00:00,44.17,,1,3,1,2026-09-12T09:44:20.060864+00:00
LCK/2026 Season/Season Playoffs_Round 4_2,2026-09-12 05:00:00+00:00,LCK/2026 Season/Season Playoffs,5,Hanwha Life Esports,T1,elo,series,0.545,2026-09-10 08:49:49.152282+00:00,44.17,,1,3,1,2026-09-12T09:44:20.060864+00:00
LCK/2026 Season/Season Playoffs_Round 4_2,2026-09-12 05:00:00+00:00,LCK/2026 Season/Season Playoffs,5,Hanwha Life Esports,T1,polymarket,series,0.56,2026-09-10 08:49:49.152282+00:00,44.17,25525.6077,1,3,1,2026-09-12T09:44:20.060864+00:00
LCK/2026 Season/Season Playoffs_Round 4_2,2026-09-12 05:00:00+00:00,LCK/2026 Season/Season Playoffs,5,Hanwha Life Esports,T1,lolcast,sweep_team1,0.1215,2026-09-10 08:49:49.152282+00:00,44.17,,0,3,1,2026-09-12T09:44:20.060864+00:00
LCK/2026 Season/Season Playoffs_Round 4_2,2026-09-12 05:00:00+00:00,LCK/2026 Season/Season Playoffs,5,Hanwha Life Esports,T1,elo,sweep_team1,0.1378,2026-09-10 08:49:49.152282+00:00,44.17,,0,3,1,2026-09-12T09:44:20.060864+00:00
LCK/2026 Season/Season Playoffs_Round 4_2,2026-09-12 05:00:00+00:00,LCK/2026 Season/Season Playoffs,5,Hanwha Life Esports,T1,lolcast,sweep_team2,0.1168,2026-09-10 08:49:49.152282+00:00,44.17,,0,3,1,2026-09-12T09:44:20.060864+00:00
LCK/2026 Season/Season Playoffs_Round 4_2,2026-09-12 05:00:00+00:00,LCK/2026 Season/Season Playoffs,5,Hanwha Life Esports,T1,elo,sweep_team2,0.1028,2026-09-10 08:49:49.152282+00:00,44.17,,0,3,1,2026-09-12T09:44:20.060864+00:00
LPL/2026 Season/Grand Finals_Round 4_2,2026-09-12 09:00:00+00:00,LPL/2026 Season/Grand Finals,5,Anyone's Legend,Invictus Gaming,lolcast,series,0.4253,2026-09-10 08:49:49.152282+00:00,48.17,,,,,
LPL/2026 Season/Grand Finals_Round 4_2,2026-09-12 09:00:00+00:00,LPL/2026 Season/Grand Finals,5,Anyone's Legend,Invictus Gaming,elo,series,0.465,2026-09-10 08:49:49.152282+00:00,48.17,,,,,
LPL/2026 Season/Grand Finals_Round 4_2,2026-09-12 09:00:00+00:00,LPL/2026 Season/Grand Finals,5,Anyone's Legend,Invictus Gaming,polymarket,series,0.48,2026-09-10 08:49:49.152282+00:00,48.17,12734.642,,,,
LPL/2026 Season/Grand Finals_Round 4_2,2026-09-12 09:00:00+00:00,LPL/2026 Season/Grand Finals,5,Anyone's Legend,Invictus Gaming,lolcast,sweep_team1,0.0937,2026-09-10 08:49:49.152282+00:00,48.17,,,,,
LPL/2026 Season/Grand Finals_Round 4_2,2026-09-12 09:00:00+00:00,LPL/2026 Season/Grand Finals,5,Anyone's Legend,Invictus Gaming,elo,sweep_team1,0.1064,2026-09-10 08:49:49.152282+00:00,48.17,,,,,
LPL/2026 Season/Grand Finals_Round 4_2,2026-09-12 09:00:00+00:00,LPL/2026 Season/Grand Finals,5,Anyone's Legend,Invictus Gaming,lolcast,sweep_team2,0.1525,2026-09-10 08:49:49.152282+00:00,48.17,,,,,
LPL/2026 Season/Grand Finals_Round 4_2,2026-09-12 09:00:00+00:00,LPL/2026 Season/Grand Finals,5,Anyone's Legend,Invictus Gaming,elo,sweep_team2,0.1335,2026-09-10 08:49:49.152282+00:00,48.17,,,,,
LEC/2026 Season/Summer Playoffs_Round 1_4,2026-09-12 15:00:00+00:00,LEC/2026 Season/Summer Playoffs,5,Team Vitality,Movistar KOI,lolcast,series,0.6553,2026-09-10 08:49:49.152282+00:00,54.17,,,,,
LEC/2026 Season/Summer Playoffs_Round 1_4,2026-09-12 15:00:00+00:00,LEC/2026 Season/Summer Playoffs,5,Team Vitality,Movistar KOI,elo,series,0.593,2026-09-10 08:49:49.152282+00:00,54.17,,,,,
LEC/2026 Season/Summer Playoffs_Round 1_4,2026-09-12 15:00:00+00:00,LEC/2026 Season/Summer Playoffs,5,Team Vitality,Movistar KOI,polymarket,series,0.505,2026-09-10 08:49:49.152282+00:00,54.17,2681.728,,,,
LEC/2026 Season/Summer Playoffs_Round 1_4,2026-09-12 15:00:00+00:00,LEC/2026 Season/Summer Playoffs,5,Team Vitality,Movistar KOI,lolcast,sweep_team1,0.1925,2026-09-10 08:49:49.152282+00:00,54.17,,,,,
LEC/2026 Season/Summer Playoffs_Round 1_4,2026-09-12 15:00:00+00:00,LEC/2026 Season/Summer Playoffs,5,Team Vitality,Movistar KOI,elo,sweep_team1,0.1597,2026-09-10 08:49:49.152282+00:00,54.17,,,,,
LEC/2026 Season/Summer Playoffs_Round 1_4,2026-09-12 15:00:00+00:00,LEC/2026 Season/Summer Playoffs,5,Team Vitality,Movistar KOI,lolcast,sweep_team2,0.0682,2026-09-10 08:49:49.152282+00:00,54.17,,,,,
LEC/2026 Season/Summer Playoffs_Round 1_4,2026-09-12 15:00:00+00:00,LEC/2026 Season/Summer Playoffs,5,Team Vitality,Movistar KOI,elo,sweep_team2,0.0867,2026-09-10 08:49:49.152282+00:00,54.17,,,,,
CBLOL/2026 Season/Split 2 Playoffs_Round 2_1,2026-09-12 16:00:00+00:00,CBLOL/2026 Season/Split 2 Playoffs,5,LØS,FURIA,lolcast,series,0.2912,2026-09-10 08:49:49.152282+00:00,55.17,,,,,
CBLOL/2026 Season/Split 2 Playoffs_Round 2_1,2026-09-12 16:00:00+00:00,CBLOL/2026 Season/Split 2 Playoffs,5,LØS,FURIA,elo,series,0.3596,2026-09-10 08:49:49.152282+00:00,55.17,,,,,
CBLOL/2026 Season/Split 2 Playoffs_Round 2_1,2026-09-12 16:00:00+00:00,CBLOL/2026 Season/Split 2 Playoffs,5,LØS,FURIA,lolcast,sweep_team1,0.0526,2026-09-10 08:49:49.152282+00:00,55.17,,,,,
CBLOL/2026 Season/Split 2 Playoffs_Round 2_1,2026-09-12 16:00:00+00:00,CBLOL/2026 Season/Split 2 Playoffs,5,LØS,FURIA,elo,sweep_team1,0.0723,2026-09-10 08:49:49.152282+00:00,55.17,,,,,
CBLOL/2026 Season/Split 2 Playoffs_Round 2_1,2026-09-12 16:00:00+00:00,CBLOL/2026 Season/Split 2 Playoffs,5,LØS,FURIA,lolcast,sweep_team2,0.2219,2026-09-10 08:49:49.152282+00:00,55.17,,,,,
CBLOL/2026 Season/Split 2 Playoffs_Round 2_1,2026-09-12 16:00:00+00:00,CBLOL/2026 Season/Split 2 Playoffs,5,LØS,FURIA,elo,sweep_team2,0.1839,2026-09-10 08:49:49.152282+00:00,55.17,,,,,
LCS/2026 Season/Summer Playoffs_Round 1_1,2026-09-12 20:00:00+00:00,LCS/2026 Season/Summer Playoffs,5,Cloud9,Shopify Rebellion,lolcast,series,0.8662,2026-09-10 08:49:49.152282+00:00,59.17,,,,,
LCS/2026 Season/Summer Playoffs_Round 1_1,2026-09-12 20:00:00+00:00,LCS/2026 Season/Summer Playoffs,5,Cloud9,Shopify Rebellion,elo,series,0.8472,2026-09-10 08:49:49.152282+00:00,59.17,,,,,
LCS/2026 Season/Summer Playoffs_Round 1_1,2026-09-12 20:00:00+00:00,LCS/2026 Season/Summer Playoffs,5,Cloud9,Shopify Rebellion,polymarket,series,0.68,2026-09-10 08:49:49.152282+00:00,59.17,3146.1748,,,,
LCS/2026 Season/Summer Playoffs_Round 1_1,2026-09-12 20:00:00+00:00,LCS/2026 Season/Summer Playoffs,5,Cloud9,Shopify Rebellion,lolcast,sweep_team1,0.3644,2026-09-10 08:49:49.152282+00:00,59.17,,,,,
LCS/2026 Season/Summer Playoffs_Round 1_1,2026-09-12 20:00:00+00:00,LCS/2026 Season/Summer Playoffs,5,Cloud9,Shopify Rebellion,elo,sweep_team1,0.3454,2026-09-10 08:49:49.152282+00:00,59.17,,,,,
LCS/2026 Season/Summer Playoffs_Round 1_1,2026-09-12 20:00:00+00:00,LCS/2026 Season/Summer Playoffs,5,Cloud9,Shopify Rebellion,lolcast,sweep_team2,0.0193,2026-09-10 08:49:49.152282+00:00,59.17,,,,,
LCS/2026 Season/Summer Playoffs_Round 1_1,2026-09-12 20:00:00+00:00,LCS/2026 Season/Summer Playoffs,5,Cloud9,Shopify Rebellion,elo,sweep_team2,0.0234,2026-09-10 08:49:49.152282+00:00,59.17,,,,,
CBLOL/2026 Season/Split 2 Playoffs_Round 2_2,2026-09-13 16:00:00+00:00,CBLOL/2026 Season/Split 2 Playoffs,5,LOUD,paiN Gaming,lolcast,series,0.8635,2026-09-10 08:49:49.152282+00:00,79.17,,,,,
CBLOL/2026 Season/Split 2 Playoffs_Round 2_2,2026-09-13 16:00:00+00:00,CBLOL/2026 Season/Split 2 Playoffs,5,LOUD,paiN Gaming,elo,series,0.824,2026-09-10 08:49:49.152282+00:00,79.17,,,,,
CBLOL/2026 Season/Split 2 Playoffs_Round 2_2,2026-09-13 16:00:00+00:00,CBLOL/2026 Season/Split 2 Playoffs,5,LOUD,paiN Gaming,polymarket,series,0.735,2026-09-10 08:49:49.152282+00:00,79.17,1891.9855,,,,
CBLOL/2026 Season/Split 2 Playoffs_Round 2_2,2026-09-13 16:00:00+00:00,CBLOL/2026 Season/Split 2 Playoffs,5,LOUD,paiN Gaming,lolcast,sweep_team1,0.3608,2026-09-10 08:49:49.152282+00:00,79.17,,,,,
CBLOL/2026 Season/Split 2 Playoffs_Round 2_2,2026-09-13 16:00:00+00:00,CBLOL/2026 Season/Split 2 Playoffs,5,LOUD,paiN Gaming,elo,sweep_team1,0.32,2026-09-10 08:49:49.152282+00:00,79.17,,,,,
CBLOL/2026 Season/Split 2 Playoffs_Round 2_2,2026-09-13 16:00:00+00:00,CBLOL/2026 Season/Split 2 Playoffs,5,LOUD,paiN Gaming,lolcast,sweep_team2,0.0197,2026-09-10 08:49:49.152282+00:00,79.17,,,,,
CBLOL/2026 Season/Split 2 Playoffs_Round 2_2,2026-09-13 16:00:00+00:00,CBLOL/2026 Season/Split 2 Playoffs,5,LOUD,paiN Gaming,elo,sweep_team2,0.0279,2026-09-10 08:49:49.152282+00:00,79.17,,,,,
LCS/2026 Season/Summer Playoffs_Round 1_2,2026-09-13 20:00:00+00:00,LCS/2026 Season/Summer Playoffs,5,Sentinels,FlyQuest,lolcast,series,0.4888,2026-09-10 08:49:49.152282+00:00,83.17,,,,,
LCS/2026 Season/Summer Playoffs_Round 1_2,2026-09-13 20:00:00+00:00,LCS/2026 Season/Summer Playoffs,5,Sentinels,FlyQuest,elo,series,0.451,2026-09-10 08:49:49.152282+00:00,83.17,,,,,
LCS/2026 Season/Summer Playoffs_Round 1_2,2026-09-13 20:00:00+00:00,LCS/2026 Season/Summer Playoffs,5,Sentinels,FlyQuest,polymarket,series,0.52,2026-09-10 08:49:49.152282+00:00,83.17,2867.1939,,,,
LCS/2026 Season/Summer Playoffs_Round 1_2,2026-09-13 20:00:00+00:00,LCS/2026 Season/Summer Playoffs,5,Sentinels,FlyQuest,lolcast,sweep_team1,0.1145,2026-09-10 08:49:49.152282+00:00,83.17,,,,,
LCS/2026 Season/Summer Playoffs_Round 1_2,2026-09-13 20:00:00+00:00,LCS/2026 Season/Summer Playoffs,5,Sentinels,FlyQuest,elo,sweep_team1,0.1014,2026-09-10 08:49:49.152282+00:00,83.17,,,,,
LCS/2026 Season/Summer Playoffs_Round 1_2,2026-09-13 20:00:00+00:00,LCS/2026 Season/Summer Playoffs,5,Sentinels,FlyQuest,lolcast,sweep_team2,0.1232,2026-09-10 08:49:49.152282+00:00,83.17,,,,,
LCS/2026 Season/Summer Playoffs_Round 1_2,2026-09-13 20:00:00+00:00,LCS/2026 Season/Summer Playoffs,5,Sentinels,FlyQuest,elo,sweep_team2,0.1395,2026-09-10 08:49:49.152282+00:00,83.17,,,,,
LEC/2026 Season/Summer Playoffs_Round 1_3,2026-09-11 15:00:00+00:00,LEC/2026 Season/Summer Playoffs,5,GIANTX,Natus Vincere,lolcast,series,0.5,2026-09-10 10:12:37.374265+00:00,28.79,,0,2,3,2026-09-12T09:44:20.060864+00:00
LEC/2026 Season/Summer Playoffs_Round 1_3,2026-09-11 15:00:00+00:00,LEC/2026 Season/Summer Playoffs,5,GIANTX,Natus Vincere,elo,series,0.5136,2026-09-10 10:12:37.374265+00:00,28.79,,0,2,3,2026-09-12T09:44:20.060864+00:00
LEC/2026 Season/Summer Playoffs_Round 1_3,2026-09-11 15:00:00+00:00,LEC/2026 Season/Summer Playoffs,5,GIANTX,Natus Vincere,polymarket,series,0.47,2026-09-10 10:12:37.374265+00:00,28.79,17051.6947,0,2,3,2026-09-12T09:44:20.060864+00:00
LEC/2026 Season/Summer Playoffs_Round 1_3,2026-09-11 15:00:00+00:00,LEC/2026 Season/Summer Playoffs,5,GIANTX,Natus Vincere,lolcast,sweep_team1,0.1196,2026-09-10 10:12:37.374265+00:00,28.79,,0,2,3,2026-09-12T09:44:20.060864+00:00
LEC/2026 Season/Summer Playoffs_Round 1_3,2026-09-11 15:00:00+00:00,LEC/2026 Season/Summer Playoffs,5,GIANTX,Natus Vincere,elo,sweep_team1,0.1248,2026-09-10 10:12:37.374265+00:00,28.79,,0,2,3,2026-09-12T09:44:20.060864+00:00
LEC/2026 Season/Summer Playoffs_Round 1_3,2026-09-11 15:00:00+00:00,LEC/2026 Season/Summer Playoffs,5,GIANTX,Natus Vincere,lolcast,sweep_team2,0.1196,2026-09-10 10:12:37.374265+00:00,28.79,,0,2,3,2026-09-12T09:44:20.060864+00:00
LEC/2026 Season/Summer Playoffs_Round 1_3,2026-09-11 15:00:00+00:00,LEC/2026 Season/Summer Playoffs,5,GIANTX,Natus Vincere,elo,sweep_team2,0.1142,2026-09-10 10:12:37.374265+00:00,28.79,,0,2,3,2026-09-12T09:44:20.060864+00:00
LCK/2026 Season/Season Playoffs_Round 4_2,2026-09-12 05:00:00+00:00,LCK/2026 Season/Season Playoffs,5,Hanwha Life Esports,T1,lolcast,series,0.5061,2026-09-10 10:12:37.374265+00:00,42.79,,1,3,1,2026-09-12T09:44:20.060864+00:00
LCK/2026 Season/Season Playoffs_Round 4_2,2026-09-12 05:00:00+00:00,LCK/2026 Season/Season Playoffs,5,Hanwha Life Esports,T1,elo,series,0.545,2026-09-10 10:12:37.374265+00:00,42.79,,1,3,1,2026-09-12T09:44:20.060864+00:00
LCK/2026 Season/Season Playoffs_Round 4_2,2026-09-12 05:00:00+00:00,LCK/2026 Season/Season Playoffs,5,Hanwha Life Esports,T1,polymarket,series,0.56,2026-09-10 10:12:37.374265+00:00,42.79,26148.1939,1,3,1,2026-09-12T09:44:20.060864+00:00
LCK/2026 Season/Season Playoffs_Round 4_2,2026-09-12 05:00:00+00:00,LCK/2026 Season/Season Playoffs,5,Hanwha Life Esports,T1,lolcast,sweep_team1,0.1215,2026-09-10 10:12:37.374265+00:00,42.79,,0,3,1,2026-09-12T09:44:20.060864+00:00
LCK/2026 Season/Season Playoffs_Round 4_2,2026-09-12 05:00:00+00:00,LCK/2026 Season/Season Playoffs,5,Hanwha Life Esports,T1,elo,sweep_team1,0.1378,2026-09-10 10:12:37.374265+00:00,42.79,,0,3,1,2026-09-12T09:44:20.060864+00:00
LCK/2026 Season/Season Playoffs_Round 4_2,2026-09-12 05:00:00+00:00,LCK/2026 Season/Season Playoffs,5,Hanwha Life Esports,T1,lolcast,sweep_team2,0.1168,2026-09-10 10:12:37.374265+00:00,42.79,,0,3,1,2026-09-12T09:44:20.060864+00:00
LCK/2026 Season/Season Playoffs_Round 4_2,2026-09-12 05:00:00+00:00,LCK/2026 Season/Season Playoffs,5,Hanwha Life Esports,T1,elo,sweep_team2,0.1028,2026-09-10 10:12:37.374265+00:00,42.79,,0,3,1,2026-09-12T09:44:20.060864+00:00
LPL/2026 Season/Grand Finals_Round 4_2,2026-09-12 09:00:00+00:00,LPL/2026 Season/Grand Finals,5,Anyone's Legend,Invictus Gaming,lolcast,series,0.4253,2026-09-10 10:12:37.374265+00:00,46.79,,,,,
LPL/2026 Season/Grand Finals_Round 4_2,2026-09-12 09:00:00+00:00,LPL/2026 Season/Grand Finals,5,Anyone's Legend,Invictus Gaming,elo,series,0.465,2026-09-10 10:12:37.374265+00:00,46.79,,,,,
LPL/2026 Season/Grand Finals_Round 4_2,2026-09-12 09:00:00+00:00,LPL/2026 Season/Grand Finals,5,Anyone's Legend,Invictus Gaming,polymarket,series,0.48,2026-09-10 10:12:37.374265+00:00,46.79,25254.9495,,,,
LPL/2026 Season/Grand Finals_Round 4_2,2026-09-12 09:00:00+00:00,LPL/2026 Season/Grand Finals,5,Anyone's Legend,Invictus Gaming,lolcast,sweep_team1,0.0937,2026-09-10 10:12:37.374265+00:00,46.79,,,,,
LPL/2026 Season/Grand Finals_Round 4_2,2026-09-12 09:00:00+00:00,LPL/2026 Season/Grand Finals,5,Anyone's Legend,Invictus Gaming,elo,sweep_team1,0.1064,2026-09-10 10:12:37.374265+00:00,46.79,,,,,
LPL/2026 Season/Grand Finals_Round 4_2,2026-09-12 09:00:00+00:00,LPL/2026 Season/Grand Finals,5,Anyone's Legend,Invictus Gaming,lolcast,sweep_team2,0.1525,2026-09-10 10:12:37.374265+00:00,46.79,,,,,
LPL/2026 Season/Grand Finals_Round 4_2,2026-09-12 09:00:00+00:00,LPL/2026 Season/Grand Finals,5,Anyone's Legend,Invictus Gaming,elo,sweep_team2,0.1335,2026-09-10 10:12:37.374265+00:00,46.79,,,,,
LEC/2026 Season/Summer Playoffs_Round 1_4,2026-09-12 15:00:00+00:00,LEC/2026 Season/Summer Playoffs,5,Team Vitality,Movistar KOI,lolcast,series,0.6553,2026-09-10 10:12:37.374265+00:00,52.79,,,,,
LEC/2026 Season/Summer Playoffs_Round 1_4,2026-09-12 15:00:00+00:00,LEC/2026 Season/Summer Playoffs,5,Team Vitality,Movistar KOI,elo,series,0.593,2026-09-10 10:12:37.374265+00:00,52.79,,,,,
LEC/2026 Season/Summer Playoffs_Round 1_4,2026-09-12 15:00:00+00:00,LEC/2026 Season/Summer Playoffs,5,Team Vitality,Movistar KOI,polymarket,series,0.505,2026-09-10 10:12:37.374265+00:00,52.79,4825.528,,,,
LEC/2026 Season/Summer Playoffs_Round 1_4,2026-09-12 15:00:00+00:00,LEC/2026 Season/Summer Playoffs,5,Team Vitality,Movistar KOI,lolcast,sweep_team1,0.1925,2026-09-10 10:12:37.374265+00:00,52.79,,,,,
LEC/2026 Season/Summer Playoffs_Round 1_4,2026-09-12 15:00:00+00:00,LEC/2026 Season/Summer Playoffs,5,Team Vitality,Movistar KOI,elo,sweep_team1,0.1597,2026-09-10 10:12:37.374265+00:00,52.79,,,,,
LEC/2026 Season/Summer Playoffs_Round 1_4,2026-09-12 15:00:00+00:00,LEC/2026 Season/Summer Playoffs,5,Team Vitality,Movistar KOI,lolcast,sweep_team2,0.0682,2026-09-10 10:12:37.374265+00:00,52.79,,,,,
LEC/2026 Season/Summer Playoffs_Round 1_4,2026-09-12 15:00:00+00:00,LEC/2026 Season/Summer Playoffs,5,Team Vitality,Movistar KOI,elo,sweep_team2,0.0867,2026-09-10 10:12:37.374265+00:00,52.79,,,,,
CBLOL/2026 Season/Split 2 Playoffs_Round 2_1,2026-09-12 16:00:00+00:00,CBLOL/2026 Season/Split 2 Playoffs,5,LØS,FURIA,lolcast,series,0.2912,2026-09-10 10:12:37.374265+00:00,53.79,,,,,
CBLOL/2026 Season/Split 2 Playoffs_Round 2_1,2026-09-12 16:00:00+00:00,CBLOL/2026 Season/Split 2 Playoffs,5,LØS,FURIA,elo,series,0.3596,2026-09-10 10:12:37.374265+00:00,53.79,,,,,
CBLOL/2026 Season/Split 2 Playoffs_Round 2_1,2026-09-12 16:00:00+00:00,CBLOL/2026 Season/Split 2 Playoffs,5,LØS,FURIA,lolcast,sweep_team1,0.0526,2026-09-10 10:12:37.374265+00:00,53.79,,,,,
CBLOL/2026 Season/Split 2 Playoffs_Round 2_1,2026-09-12 16:00:00+00:00,CBLOL/2026 Season/Split 2 Playoffs,5,LØS,FURIA,elo,sweep_team1,0.0723,2026-09-10 10:12:37.374265+00:00,53.79,,,,,
CBLOL/2026 Season/Split 2 Playoffs_Round 2_1,2026-09-12 16:00:00+00:00,CBLOL/2026 Season/Split 2 Playoffs,5,LØS,FURIA,lolcast,sweep_team2,0.2219,2026-09-10 10:12:37.374265+00:00,53.79,,,,,
CBLOL/2026 Season/Split 2 Playoffs_Round 2_1,2026-09-12 16:00:00+00:00,CBLOL/2026 Season/Split 2 Playoffs,5,LØS,FURIA,elo,sweep_team2,0.1839,2026-09-10 10:12:37.374265+00:00,53.79,,,,,
LCS/2026 Season/Summer Playoffs_Round 1_1,2026-09-12 20:00:00+00:00,LCS/2026 Season/Summer Playoffs,5,Cloud9,Shopify Rebellion,lolcast,series,0.8662,2026-09-10 10:12:37.374265+00:00,57.79,,,,,
LCS/2026 Season/Summer Playoffs_Round 1_1,2026-09-12 20:00:00+00:00,LCS/2026 Season/Summer Playoffs,5,Cloud9,Shopify Rebellion,elo,series,0.8472,2026-09-10 10:12:37.374265+00:00,57.79,,,,,
LCS/2026 Season/Summer Playoffs_Round 1_1,2026-09-12 20:00:00+00:00,LCS/2026 Season/Summer Playoffs,5,Cloud9,Shopify Rebellion,polymarket,series,0.68,2026-09-10 10:12:37.374265+00:00,57.79,3989.3248,,,,
LCS/2026 Season/Summer Playoffs_Round 1_1,2026-09-12 20:00:00+00:00,LCS/2026 Season/Summer Playoffs,5,Cloud9,Shopify Rebellion,lolcast,sweep_team1,0.3644,2026-09-10 10:12:37.374265+00:00,57.79,,,,,
LCS/2026 Season/Summer Playoffs_Round 1_1,2026-09-12 20:00:00+00:00,LCS/2026 Season/Summer Playoffs,5,Cloud9,Shopify Rebellion,elo,sweep_team1,0.3454,2026-09-10 10:12:37.374265+00:00,57.79,,,,,
LCS/2026 Season/Summer Playoffs_Round 1_1,2026-09-12 20:00:00+00:00,LCS/2026 Season/Summer Playoffs,5,Cloud9,Shopify Rebellion,lolcast,sweep_team2,0.0193,2026-09-10 10:12:37.374265+00:00,57.79,,,,,
LCS/2026 Season/Summer Playoffs_Round 1_1,2026-09-12 20:00:00+00:00,LCS/2026 Season/Summer Playoffs,5,Cloud9,Shopify Rebellion,elo,sweep_team2,0.0234,2026-09-10 10:12:37.374265+00:00,57.79,,,,,
CBLOL/2026 Season/Split 2 Playoffs_Round 2_2,2026-09-13 16:00:00+00:00,CBLOL/2026 Season/Split 2 Playoffs,5,LOUD,paiN Gaming,lolcast,series,0.8635,2026-09-10 10:12:37.374265+00:00,77.79,,,,,
CBLOL/2026 Season/Split 2 Playoffs_Round 2_2,2026-09-13 16:00:00+00:00,CBLOL/2026 Season/Split 2 Playoffs,5,LOUD,paiN Gaming,elo,series,0.824,2026-09-10 10:12:37.374265+00:00,77.79,,,,,
CBLOL/2026 Season/Split 2 Playoffs_Round 2_2,2026-09-13 16:00:00+00:00,CBLOL/2026 Season/Split 2 Playoffs,5,LOUD,paiN Gaming,polymarket,series,0.645,2026-09-10 10:12:37.374265+00:00,77.79,1176.6959,,,,
CBLOL/2026 Season/Split 2 Playoffs_Round 2_2,2026-09-13 16:00:00+00:00,CBLOL/2026 Season/Split 2 Playoffs,5,LOUD,paiN Gaming,lolcast,sweep_team1,0.3608,2026-09-10 10:12:37.374265+00:00,77.79,,,,,
CBLOL/2026 Season/Split 2 Playoffs_Round 2_2,2026-09-13 16:00:00+00:00,CBLOL/2026 Season/Split 2 Playoffs,5,LOUD,paiN Gaming,elo,sweep_team1,0.32,2026-09-10 10:12:37.374265+00:00,77.79,,,,,
CBLOL/2026 Season/Split 2 Playoffs_Round 2_2,2026-09-13 16:00:00+00:00,CBLOL/2026 Season/Split 2 Playoffs,5,LOUD,paiN Gaming,lolcast,sweep_team2,0.0197,2026-09-10 10:12:37.374265+00:00,77.79,,,,,
CBLOL/2026 Season/Split 2 Playoffs_Round 2_2,2026-09-13 16:00:00+00:00,CBLOL/2026 Season/Split 2 Playoffs,5,LOUD,paiN Gaming,elo,sweep_team2,0.0279,2026-09-10 10:12:37.374265+00:00,77.79,,,,,
LCS/2026 Season/Summer Playoffs_Round 1_2,2026-09-13 20:00:00+00:00,LCS/2026 Season/Summer Playoffs,5,Sentinels,FlyQuest,lolcast,series,0.4888,2026-09-10 10:12:37.374265+00:00,81.79,,,,,
LCS/2026 Season/Summer Playoffs_Round 1_2,2026-09-13 20:00:00+00:00,LCS/2026 Season/Summer Playoffs,5,Sentinels,FlyQuest,elo,series,0.451,2026-09-10 10:12:37.374265+00:00,81.79,,,,,
LCS/2026 Season/Summer Playoffs_Round 1_2,2026-09-13 20:00:00+00:00,LCS/2026 Season/Summer Playoffs,5,Sentinels,FlyQuest,polymarket,series,0.52,2026-09-10 10:12:37.374265+00:00,81.79,2959.5139,,,,
LCS/2026 Season/Summer Playoffs_Round 1_2,2026-09-13 20:00:00+00:00,LCS/2026 Season/Summer Playoffs,5,Sentinels,FlyQuest,lolcast,sweep_team1,0.1145,2026-09-10 10:12:37.374265+00:00,81.79,,,,,
LCS/2026 Season/Summer Playoffs_Round 1_2,2026-09-13 20:00:00+00:00,LCS/2026 Season/Summer Playoffs,5,Sentinels,FlyQuest,elo,sweep_team1,0.1014,2026-09-10 10:12:37.374265+00:00,81.79,,,,,
LCS/2026 Season/Summer Playoffs_Round 1_2,2026-09-13 20:00:00+00:00,LCS/2026 Season/Summer Playoffs,5,Sentinels,FlyQuest,lolcast,sweep_team2,0.1232,2026-09-10 10:12:37.374265+00:00,81.79,,,,,
LCS/2026 Season/Summer Playoffs_Round 1_2,2026-09-13 20:00:00+00:00,LCS/2026 Season/Summer Playoffs,5,Sentinels,FlyQuest,elo,sweep_team2,0.1395,2026-09-10 10:12:37.374265+00:00,81.79,,,,,
LEC/2026 Season/Summer Playoffs_Round 1_3,2026-09-11 15:00:00+00:00,LEC/2026 Season/Summer Playoffs,5,GIANTX,Natus Vincere,lolcast,series,0.5,2026-09-11 10:09:44.824627+00:00,4.84,,0,2,3,2026-09-12T09:44:20.060864+00:00
LEC/2026 Season/Summer Playoffs_Round 1_3,2026-09-11 15:00:00+00:00,LEC/2026 Season/Summer Playoffs,5,GIANTX,Natus Vincere,elo,series,0.5136,2026-09-11 10:09:44.824627+00:00,4.84,,0,2,3,2026-09-12T09:44:20.060864+00:00
LEC/2026 Season/Summer Playoffs_Round 1_3,2026-09-11 15:00:00+00:00,LEC/2026 Season/Summer Playoffs,5,GIANTX,Natus Vincere,polymarket,series,0.465,2026-09-11 10:09:44.824627+00:00,4.84,30677.2992,0,2,3,2026-09-12T09:44:20.060864+00:00
LEC/2026 Season/Summer Playoffs_Round 1_3,2026-09-11 15:00:00+00:00,LEC/2026 Season/Summer Playoffs,5,GIANTX,Natus Vincere,lolcast,sweep_team1,0.1196,2026-09-11 10:09:44.824627+00:00,4.84,,0,2,3,2026-09-12T09:44:20.060864+00:00
LEC/2026 Season/Summer Playoffs_Round 1_3,2026-09-11 15:00:00+00:00,LEC/2026 Season/Summer Playoffs,5,GIANTX,Natus Vincere,elo,sweep_team1,0.1248,2026-09-11 10:09:44.824627+00:00,4.84,,0,2,3,2026-09-12T09:44:20.060864+00:00
LEC/2026 Season/Summer Playoffs_Round 1_3,2026-09-11 15:00:00+00:00,LEC/2026 Season/Summer Playoffs,5,GIANTX,Natus Vincere,lolcast,sweep_team2,0.1196,2026-09-11 10:09:44.824627+00:00,4.84,,0,2,3,2026-09-12T09:44:20.060864+00:00
LEC/2026 Season/Summer Playoffs_Round 1_3,2026-09-11 15:00:00+00:00,LEC/2026 Season/Summer Playoffs,5,GIANTX,Natus Vincere,elo,sweep_team2,0.1142,2026-09-11 10:09:44.824627+00:00,4.84,,0,2,3,2026-09-12T09:44:20.060864+00:00
LCK/2026 Season/Season Playoffs_Round 4_2,2026-09-12 05:00:00+00:00,LCK/2026 Season/Season Playoffs,5,Hanwha Life Esports,T1,lolcast,series,0.5061,2026-09-11 10:09:44.824627+00:00,18.84,,1,3,1,2026-09-12T09:44:20.060864+00:00
LCK/2026 Season/Season Playoffs_Round 4_2,2026-09-12 05:00:00+00:00,LCK/2026 Season/Season Playoffs,5,Hanwha Life Esports,T1,elo,series,0.545,2026-09-11 10:09:44.824627+00:00,18.84,,1,3,1,2026-09-12T09:44:20.060864+00:00
LCK/2026 Season/Season Playoffs_Round 4_2,2026-09-12 05:00:00+00:00,LCK/2026 Season/Season Playoffs,5,Hanwha Life Esports,T1,polymarket,series,0.555,2026-09-11 10:09:44.824627+00:00,18.84,27984.9497,1,3,1,2026-09-12T09:44:20.060864+00:00
LCK/2026 Season/Season Playoffs_Round 4_2,2026-09-12 05:00:00+00:00,LCK/2026 Season/Season Playoffs,5,Hanwha Life Esports,T1,lolcast,sweep_team1,0.1215,2026-09-11 10:09:44.824627+00:00,18.84,,0,3,1,2026-09-12T09:44:20.060864+00:00
LCK/2026 Season/Season Playoffs_Round 4_2,2026-09-12 05:00:00+00:00,LCK/2026 Season/Season Playoffs,5,Hanwha Life Esports,T1,elo,sweep_team1,0.1378,2026-09-11 10:09:44.824627+00:00,18.84,,0,3,1,2026-09-12T09:44:20.060864+00:00
LCK/2026 Season/Season Playoffs_Round 4_2,2026-09-12 05:00:00+00:00,LCK/2026 Season/Season Playoffs,5,Hanwha Life Esports,T1,lolcast,sweep_team2,0.1168,2026-09-11 10:09:44.824627+00:00,18.84,,0,3,1,2026-09-12T09:44:20.060864+00:00
LCK/2026 Season/Season Playoffs_Round 4_2,2026-09-12 05:00:00+00:00,LCK/2026 Season/Season Playoffs,5,Hanwha Life Esports,T1,elo,sweep_team2,0.1028,2026-09-11 10:09:44.824627+00:00,18.84,,0,3,1,2026-09-12T09:44:20.060864+00:00
LPL/2026 Season/Grand Finals_Round 4_2,2026-09-12 09:00:00+00:00,LPL/2026 Season/Grand Finals,5,Anyone's Legend,Invictus Gaming,lolcast,series,0.4253,2026-09-11 10:09:44.824627+00:00,22.84,,,,,
LPL/2026 Season/Grand Finals_Round 4_2,2026-09-12 09:00:00+00:00,LPL/2026 Season/Grand Finals,5,Anyone's Legend,Invictus Gaming,elo,series,0.465,2026-09-11 10:09:44.824627+00:00,22.84,,,,,
LPL/2026 Season/Grand Finals_Round 4_2,2026-09-12 09:00:00+00:00,LPL/2026 Season/Grand Finals,5,Anyone's Legend,Invictus Gaming,polymarket,series,0.485,2026-09-11 10:09:44.824627+00:00,22.84,24415.7533,,,,
LPL/2026 Season/Grand Finals_Round 4_2,2026-09-12 09:00:00+00:00,LPL/2026 Season/Grand Finals,5,Anyone's Legend,Invictus Gaming,lolcast,sweep_team1,0.0937,2026-09-11 10:09:44.824627+00:00,22.84,,,,,
LPL/2026 Season/Grand Finals_Round 4_2,2026-09-12 09:00:00+00:00,LPL/2026 Season/Grand Finals,5,Anyone's Legend,Invictus Gaming,elo,sweep_team1,0.1064,2026-09-11 10:09:44.824627+00:00,22.84,,,,,
LPL/2026 Season/Grand Finals_Round 4_2,2026-09-12 09:00:00+00:00,LPL/2026 Season/Grand Finals,5,Anyone's Legend,Invictus Gaming,lolcast,sweep_team2,0.1525,2026-09-11 10:09:44.824627+00:00,22.84,,,,,
LPL/2026 Season/Grand Finals_Round 4_2,2026-09-12 09:00:00+00:00,LPL/2026 Season/Grand Finals,5,Anyone's Legend,Invictus Gaming,elo,sweep_team2,0.1335,2026-09-11 10:09:44.824627+00:00,22.84,,,,,
LEC/2026 Season/Summer Playoffs_Round 1_4,2026-09-12 15:00:00+00:00,LEC/2026 Season/Summer Playoffs,5,Team Vitality,Movistar KOI,lolcast,series,0.6553,2026-09-11 10:09:44.824627+00:00,28.84,,,,,
LEC/2026 Season/Summer Playoffs_Round 1_4,2026-09-12 15:00:00+00:00,LEC/2026 Season/Summer Playoffs,5,Team Vitality,Movistar KOI,elo,series,0.593,2026-09-11 10:09:44.824627+00:00,28.84,,,,,
LEC/2026 Season/Summer Playoffs_Round 1_4,2026-09-12 15:00:00+00:00,LEC/2026 Season/Summer Playoffs,5,Team Vitality,Movistar KOI,polymarket,series,0.505,2026-09-11 10:09:44.824627+00:00,28.84,13600.7012,,,,
LEC/2026 Season/Summer Playoffs_Round 1_4,2026-09-12 15:00:00+00:00,LEC/2026 Season/Summer Playoffs,5,Team Vitality,Movistar KOI,lolcast,sweep_team1,0.1925,2026-09-11 10:09:44.824627+00:00,28.84,,,,,
LEC/2026 Season/Summer Playoffs_Round 1_4,2026-09-12 15:00:00+00:00,LEC/2026 Season/Summer Playoffs,5,Team Vitality,Movistar KOI,elo,sweep_team1,0.1597,2026-09-11 10:09:44.824627+00:00,28.84,,,,,
LEC/2026 Season/Summer Playoffs_Round 1_4,2026-09-12 15:00:00+00:00,LEC/2026 Season/Summer Playoffs,5,Team Vitality,Movistar KOI,lolcast,sweep_team2,0.0682,2026-09-11 10:09:44.824627+00:00,28.84,,,,,
LEC/2026 Season/Summer Playoffs_Round 1_4,2026-09-12 15:00:00+00:00,LEC/2026 Season/Summer Playoffs,5,Team Vitality,Movistar KOI,elo,sweep_team2,0.0867,2026-09-11 10:09:44.824627+00:00,28.84,,,,,
CBLOL/2026 Season/Split 2 Playoffs_Round 2_1,2026-09-12 16:00:00+00:00,CBLOL/2026 Season/Split 2 Playoffs,5,LØS,FURIA,lolcast,series,0.2912,2026-09-11 10:09:44.824627+00:00,29.84,,,,,
CBLOL/2026 Season/Split 2 Playoffs_Round 2_1,2026-09-12 16:00:00+00:00,CBLOL/2026 Season/Split 2 Playoffs,5,LØS,FURIA,elo,series,0.3596,2026-09-11 10:09:44.824627+00:00,29.84,,,,,
CBLOL/2026 Season/Split 2 Playoffs_Round 2_1,2026-09-12 16:00:00+00:00,CBLOL/2026 Season/Split 2 Playoffs,5,LØS,FURIA,lolcast,sweep_team1,0.0526,2026-09-11 10:09:44.824627+00:00,29.84,,,,,
CBLOL/2026 Season/Split 2 Playoffs_Round 2_1,2026-09-12 16:00:00+00:00,CBLOL/2026 Season/Split 2 Playoffs,5,LØS,FURIA,elo,sweep_team1,0.0723,2026-09-11 10:09:44.824627+00:00,29.84,,,,,
CBLOL/2026 Season/Split 2 Playoffs_Round 2_1,2026-09-12 16:00:00+00:00,CBLOL/2026 Season/Split 2 Playoffs,5,LØS,FURIA,lolcast,sweep_team2,0.2219,2026-09-11 10:09:44.824627+00:00,29.84,,,,,
CBLOL/2026 Season/Split 2 Playoffs_Round 2_1,2026-09-12 16:00:00+00:00,CBLOL/2026 Season/Split 2 Playoffs,5,LØS,FURIA,elo,sweep_team2,0.1839,2026-09-11 10:09:44.824627+00:00,29.84,,,,,
LCS/2026 Season/Summer Playoffs_Round 1_1,2026-09-12 20:00:00+00:00,LCS/2026 Season/Summer Playoffs,5,Cloud9,Shopify Rebellion,lolcast,series,0.8662,2026-09-11 10:09:44.824627+00:00,33.84,,,,,
LCS/2026 Season/Summer Playoffs_Round 1_1,2026-09-12 20:00:00+00:00,LCS/2026 Season/Summer Playoffs,5,Cloud9,Shopify Rebellion,elo,series,0.8472,2026-09-11 10:09:44.824627+00:00,33.84,,,,,
LCS/2026 Season/Summer Playoffs_Round 1_1,2026-09-12 20:00:00+00:00,LCS/2026 Season/Summer Playoffs,5,Cloud9,Shopify Rebellion,polymarket,series,0.675,2026-09-11 10:09:44.824627+00:00,33.84,5557.3489,,,,
LCS/2026 Season/Summer Playoffs_Round 1_1,2026-09-12 20:00:00+00:00,LCS/2026 Season/Summer Playoffs,5,Cloud9,Shopify Rebellion,lolcast,sweep_team1,0.3644,2026-09-11 10:09:44.824627+00:00,33.84,,,,,
LCS/2026 Season/Summer Playoffs_Round 1_1,2026-09-12 20:00:00+00:00,LCS/2026 Season/Summer Playoffs,5,Cloud9,Shopify Rebellion,elo,sweep_team1,0.3454,2026-09-11 10:09:44.824627+00:00,33.84,,,,,
LCS/2026 Season/Summer Playoffs_Round 1_1,2026-09-12 20:00:00+00:00,LCS/2026 Season/Summer Playoffs,5,Cloud9,Shopify Rebellion,lolcast,sweep_team2,0.0193,2026-09-11 10:09:44.824627+00:00,33.84,,,,,
LCS/2026 Season/Summer Playoffs_Round 1_1,2026-09-12 20:00:00+00:00,LCS/2026 Season/Summer Playoffs,5,Cloud9,Shopify Rebellion,elo,sweep_team2,0.0234,2026-09-11 10:09:44.824627+00:00,33.84,,,,,
CBLOL/2026 Season/Split 2 Playoffs_Round 2_2,2026-09-13 16:00:00+00:00,CBLOL/2026 Season/Split 2 Playoffs,5,LOUD,paiN Gaming,lolcast,series,0.8635,2026-09-11 10:09:44.824627+00:00,53.84,,,,,
CBLOL/2026 Season/Split 2 Playoffs_Round 2_2,2026-09-13 16:00:00+00:00,CBLOL/2026 Season/Split 2 Playoffs,5,LOUD,paiN Gaming,elo,series,0.824,2026-09-11 10:09:44.824627+00:00,53.84,,,,,
CBLOL/2026 Season/Split 2 Playoffs_Round 2_2,2026-09-13 16:00:00+00:00,CBLOL/2026 Season/Split 2 Playoffs,5,LOUD,paiN Gaming,lolcast,sweep_team1,0.3608,2026-09-11 10:09:44.824627+00:00,53.84,,,,,
CBLOL/2026 Season/Split 2 Playoffs_Round 2_2,2026-09-13 16:00:00+00:00,CBLOL/2026 Season/Split 2 Playoffs,5,LOUD,paiN Gaming,elo,sweep_team1,0.32,2026-09-11 10:09:44.824627+00:00,53.84,,,,,
CBLOL/2026 Season/Split 2 Playoffs_Round 2_2,2026-09-13 16:00:00+00:00,CBLOL/2026 Season/Split 2 Playoffs,5,LOUD,paiN Gaming,lolcast,sweep_team2,0.0197,2026-09-11 10:09:44.824627+00:00,53.84,,,,,
CBLOL/2026 Season/Split 2 Playoffs_Round 2_2,2026-09-13 16:00:00+00:00,CBLOL/2026 Season/Split 2 Playoffs,5,LOUD,paiN Gaming,elo,sweep_team2,0.0279,2026-09-11 10:09:44.824627+00:00,53.84,,,,,
LCS/2026 Season/Summer Playoffs_Round 1_2,2026-09-13 20:00:00+00:00,LCS/2026 Season/Summer Playoffs,5,Sentinels,FlyQuest,lolcast,series,0.4888,2026-09-11 10:09:44.824627+00:00,57.84,,,,,
LCS/2026 Season/Summer Playoffs_Round 1_2,2026-09-13 20:00:00+00:00,LCS/2026 Season/Summer Playoffs,5,Sentinels,FlyQuest,elo,series,0.451,2026-09-11 10:09:44.824627+00:00,57.84,,,,,
LCS/2026 Season/Summer Playoffs_Round 1_2,2026-09-13 20:00:00+00:00,LCS/2026 Season/Summer Playoffs,5,Sentinels,FlyQuest,polymarket,series,0.52,2026-09-11 10:09:44.824627+00:00,57.84,3886.5586,,,,
LCS/2026 Season/Summer Playoffs_Round 1_2,2026-09-13 20:00:00+00:00,LCS/2026 Season/Summer Playoffs,5,Sentinels,FlyQuest,lolcast,sweep_team1,0.1145,2026-09-11 10:09:44.824627+00:00,57.84,,,,,
LCS/2026 Season/Summer Playoffs_Round 1_2,2026-09-13 20:00:00+00:00,LCS/2026 Season/Summer Playoffs,5,Sentinels,FlyQuest,elo,sweep_team1,0.1014,2026-09-11 10:09:44.824627+00:00,57.84,,,,,
LCS/2026 Season/Summer Playoffs_Round 1_2,2026-09-13 20:00:00+00:00,LCS/2026 Season/Summer Playoffs,5,Sentinels,FlyQuest,lolcast,sweep_team2,0.1232,2026-09-11 10:09:44.824627+00:00,57.84,,,,,
LCS/2026 Season/Summer Playoffs_Round 1_2,2026-09-13 20:00:00+00:00,LCS/2026 Season/Summer Playoffs,5,Sentinels,FlyQuest,elo,sweep_team2,0.1395,2026-09-11 10:09:44.824627+00:00,57.84,,,,,
LPL/2026 Season/Regional Finals_Round 1_2,2026-09-18 09:00:00+00:00,LPL/2026 Season/Regional Finals,5,Team WE,JD Gaming,lolcast,series,0.5061,2026-09-11 10:09:44.824627+00:00,166.84,,,,,
LPL/2026 Season/Regional Finals_Round 1_2,2026-09-18 09:00:00+00:00,LPL/2026 Season/Regional Finals,5,Team WE,JD Gaming,elo,series,0.5085,2026-09-11 10:09:44.824627+00:00,166.84,,,,,
LPL/2026 Season/Regional Finals_Round 1_2,2026-09-18 09:00:00+00:00,LPL/2026 Season/Regional Finals,5,Team WE,JD Gaming,polymarket,series,0.5,2026-09-11 10:09:44.824627+00:00,166.84,3223.6893,,,,
LPL/2026 Season/Regional Finals_Round 1_2,2026-09-18 09:00:00+00:00,LPL/2026 Season/Regional Finals,5,Team WE,JD Gaming,lolcast,sweep_team1,0.1215,2026-09-11 10:09:44.824627+00:00,166.84,,,,,
LPL/2026 Season/Regional Finals_Round 1_2,2026-09-18 09:00:00+00:00,LPL/2026 Season/Regional Finals,5,Team WE,JD Gaming,elo,sweep_team1,0.1228,2026-09-11 10:09:44.824627+00:00,166.84,,,,,
LPL/2026 Season/Regional Finals_Round 1_2,2026-09-18 09:00:00+00:00,LPL/2026 Season/Regional Finals,5,Team WE,JD Gaming,lolcast,sweep_team2,0.1168,2026-09-11 10:09:44.824627+00:00,166.84,,,,,
LPL/2026 Season/Regional Finals_Round 1_2,2026-09-18 09:00:00+00:00,LPL/2026 Season/Regional Finals,5,Team WE,JD Gaming,elo,sweep_team2,0.1162,2026-09-11 10:09:44.824627+00:00,166.84,,,,,
LEC/2026 Season/Summer Playoffs_Round 1_4,2026-09-12T15:00:00+00:00,LEC/2026 Season/Summer Playoffs,5,Team Vitality,Movistar KOI,lolcast,series,0.6459,2026-09-12T09:44:21.512698+00:00,5.26,,,,,
LEC/2026 Season/Summer Playoffs_Round 1_4,2026-09-12T15:00:00+00:00,LEC/2026 Season/Summer Playoffs,5,Team Vitality,Movistar KOI,elo,series,0.5931,2026-09-12T09:44:21.512698+00:00,5.26,,,,,
LEC/2026 Season/Summer Playoffs_Round 1_4,2026-09-12T15:00:00+00:00,LEC/2026 Season/Summer Playoffs,5,Team Vitality,Movistar KOI,polymarket,series,0.475,2026-09-12T09:44:21.512698+00:00,5.26,17717.0764,,,,
LEC/2026 Season/Summer Playoffs_Round 1_4,2026-09-12T15:00:00+00:00,LEC/2026 Season/Summer Playoffs,5,Team Vitality,Movistar KOI,lolcast,sweep_team1,0.1882,2026-09-12T09:44:21.512698+00:00,5.26,,,,,
LEC/2026 Season/Summer Playoffs_Round 1_4,2026-09-12T15:00:00+00:00,LEC/2026 Season/Summer Playoffs,5,Team Vitality,Movistar KOI,elo,sweep_team1,0.1596,2026-09-12T09:44:21.512698+00:00,5.26,,,,,
LEC/2026 Season/Summer Playoffs_Round 1_4,2026-09-12T15:00:00+00:00,LEC/2026 Season/Summer Playoffs,5,Team Vitality,Movistar KOI,lolcast,sweep_team2,0.0714,2026-09-12T09:44:21.512698+00:00,5.26,,,,,
LEC/2026 Season/Summer Playoffs_Round 1_4,2026-09-12T15:00:00+00:00,LEC/2026 Season/Summer Playoffs,5,Team Vitality,Movistar KOI,elo,sweep_team2,0.0867,2026-09-12T09:44:21.512698+00:00,5.26,,,,,
CBLOL/2026 Season/Split 2 Playoffs_Round 2_1,2026-09-12T16:00:00+00:00,CBLOL/2026 Season/Split 2 Playoffs,5,LØS,FURIA,lolcast,series,0.2912,2026-09-12T09:44:21.512698+00:00,6.26,,,,,
CBLOL/2026 Season/Split 2 Playoffs_Round 2_1,2026-09-12T16:00:00+00:00,CBLOL/2026 Season/Split 2 Playoffs,5,LØS,FURIA,elo,series,0.3596,2026-09-12T09:44:21.512698+00:00,6.26,,,,,
CBLOL/2026 Season/Split 2 Playoffs_Round 2_1,2026-09-12T16:00:00+00:00,CBLOL/2026 Season/Split 2 Playoffs,5,LØS,FURIA,lolcast,sweep_team1,0.0527,2026-09-12T09:44:21.512698+00:00,6.26,,,,,
CBLOL/2026 Season/Split 2 Playoffs_Round 2_1,2026-09-12T16:00:00+00:00,CBLOL/2026 Season/Split 2 Playoffs,5,LØS,FURIA,elo,sweep_team1,0.0723,2026-09-12T09:44:21.512698+00:00,6.26,,,,,
CBLOL/2026 Season/Split 2 Playoffs_Round 2_1,2026-09-12T16:00:00+00:00,CBLOL/2026 Season/Split 2 Playoffs,5,LØS,FURIA,lolcast,sweep_team2,0.2221,2026-09-12T09:44:21.512698+00:00,6.26,,,,,
CBLOL/2026 Season/Split 2 Playoffs_Round 2_1,2026-09-12T16:00:00+00:00,CBLOL/2026 Season/Split 2 Playoffs,5,LØS,FURIA,elo,sweep_team2,0.1839,2026-09-12T09:44:21.512698+00:00,6.26,,,,,
LCS/2026 Season/Summer Playoffs_Round 1_1,2026-09-12T20:00:00+00:00,LCS/2026 Season/Summer Playoffs,5,Cloud9,Shopify Rebellion,lolcast,series,0.867,2026-09-12T09:44:21.512698+00:00,10.26,,,,,
LCS/2026 Season/Summer Playoffs_Round 1_1,2026-09-12T20:00:00+00:00,LCS/2026 Season/Summer Playoffs,5,Cloud9,Shopify Rebellion,elo,series,0.8472,2026-09-12T09:44:21.512698+00:00,10.26,,,,,
LCS/2026 Season/Summer Playoffs_Round 1_1,2026-09-12T20:00:00+00:00,LCS/2026 Season/Summer Playoffs,5,Cloud9,Shopify Rebellion,polymarket,series,0.705,2026-09-12T09:44:21.512698+00:00,10.26,23709.1303,,,,
LCS/2026 Season/Summer Playoffs_Round 1_1,2026-09-12T20:00:00+00:00,LCS/2026 Season/Summer Playoffs,5,Cloud9,Shopify Rebellion,lolcast,sweep_team1,0.3656,2026-09-12T09:44:21.512698+00:00,10.26,,,,,
LCS/2026 Season/Summer Playoffs_Round 1_1,2026-09-12T20:00:00+00:00,LCS/2026 Season/Summer Playoffs,5,Cloud9,Shopify Rebellion,elo,sweep_team1,0.3454,2026-09-12T09:44:21.512698+00:00,10.26,,,,,
LCS/2026 Season/Summer Playoffs_Round 1_1,2026-09-12T20:00:00+00:00,LCS/2026 Season/Summer Playoffs,5,Cloud9,Shopify Rebellion,lolcast,sweep_team2,0.0191,2026-09-12T09:44:21.512698+00:00,10.26,,,,,
LCS/2026 Season/Summer Playoffs_Round 1_1,2026-09-12T20:00:00+00:00,LCS/2026 Season/Summer Playoffs,5,Cloud9,Shopify Rebellion,elo,sweep_team2,0.0234,2026-09-12T09:44:21.512698+00:00,10.26,,,,,
LCK/2026 Season/Season Playoffs_Finals_1,2026-09-13T05:00:00+00:00,LCK/2026 Season/Season Playoffs,5,Gen.G,Hanwha Life Esports,lolcast,series,0.6956,2026-09-12T09:44:21.512698+00:00,19.26,,,,,
LCK/2026 Season/Season Playoffs_Finals_1,2026-09-13T05:00:00+00:00,LCK/2026 Season/Season Playoffs,5,Gen.G,Hanwha Life Esports,elo,series,0.6462,2026-09-12T09:44:21.512698+00:00,19.26,,,,,
LCK/2026 Season/Season Playoffs_Finals_1,2026-09-13T05:00:00+00:00,LCK/2026 Season/Season Playoffs,5,Gen.G,Hanwha Life Esports,lolcast,sweep_team1,0.2148,2026-09-12T09:44:21.512698+00:00,19.26,,,,,
LCK/2026 Season/Season Playoffs_Finals_1,2026-09-13T05:00:00+00:00,LCK/2026 Season/Season Playoffs,5,Gen.G,Hanwha Life Esports,elo,sweep_team1,0.187,2026-09-12T09:44:21.512698+00:00,19.26,,,,,
LCK/2026 Season/Season Playoffs_Finals_1,2026-09-13T05:00:00+00:00,LCK/2026 Season/Season Playoffs,5,Gen.G,Hanwha Life Esports,lolcast,sweep_team2,0.0565,2026-09-12T09:44:21.512698+00:00,19.26,,,,,
LCK/2026 Season/Season Playoffs_Finals_1,2026-09-13T05:00:00+00:00,LCK/2026 Season/Season Playoffs,5,Gen.G,Hanwha Life Esports,elo,sweep_team2,0.0706,2026-09-12T09:44:21.512698+00:00,19.26,,,,,
CBLOL/2026 Season/Split 2 Playoffs_Round 2_2,2026-09-13T16:00:00+00:00,CBLOL/2026 Season/Split 2 Playoffs,5,LOUD,paiN Gaming,lolcast,series,0.8616,2026-09-12T09:44:21.512698+00:00,30.26,,,,,
CBLOL/2026 Season/Split 2 Playoffs_Round 2_2,2026-09-13T16:00:00+00:00,CBLOL/2026 Season/Split 2 Playoffs,5,LOUD,paiN Gaming,elo,series,0.824,2026-09-12T09:44:21.512698+00:00,30.26,,,,,
CBLOL/2026 Season/Split 2 Playoffs_Round 2_2,2026-09-13T16:00:00+00:00,CBLOL/2026 Season/Split 2 Playoffs,5,LOUD,paiN Gaming,polymarket,series,0.68,2026-09-12T09:44:21.512698+00:00,30.26,2474.3053,,,,
CBLOL/2026 Season/Split 2 Playoffs_Round 2_2,2026-09-13T16:00:00+00:00,CBLOL/2026 Season/Split 2 Playoffs,5,LOUD,paiN Gaming,lolcast,sweep_team1,0.3588,2026-09-12T09:44:21.512698+00:00,30.26,,,,,
CBLOL/2026 Season/Split 2 Playoffs_Round 2_2,2026-09-13T16:00:00+00:00,CBLOL/2026 Season/Split 2 Playoffs,5,LOUD,paiN Gaming,elo,sweep_team1,0.3199,2026-09-12T09:44:21.512698+00:00,30.26,,,,,
CBLOL/2026 Season/Split 2 Playoffs_Round 2_2,2026-09-13T16:00:00+00:00,CBLOL/2026 Season/Split 2 Playoffs,5,LOUD,paiN Gaming,lolcast,sweep_team2,0.0201,2026-09-12T09:44:21.512698+00:00,30.26,,,,,
CBLOL/2026 Season/Split 2 Playoffs_Round 2_2,2026-09-13T16:00:00+00:00,CBLOL/2026 Season/Split 2 Playoffs,5,LOUD,paiN Gaming,elo,sweep_team2,0.0279,2026-09-12T09:44:21.512698+00:00,30.26,,,,,
LCS/2026 Season/Summer Playoffs_Round 1_2,2026-09-13T20:00:00+00:00,LCS/2026 Season/Summer Playoffs,5,Sentinels,FlyQuest,lolcast,series,0.488,2026-09-12T09:44:21.512698+00:00,34.26,,,,,
LCS/2026 Season/Summer Playoffs_Round 1_2,2026-09-13T20:00:00+00:00,LCS/2026 Season/Summer Playoffs,5,Sentinels,FlyQuest,elo,series,0.451,2026-09-12T09:44:21.512698+00:00,34.26,,,,,
LCS/2026 Season/Summer Playoffs_Round 1_2,2026-09-13T20:00:00+00:00,LCS/2026 Season/Summer Playoffs,5,Sentinels,FlyQuest,polymarket,series,0.52,2026-09-12T09:44:21.512698+00:00,34.26,6094.3045,,,,
LCS/2026 Season/Summer Playoffs_Round 1_2,2026-09-13T20:00:00+00:00,LCS/2026 Season/Summer Playoffs,5,Sentinels,FlyQuest,lolcast,sweep_team1,0.1141,2026-09-12T09:44:21.512698+00:00,34.26,,,,,
LCS/2026 Season/Summer Playoffs_Round 1_2,2026-09-13T20:00:00+00:00,LCS/2026 Season/Summer Playoffs,5,Sentinels,FlyQuest,elo,sweep_team1,0.1014,2026-09-12T09:44:21.512698+00:00,34.26,,,,,
LCS/2026 Season/Summer Playoffs_Round 1_2,2026-09-13T20:00:00+00:00,LCS/2026 Season/Summer Playoffs,5,Sentinels,FlyQuest,lolcast,sweep_team2,0.1234,2026-09-12T09:44:21.512698+00:00,34.26,,,,,
LCS/2026 Season/Summer Playoffs_Round 1_2,2026-09-13T20:00:00+00:00,LCS/2026 Season/Summer Playoffs,5,Sentinels,FlyQuest,elo,sweep_team2,0.1395,2026-09-12T09:44:21.512698+00:00,34.26,,,,,
LPL/2026 Season/Regional Finals_Round 1_2,2026-09-18T09:00:00+00:00,LPL/2026 Season/Regional Finals,5,Team WE,JD Gaming,lolcast,series,0.5048,2026-09-12T09:44:21.512698+00:00,143.26,,,,,
LPL/2026 Season/Regional Finals_Round 1_2,2026-09-18T09:00:00+00:00,LPL/2026 Season/Regional Finals,5,Team WE,JD Gaming,elo,series,0.5086,2026-09-12T09:44:21.512698+00:00,143.26,,,,,
LPL/2026 Season/Regional Finals_Round 1_2,2026-09-18T09:00:00+00:00,LPL/2026 Season/Regional Finals,5,Team WE,JD Gaming,polymarket,series,0.425,2026-09-12T09:44:21.512698+00:00,143.26,5112.0909,,,,
LPL/2026 Season/Regional Finals_Round 1_2,2026-09-18T09:00:00+00:00,LPL/2026 Season/Regional Finals,5,Team WE,JD Gaming,lolcast,sweep_team1,0.1211,2026-09-12T09:44:21.512698+00:00,143.26,,,,,
LPL/2026 Season/Regional Finals_Round 1_2,2026-09-18T09:00:00+00:00,LPL/2026 Season/Regional Finals,5,Team WE,JD Gaming,elo,sweep_team1,0.1228,2026-09-12T09:44:21.512698+00:00,143.26,,,,,
LPL/2026 Season/Regional Finals_Round 1_2,2026-09-18T09:00:00+00:00,LPL/2026 Season/Regional Finals,5,Team WE,JD Gaming,lolcast,sweep_team2,0.1174,2026-09-12T09:44:21.512698+00:00,143.26,,,,,
LPL/2026 Season/Regional Finals_Round 1_2,2026-09-18T09:00:00+00:00,LPL/2026 Season/Regional Finals,5,Team WE,JD Gaming,elo,sweep_team2,0.1161,2026-09-12T09:44:21.512698+00:00,143.26,,,,,
